date,TEU-ENG,TEU-USA,TEU-WGT,TEU-SCA,TMU-ENG,TMU-USA,TMU-WGT,TMU-SCA
2011-06-01 00:00:00,34.9773137427116,39.4429669178855,30.3487282592765,104.105534334263,41.8145879111345,65.62082439314,57.7048970709919,166.454923500092
2011-06-02 00:00:00,73.563816713542,91.0055089273154,78.2424053429622,201.50962236646,67.6028784109683,63.1219222330919,52.4204944861417,132.309088833465
2011-06-03 00:00:00,43.8980073171457,71.3437457504746,58.3189903535825,164.992416549396,47.1301415878771,65.9566858558722,56.6999729062033,145.117299314577
2011-06-04 00:00:00,70.4360147608324,129.990483573239,105.572417742378,321.743321838272,39.6389141009901,27.3404888938595,27.0909638925973,65.024719793455
2011-06-05 00:00:00,114.788233815509,214.36884771213,176.40593978579,436.80502596763,32.9313583021404,69.6830659031916,61.2666933553157,134.68957477083
2011-06-06 00:00:00,55.7222940611956,82.9040786061695,67.4272759110048,187.926085773463,24.2508824608176,34.7874235540993,29.6485258042149,74.9344631080522
2011-06-07 00:00:00,194.508766127119,229.634709503463,182.802970165542,599.49546342568,62.6115602383648,84.1920664589425,76.7563912851384,210.211821853075
2011-06-08 00:00:00,59.1283160888696,94.6631206029251,79.5942944998828,246.067626608259,47.0414114000264,60.5730686705908,54.7118917773907,151.322657727357
2011-06-09 00:00:00,63.1783367069243,77.6223458497691,68.2000643022211,206.251025245671,29.9603665684973,37.8731533398552,31.452296691685,95.2625439600946
2011-06-10 00:00:00,87.7960146342913,99.2608636528343,85.6373794387903,202.226730014995,50.7555370946369,45.8829118997372,39.8714615048692,88.9331689381256
2011-06-11 00:00:00,72.3396908354495,129.990483573239,118.099606125156,296.99383554302,41.6208598060396,47.8458555642541,55.0800616991438,105.039931974043
2011-06-12 00:00:00,71.0593828381719,100.879457746885,98.1770254013424,303.864365890525,39.8642758394331,38.0089450381045,31.7308027634109,108.603451593871
2011-06-13 00:00:00,79.7405242599869,162.847297262119,145.244493022603,409.515270616837,77.6028238746163,101.68631500429,82.9331682365968,242.996612338371
2011-06-14 00:00:00,63.6411170277671,91.8538838013853,77.6571632505305,213.518932179009,24.081369322448,21.7269848926303,21.5308383652489,48.3032025468843
2011-06-15 00:00:00,31.6461410053105,39.4429669178855,32.3719768098949,96.6694247389589,55.2549911682849,63.0969465318654,51.6941298720615,148.620467410797
2011-06-16 00:00:00,53.6583133675247,53.5326523101856,50.8798681743872,128.412994645293,161.325050753447,169.166751584686,141.713486164606,384.137387913159
2011-06-17 00:00:00,55.1277301192062,65.1399417721725,61.1418722975463,157.010542141924,92.4475854223744,100.368869780675,85.5488495942046,230.161546371557
2011-06-18 00:00:00,26.6514650446393,55.710207245674,48.1860792938647,113.334242526201,27.7472398706931,41.0107333407893,38.9082748905984,80.1674627590542
2011-06-19 00:00:00,29.1525673182244,50.4397288734423,40.8052348837126,120.497938197967,41.5975052237563,44.3437692111219,37.019269890646,100.48940061272
2011-06-20 00:00:00,44.1935435657759,38.4911793528644,30.7847581245326,91.1007233029968,74.3693728798406,93.6584480302674,84.0066139099021,210.647218126142
2011-06-21 00:00:00,61.8484095058581,106.206053145352,99.4249853791472,217.13653456909,31.3057801191824,40.7380966736818,33.6947145546406,79.6566367301782
2011-06-22 00:00:00,77.4497661445757,97.2926517307841,80.434018518751,238.451247689432,57.49505837781,78.2402136995131,67.7294163392641,184.289379589388
2011-06-23 00:00:00,51.0619433658703,69.5924480032412,60.9602035616421,152.145016440499,50.7021588082262,73.2214297903866,64.1311543251161,151.535776679138
2011-06-24 00:00:00,56.1486140103026,68.2418437613236,66.559046496317,142.421873882512,50.7555370946369,71.6920498433394,62.9144116084043,142.347297843036
2011-06-25 00:00:00,39.9771975669589,55.710207245674,45.2453218895904,133.441930716334,27.7472398706931,47.8458555642541,41.3605884930037,110.122509327626
2011-06-26 00:00:00,41.9068155199475,75.6595933101634,70.9342421569874,174.722010387052,34.6645876864636,31.6741208650871,26.4423356361757,69.3855385183064
2011-06-27 00:00:00,53.8008356452924,76.9823587057288,60.2439381257787,160.905173626072,37.9930491886142,48.1672018441375,41.4665841182984,95.6705732788119
2011-06-28 00:00:00,54.6775794182224,91.8538838013853,76.3956712319782,219.533549986869,38.5301909159168,38.022223562103,32.7624098834624,86.91174824457
2011-06-29 00:00:00,37.4756932957625,47.3315603014625,39.6252469935004,101.502895975907,22.4006720952506,20.1910228901969,17.7516866583623,41.6137308750231
2011-06-30 00:00:00,51.9274000330885,66.9158153877319,56.359974477405,186.405959968974,21.5100067671263,45.4477840078262,38.9693169717681,119.846426272377
2011-07-01 00:00:00,72.4827562678452,93.0570596745321,72.3862283603724,206.822792060791,36.2539550675978,25.8091379436022,24.4492426910692,54.5726263938498
2011-07-02 00:00:00,47.5919018654273,80.4702993548624,65.3543538405195,243.887066116474,11.891674230297,13.6702444469298,11.8173109980011,39.8110529347684
2011-07-03 00:00:00,36.4407091477805,69.3546272009831,59.0908894951161,141.319273107174,36.3978170707868,31.6741208650871,26.4423356361757,61.2225339867409
2011-07-04 00:00:00,37.4684391101143,41.4520393030848,31.7252707705728,98.1084712493812,20.209068717348,16.0557339480458,13.0947107741995,36.1109516787673
2011-07-05 00:00:00,25.9942590676795,28.7043386879329,23.5483065633654,70.5927629033862,40.1356155374134,51.601589119997,44.9262860728541,121.370546979218
2011-07-06 00:00:00,66.6234547480221,92.033589475066,97.0076594123796,183.596969465465,47.0414114000264,53.001435086767,44.6326341918343,101.614924229708
2011-07-07 00:00:00,49.331030031434,69.5924480032412,66.4403098646599,108.283390079274,26.8875084589078,42.9229071185025,38.0990581340686,63.2222889344772
2011-07-08 00:00:00,143.944628644594,263.661669077841,252.796763713189,564.022989182448,92.4475854223744,111.839597755609,98.975507468406,227.613329251015
2011-07-09 00:00:00,72.3396908354495,92.8503454094566,91.1405828587955,208.924234959917,43.6028055110891,34.1756111173244,29.5432774950027,73.8917270380171
2011-07-10 00:00:00,47.3729218921146,81.9645594193437,71.409161046497,214.281710852045,69.3291753729272,107.692010941296,92.9974961187266,267.068865240274
2011-07-11 00:00:00,64.3688569327605,136.199557710136,125.790188744703,327.167695168512,99.4286180893521,112.390137636321,95.1220796752124,256.54944774766
2011-07-12 00:00:00,67.2265320715849,80.3721483262121,66.5336913621034,148.244802097111,59.4007109953718,89.6238126821,74.1283720202093,158.101107249245
2011-07-13 00:00:00,79.9481456976266,134.106087520811,111.126547290909,242.182348293392,36.5877644222427,50.4775572254923,41.3553038976492,87.6078544737328
2011-07-14 00:00:00,73.563816713542,66.9158153877319,57.6000917658905,165.102421686806,33.0332246780868,45.4477840078262,37.742756030022,106.149691841248
2011-07-15 00:00:00,91.879550198677,114.77037359859,92.0992302550897,211.196464007596,125.076144983212,154.854827661613,129.819945096006,271.102724666222
2011-07-16 00:00:00,91.3764515816204,117.610437518645,105.572417742378,317.564837139074,61.4403168565347,82.0214666815785,70.9038659880064,212.808173869489
2011-07-17 00:00:00,61.9492055512268,107.184423856065,89.6948156579006,232.052670045303,51.9968815296954,38.0089450381045,34.82435771914,78.0587308330946
2011-07-18 00:00:00,72.0546905963737,124.356117909254,105.950818989557,294.325413748144,176.223079215275,251.539831852718,211.533731096372,565.738242967354
2011-07-19 00:00:00,67.2265320715849,74.6312805886255,62.6694737705288,186.240318600992,51.3735878878891,65.1809546778909,57.971430500602,155.564725849524
2011-07-20 00:00:00,69.9546274854232,81.5154649636299,76.7313219303961,202.678890515498,73.1755288444854,70.6685801156893,60.3165556553141,168.867313695746
2011-07-21 00:00:00,71.8329033791057,85.6522436962969,78.8000368385518,150.950785542222,79.1260963219288,88.3706911263287,75.8418141640906,147.430127557289
2011-07-22 00:00:00,74.524524050038,96.1589616636832,82.4477331403733,245.614927686123,51.6618859713269,54.4859578809379,52.3003389092712,132.404232859374
2011-07-23 00:00:00,55.2066061638956,80.4702993548624,82.9088002110305,209.657302451004,37.6569683959406,61.5161000111839,53.1778994910048,154.005915300288
2011-07-24 00:00:00,122.076375645065,214.36884771213,208.4656040207,464.105340090607,117.859598133976,158.370604325435,132.211678180879,325.244711804561
2011-07-25 00:00:00,99.9158376269715,148.042997511017,139.024733070814,410.79901754667,115.595873063231,128.445871584367,115.134998961044,338.695822642231
2011-07-26 00:00:00,110.251512597399,155.003428914838,142.781115205402,316.901969371105,144.488215934688,171.100006029464,154.113627418516,334.557874266748
2011-07-27 00:00:00,147.404393629999,231.398739251595,201.795965133771,409.26711779518,88.8559993111609,138.813282370104,131.951915701044,235.954144136729
2011-07-28 00:00:00,126.356673413849,248.926833242363,249.240727583312,537.408382590552,137.510400404129,207.039904924542,190.814013763215,423.12446608942
2011-07-29 00:00:00,212.343849348054,381.533944665582,359.584958569455,1053.12831376761,202.115799501858,295.371245354558,258.826780029465,775.655017795023
2011-07-30 00:00:00,87.5690994323862,167.130621737022,169.490210079054,349.580269200537,51.5305883312871,95.6917111285083,86.1775188826027,192.326636008811
2011-07-31 00:00:00,142.118765676344,245.893678258031,227.80429320048,549.528903636696,119.592827518299,177.375076844488,158.161607792694,376.02485390566
2011-08-01 00:00:00,178.695632679007,302.007714922475,289.134547017238,694.367710801743,149.547108508375,189.992851718542,169.443501594975,415.103987393067
2011-08-02 00:00:00,132.660356621261,149.262561177251,119.926356426554,305.164859394397,145.290928245436,190.111117810515,167.122962128248,371.730971407498
2011-08-03 00:00:00,90.7744570941802,107.81077624222,89.3667367400929,253.37100365371,79.149041403219,83.2879694220624,68.2362514311212,188.116865599419
2011-08-04 00:00:00,151.454916763175,254.280098473381,234.643807642543,434.824199690003,118.305037219195,212.089658703189,191.972592709257,343.322435658163
2011-08-05 00:00:00,138.840209189112,195.419825316518,178.683222312381,367.508192046482,198.490403995098,235.149923486153,204.754721991078,420.722299207287
2011-08-06 00:00:00,220.826424655583,259.980967146478,219.967107697578,470.843885616983,140.718145058515,198.218544480481,178.263693264206,344.948208660402
2011-08-07 00:00:00,184.025581196291,201.758915493769,169.188322594873,388.271134193449,169.856479663672,196.37954936354,185.502586213092,358.49194901125
2011-08-08 00:00:00,244.025218819719,304.968574872695,274.323257872173,557.753029732683,275.651697304627,318.438723302909,287.410406177534,553.427691258683
2011-08-09 00:00:00,397.981069863783,620.013715659351,515.348020173919,1267.60787748442,240.010980913732,320.473027166297,282.106954813596,626.632208944068
2011-08-10 00:00:00,319.792582790506,510.129038804652,429.930421899961,1122.02631449151,183.685511181055,244.816152543638,215.557781889504,517.504089086826
2011-08-11 00:00:00,226.749646811153,358.668770478243,327.65363740779,884.948980241278,164.397908863037,174.216505363334,153.42414600358,406.907152058119
2011-08-12 00:00:00,234.803294952175,310.190198915107,254.581822257157,671.955906695396,113.293609586243,117.574961743077,102.785873113274,242.3147419485
2011-08-13 00:00:00,249.381565774839,365.211358610529,323.453024856498,732.928802643168,47.5666969211881,61.5161000111839,70.35371459374,118.626178001573
2011-08-14 00:00:00,238.686644917962,283.723474913113,229.529446220883,561.606461958382,86.661469216159,82.3527142492264,71.843627609786,154.63062869794
2011-08-15 00:00:00,230.575009908396,254.633955718949,219.259046879758,471.049540120182,59.81884340335,74.9267584242139,62.3853027397137,131.715042138645
2011-08-16 00:00:00,155.965554406077,221.023407897083,183.559032556216,487.090064033365,89.1010664930577,111.35079757473,96.3823620697481,234.693969517573
2011-08-17 00:00:00,99.9351821220332,163.03092992726,147.896413216343,310.774298790431,86.6159321016358,88.3357251446116,75.6491121150712,161.83117562509
2011-08-18 00:00:00,158.37857010092,182.011017854631,154.239961881352,419.140014522237,129.060040602758,156.542367138068,132.455948209124,341.251601919272
2011-08-19 00:00:00,175.592029268583,257.457865099539,239.473836035036,638.552881188653,196.677706241718,252.356015448555,224.171976756998,595.465565933537
2011-08-20 00:00:00,201.789663909412,210.460782928102,173.867528987171,411.250862500047,87.2056110221782,143.537566692762,130.994449272202,269.510351775504
2011-08-21 00:00:00,91.1017728694512,163.929118838687,152.636125382587,428.56342170409,192.388461659873,196.37954936354,163.94248094429,487.007930732263
2011-08-22 00:00:00,147.952298024554,189.495036814102,161.226024343801,358.79669485488,77.6028238746163,93.6584480302674,78.9391177697291,168.517774500914
2011-08-23 00:00:00,103.080682509764,132.039957964491,107.163361324237,260.536545878311,75.4549572103371,86.9079395705212,77.6886959563165,164.006222601049
2011-08-24 00:00:00,123.253391283841,147.253743160106,122.08251406287,371.513867624234,97.0695790794195,111.050625896083,96.6781290676185,269.26531742662
2011-08-25 00:00:00,87.4111233890322,109.74193723588,89.0397693051776,287.178151661292,69.9075219931604,78.271183569034,75.2136902399525,193.89295563595
2011-08-26 00:00:00,93.9213179808698,111.668471609439,99.7478607564115,238.880324830213,65.257119121676,65.9566858558722,62.9144116084043,134.233501865983
2011-08-27 00:00:00,78.0507190593007,74.2802763275653,63.2678532570615,147.082661411782,69.3680996767327,47.8458555642541,47.2692439920043,91.0346077108371
2011-08-28 00:00:00,74.70345375295,75.6595933101634,64.1915438555802,163.801884737861,84.9282398318358,82.3527142492264,81.0295130556725,169.127250138372
2011-08-29 00:00:00,133.541359905279,124.356117909254,105.950818989557,256.591386344535,48.5017649216352,61.5469801341757,53.655495556914,120.678479541863
2011-08-30 00:00:00,95.0134986611733,140.651259570871,116.440170030316,361.627471782347,81.073943385575,86.9079395705212,78.4118476406065,213.7050779347
2011-08-31 00:00:00,98.2695957533327,139.365149776529,120.509220656389,251.679695285289,61.9751927968601,78.2402136995131,65.3102861406589,135.792174434286
2011-09-01 00:00:00,94.3347767267774,107.065304620371,90.640126663368,243.308831959503,61.4571621917894,55.5472915651209,46.1300351478047,119.495998125382
2011-09-02 00:00:00,102.088389109641,145.7893934901,135.583264011841,324.022374228572,77.9460033953353,108.971915761876,99.3840195861408,230.417755885144
2011-09-03 00:00:00,59.0139583131298,99.0403684367537,83.3768852079905,210.118087731116,57.4764254464356,75.1863444581137,71.9078942821962,153.272553798858
2011-09-04 00:00:00,51.0169928068927,44.134762764262,35.7045805232485,100.250333828636,38.13104645511,44.3437692111219,40.1128248463751,95.5472989432415
2011-09-05 00:00:00,58.6044816850506,62.1780589546271,53.9496272309575,142.958058106241,59.0104806546561,45.4912461861299,37.1016805268986,99.391095572988
2011-09-06 00:00:00,105.769743792627,183.707767602771,163.710314906941,404.854079196563,65.8224094813579,81.4761933473637,72.9869143621429,171.727294768956
2011-09-07 00:00:00,128.250150389943,226.139676995877,187.620223339679,554.238035170031,80.6424195429023,88.3357251446116,76.3147838249341,208.068654375116
2011-09-08 00:00:00,316.75714020184,366.698668324771,316.743334719608,772.357182427544,50.7021588082262,42.9229071185025,36.8724971923225,85.5813911186216
2011-09-09 00:00:00,147.007280317883,186.114119349064,147.595338664708,379.175118778116,216.617381528897,321.18038329816,289.412517821737,622.532182566879
2011-09-10 00:00:00,79.9543951339178,99.0403684367537,95.049816769953,267.423020748694,43.6028055110891,41.0107333407893,35.4519329940032,106.404086934745
2011-09-11 00:00:00,87.4577019546731,81.9645594193437,72.2758897460556,180.26874087553,39.8642758394331,31.6741208650871,37.019269890646,66.0814652555299
2011-09-12 00:00:00,137.384276737086,153.964717411458,128.99679216007,235.994254651573,80.836274869392,80.2786697402292,77.8301116473345,116.930700674104
2011-09-13 00:00:00,112.044220119308,146.392127308458,124.532339923933,310.51991582127,145.290928245436,122.214290021046,103.712162928851,247.93128182268
2011-09-14 00:00:00,126.584564021242,128.847025265093,102.997292614056,266.326206308939,76.9089741936939,78.2402136995131,66.8341579461016,155.424777966954
2011-09-15 00:00:00,124.625760079412,133.831630775464,108.479959940278,312.355932920984,76.0532382123393,100.995075572947,88.4227328407646,223.137490356978
2011-09-16 00:00:00,79.6289435055201,105.464667631136,91.2399000158863,196.181909280851,46.2237927111872,57.3536398746715,55.8437771675047,101.499812375035
2011-09-17 00:00:00,34.2661693431076,55.710207245674,48.1860792938647,107.446749407957,55.4944797413861,54.680977787719,50.7255858885995,101.337225652138
2011-09-18 00:00:00,92.9238083268402,126.099322183606,130.500050541613,210.50844624946,97.0608455220981,69.6830659031916,58.1731383995866,110.348085354415
2011-09-19 00:00:00,112.405317330343,139.160417660356,123.483485305095,324.590759951369,135.804941780579,131.121827242374,109.122589784996,290.632103849402
2011-09-20 00:00:00,108.45880507549,146.392127308458,142.423382583702,318.481964944892,92.3119157360507,97.7714320168364,82.181324563602,203.430795341686
2011-09-21 00:00:00,135.745289049095,139.365149776529,109.599222246277,259.886641870679,52.2682348889182,68.1447022544146,57.039225361129,122.127253654959
2011-09-22 00:00:00,138.473066754903,176.657752623612,159.4745103211,367.601536478574,107.550033835631,113.619460019565,98.0365729002934,223.809591231548
2011-09-23 00:00:00,159.25788701104,210.929335262273,178.781286311409,392.363818561703,162.2364489275,157.722509655347,134.628091210673,279.124484031345
2011-09-24 00:00:00,85.6654233577691,99.0403684367537,89.5221672722976,226.281017556587,61.4403168565347,20.5053666703946,17.7259664970016,45.0171137031612
2011-09-25 00:00:00,145.762836591122,132.404288292786,113.081124629768,265.88132015421,103.993763059391,63.3482417301742,52.8846712723515,120.670501770968
2011-09-26 00:00:00,174.8527158472,180.612456963441,152.546726743741,354.489493678078,80.0279121206981,64.2229357921834,56.5405399013871,119.782668983228
2011-09-27 00:00:00,167.618153298485,198.059936946737,169.080394730469,430.887364337207,94.7200526682955,92.3396857936788,80.3167152212456,192.12908448937
2011-09-28 00:00:00,104.099148043785,136.73561864867,123.532817999061,286.078622804724,123.203696523879,78.2402136995131,68.9389814385667,157.320202088502
2011-09-29 00:00:00,90.8729500579048,115.095202466899,97.879987403947,236.646804417755,76.8214527397367,63.1219222330919,57.4367529769367,122.858439631074
2011-09-30 00:00:00,82.6915951788093,83.7513537070789,79.4434332202817,172.684572166419,67.9761657517459,88.8981418057408,77.7042764939876,174.384014996144
2011-10-01 00:00:00,112.316888402408,198.080736873507,163.813013011707,408.56294836606,51.5305883312871,54.680977787719,47.2692439920043,108.374532989092
2011-10-02 00:00:00,194.957793940626,258.503610476392,214.227483139491,511.685887562081,135.191891977208,114.026835114314,100.480875417468,214.103947427917
2011-10-03 00:00:00,116.24823416215,103.630098257712,85.5560020656178,222.379201498597,75.1777356285345,72.2508027662063,58.9261984838978,147.33268284937
2011-10-04 00:00:00,175.685337147075,229.634709503463,219.12624121093,432.968945807435,105.155312708023,105.919051351573,88.9202674745301,190.998913404138
2011-10-05 00:00:00,113.259873071638,141.994680904388,122.733854614254,286.596412167266,81.389108612744,90.8596030058862,75.6491121150712,176.246389588333
2011-10-06 00:00:00,124.625760079412,149.89142646852,139.00521747872,266.887213613311,59.1525186095972,45.4477840078262,37.742756030022,76.6028704009008
2011-10-07 00:00:00,144.96551253569,179.910315370762,148.782118349731,380.111353639297,52.5682348480168,57.3536398746715,50.8940463217371,115.283737512385
2011-10-08 00:00:00,49.4955779400444,49.5201842183769,46.0995787104067,133.711510374347,35.6750226908911,13.6702444469298,11.8173109980011,35.4680289782482
2011-10-09 00:00:00,71.0593828381719,119.794356074425,99.8961243788287,221.314546490266,34.6645876864636,44.3437692111219,37.019269890646,77.7118031405031
2011-10-10 00:00:00,122.012609409859,165.808157212339,161.240586853025,381.22148828331,88.1115396076372,77.6027140822215,66.1761464197707,169.54951597745
2011-10-11 00:00:00,125.489526533625,134.910391833285,112.328941702323,305.243106794242,158.134325217409,214.553975814724,180.086849252703,464.274281813136
2011-10-12 00:00:00,107.430320781186,107.81077624222,84.1367151071058,264.229760953154,70.1887725651187,58.0491908093162,49.9777296809018,136.730830017933
2011-10-13 00:00:00,162.705853437011,198.070813547687,168.560286283139,367.841094338776,34.5696537328815,27.7736457825604,24.2915785156485,48.8263218146722
2011-10-14 00:00:00,108.21369245622,142.687491500949,120.588893245757,290.700924396556,29.9095129307682,34.4121839248029,28.8488766880013,66.6998767035942
2011-10-15 00:00:00,60.9176343877469,68.0902533002682,55.2998378650549,134.8257729608,35.6750226908911,6.83512222346488,5.90865549900053,13.004943958691
2011-10-16 00:00:00,67.4153119233939,75.6595933101634,74.3928525765084,151.932182945263,51.9968815296954,25.3392966920697,21.1538685089406,48.268200708387
2011-10-17 00:00:00,182.538549510813,142.121277610576,112.749091297537,322.159004183079,56.5853924085744,72.2508027662063,63.6619551998297,155.633115685955
2011-10-18 00:00:00,172.996275864212,221.023407897083,179.109643800845,500.079132407588,73.8495325888406,105.919051351573,90.2342771069946,229.198696084966
2011-10-19 00:00:00,129.082943574293,163.03092992726,131.015232284212,288.347287537513,77.6556632635356,85.811847283337,70.3040166260036,145.862561829978
2011-10-20 00:00:00,129.818500082721,157.921324315047,131.799899520205,373.629041954251,170.543625082215,156.542367138068,135.779328930315,350.600960875965
2011-10-21 00:00:00,83.7124790699057,114.77037359859,92.0992302550897,190.691952938897,45.3174438344972,48.7505938934708,40.8692419746685,77.0610225992982
2011-10-22 00:00:00,192.271283536326,167.130621737022,141.61748047732,406.888510053084,53.5125340363366,75.1863444581137,64.9952104890059,175.886537146231
2011-10-23 00:00:00,85.6356664972841,69.3546272009831,59.0908894951161,160.161842854798,43.3307346080795,25.3392966920697,24.2474234646697,55.5084308146451
2011-10-24 00:00:00,112.405317330343,133.238697759915,116.725825667397,329.903211014403,60.627206152044,69.5748471081986,58.0203991483138,163.702980943745
2011-10-25 00:00:00,123.696819011716,140.651259570871,124.85982589282,268.17318132174,168.569585257136,152.088894248412,143.004362736353,277.33636518492
2011-10-26 00:00:00,109.928700334237,141.994680904388,125.24331878339,256.428368781238,70.1887725651187,65.62082439314,59.4583555597343,113.890210815853
2011-10-27 00:00:00,80.4874700512871,120.448467697918,113.762674817411,256.825989290587,39.1789408972657,42.9229071185025,40.5146010063868,86.6379515028021
2011-10-28 00:00:00,78.6080596144236,124.076079566043,100.339286397824,241.293257404256,41.6920483277375,57.3536398746715,49.487753734203,106.113440210264
2011-10-29 00:00:00,30.4588171938735,49.5201842183769,46.0995787104067,116.732270961731,15.855565640396,20.5053666703946,17.7259664970016,46.4462284238965
2011-10-30 00:00:00,52.8390282642817,88.269525528524,74.3928525765084,169.868621209634,50.2636521453722,38.0089450381045,34.82435771914,69.3855385183064
2011-10-31 00:00:00,98.9551084190199,124.356117909254,98.7674812043313,224.877844212065,59.81884340335,56.1950688181604,53.8463789918578,96.566365163445
2011-11-01 00:00:00,120.111403967898,123.428656358111,98.2645838134956,243.545032016682,180.61026991836,146.657148025255,125.2430012941,276.76050063927
2011-11-02 00:00:00,82.4465252506774,149.883274287965,126.129011164107,265.093474026423,146.351057688971,164.05206098285,139.749833156427,278.854897616134
2011-11-03 00:00:00,107.31662673505,96.358774158334,87.2800148676163,195.792048306235,251.974364986336,234.813550707102,199.554181151385,451.656531951978
2011-11-04 00:00:00,127.610486387051,161.298903435856,132.116659685937,388.788009113336,114.199958462933,106.104233768142,91.7632882964057,243.313634735646
2011-11-05 00:00:00,68.5323386862153,86.6603223821595,70.3816118282517,147.927964063573,37.6569683959406,41.0107333407893,35.4519329940032,67.2669515104707
2011-11-06 00:00:00,65.5932764660049,56.7446949826226,48.889580774188,90.3734536484752,62.3962578356345,88.6875384222438,83.3192046484794,133.985867483626
2011-11-07 00:00:00,97.0336500031166,139.160417660356,117.625725643155,226.229923602469,168.139451728335,149.853516848428,126.378997363785,231.499164970952
2011-11-08 00:00:00,107.562451314536,137.780825702078,111.990781274945,226.993427899044,121.209558922988,138.509528690518,117.190048750707,218.243717332585
2011-11-09 00:00:00,171.555395976157,310.284673087366,282.573784165404,578.615542278116,176.218620482638,199.386351040695,172.678606186413,357.335297731177
2011-11-10 00:00:00,105.585713400613,141.861528621992,129.967607954065,263.45375675615,75.285023684942,47.9726608971499,47.8363876456894,84.3363740435246
2011-11-11 00:00:00,159.25788701104,133.381785533496,105.165034955182,253.626023893807,80.6650500254051,77.4274138308065,70.4920573219872,140.069741077548
2011-11-12 00:00:00,98.9911558800887,142.370529627833,115.626933717842,264.289157224295,101.079230957525,75.1863444581137,64.9952104890059,134.113484574001
2011-11-13 00:00:00,122.076375645065,170.234084947868,149.652433852575,287.652090271366,41.5975052237563,31.6741208650871,29.5358905919048,50.7699062329071
2011-11-14 00:00:00,112.405317330343,165.808157212339,148.066030960723,261.62258999835,126.104588796251,125.769915926359,108.587643573944,188.579414322451
2011-11-15 00:00:00,129.074941577443,166.485164390011,138.68711380717,276.972781509168,79.4685187640785,67.8968277894697,57.4718672235322,108.031059617725
2011-11-16 00:00:00,100.767975306384,92.033589475066,80.2456350512669,157.8933937403,109.016604196887,103.478992312259,85.9879380894835,170.616296587595
2011-11-17 00:00:00,113.374823405576,96.358774158334,78.8000368385518,193.515396581744,87.5764561232998,80.7960604583577,69.5513548257536,153.60162126899
2011-11-18 00:00:00,100.046621327448,108.566569620288,98.7464274497143,178.649815578151,60.7253747382263,63.0890038621387,52.8896072613358,98.7671251187837
2011-11-19 00:00:00,95.1838037308546,74.2802763275653,60.3270958527872,132.906019347995,43.6028055110891,20.5053666703946,17.7259664970016,35.254366153078
2011-11-20 00:00:00,142.118765676344,100.879457746885,81.6104697674252,183.917905670581,58.9297990669881,31.6741208650871,29.5358905919048,54.7780567249787
2011-11-21 00:00:00,151.795214856361,183.573316913661,157.304465153447,298.430963050066,102.662069084128,107.038226320306,89.8513767482287,165.356546407823
2011-11-22 00:00:00,112.940573880263,129.169524095698,111.184173657821,235.688740661306,65.0196971706097,81.4761933473637,67.3894291092812,142.18281394849
2011-11-23 00:00:00,88.2760775411293,65.7382781964758,50.5812137654608,173.509223890439,44.8013441905013,37.8581679191193,31.0164779232369,96.0316866346687
2011-11-24 00:00:00,102.123886731741,99.0354067738433,83.400265922789,158.376026729195,21.5100067671263,25.2487688932368,23.0650175739024,38.2226256630009
2011-11-25 00:00:00,118.422531367184,124.076079566043,100.749294063109,321.724343205674,69.7888635051258,60.2213218684051,56.0676189779866,148.558816294369
2011-11-26 00:00:00,72.3396908354495,123.800460545942,107.190833328876,229.816658455909,216.032081850396,259.734644491665,227.985250858616,463.301128528367
2011-11-27 00:00:00,81.9915955825061,113.489389965245,97.779161548376,180.74690729695,67.595945988604,101.357186768279,87.7090289914915,153.126705695573
2011-11-28 00:00:00,111.444588122391,97.7083783572712,77.4321516343515,176.689734738051,52.5435786651048,58.8710244761681,48.0139395053982,101.164763504561
2011-11-29 00:00:00,77.9827772030385,77.5017144574188,64.8941681482142,142.950344879357,39.3329032266651,48.8857160084182,45.3079910341405,86.2369675904972
2011-11-30 00:00:00,57.4627297201691,65.7382781964758,53.7879868478294,103.468803237418,47.0414114000264,55.5253129480416,48.2242711921595,83.9910164450008
2011-12-01 00:00:00,87.4111233890322,115.095202466899,103.72033377667,185.778799729826,70.6757365205577,100.995075572947,95.4257963871948,154.319385854359
2011-12-02 00:00:00,96.9839696541591,99.2608636528343,86.4141514585282,180.713248098506,33.534908437528,37.2798659185365,31.2529497453348,64.5711572343306
2011-12-03 00:00:00,85.6654233577691,105.230391464051,90.4906437791808,223.250468214311,35.6750226908911,20.5053666703946,17.7259664970016,41.8016055815068
2011-12-04 00:00:00,122.076375645065,138.709254401966,118.957094231617,252.887120297049,62.3962578356345,25.3392966920697,32.6294455476339,43.822445379983
2011-12-05 00:00:00,111.444588122391,130.277837809695,108.946428043095,190.610744141655,80.836274869392,66.898891450191,57.446339236971,93.0130573544005
2011-12-06 00:00:00,87.8426685735376,134.910391833285,121.177173986614,228.932330095681,66.6251217921062,73.3285740126273,66.8388293993894,119.007015274886
2011-12-07 00:00:00,144.073220892598,115.699369625797,107.432845873465,233.523002506662,94.8295118698944,93.3834808671608,77.7168773099536,181.142122632454
2011-12-08 00:00:00,96.0656900612136,80.2989784652783,64.8399525064695,134.646635162055,84.5035980137104,108.569706240918,91.3898114579098,172.335799591239
2011-12-09 00:00:00,63.2948012479775,65.1399417721725,58.0943290666232,129.624982466007,111.480911832863,106.104233768142,92.1287148379882,200.875210072452
2011-12-10 00:00:00,89.4727755070033,136.180506600536,113.540433134384,229.816658455909,57.4764254464356,20.5053666703946,21.1823083935968,33.2512771671077
2011-12-11 00:00:00,91.1017728694512,94.5744916377043,76.5098154069611,156.001794988439,39.8642758394331,25.3392966920697,21.1538685089406,39.6488791533179
2011-12-12 00:00:00,95.1121915872133,94.7475184070509,78.1616699185626,185.961701601615,108.320608324985,171.261162112489,150.595317539161,319.420450621941
2011-12-13 00:00:00,122.800465250762,120.558222489318,103.430164191581,187.686079719278,65.0196971706097,57.0333353431546,48.4866100089614,84.9183595233642
2011-12-14 00:00:00,72.4530070384741,68.3678093243348,56.462575949832,105.668680495439,56.7483693079683,47.9536793642177,42.0209756075121,71.2307105067963
2011-12-15 00:00:00,142.800350090993,128.478365544445,105.119848144526,284.48417275265,102.17253214385,103.519952462271,92.2124303898135,216.986905686882
2011-12-16 00:00:00,66.3574529212667,55.8342358047193,44.8431779882053,117.965592508747,57.0999792314665,54.4859578809379,47.0836806768696,109.519550636766
2011-12-17 00:00:00,57.1102822385127,61.900230272971,53.2133372815969,124.225220786978,29.7291855757426,27.3404888938595,23.6346219960021,52.7227457784771
2011-12-18 00:00:00,127.542482017232,107.184423856065,92.6785071879119,218.402512983815,107.460221828037,171.04025267147,161.255162748423,330.601683528401
2011-12-19 00:00:00,120.091150993956,142.121277610576,125.194128905628,262.911371229869,215.832853901277,235.484097904672,195.514862277409,413.961561007171
2011-12-20 00:00:00,77.9827772030385,83.2425821950054,75.810500068182,147.141790176746,93.9173403575473,78.7603202357849,68.7034387417457,133.148280978846
2011-12-21 00:00:00,81.6137320663271,94.6631206029251,78.9965138117667,159.220228981815,58.2417474476517,53.001435086767,52.0454948757843,85.6753282721064
2011-12-22 00:00:00,87.4111233890322,107.065304620371,104.089999140621,181.288933616885,36.8742973150736,63.1219222330919,60.2938168702714,101.177538519708
2011-12-23 00:00:00,58.1903817924954,65.1399417721725,52.0818008242425,114.925242186357,19.0333264104888,22.9414559498686,20.6388770462017,38.5071453134152
2011-12-24 00:00:00,20.940436820788,49.5201842183769,46.0995787104067,57.4541646139771,55.4944797413861,54.680977787719,47.2692439920043,60.9606748063641
2011-12-25 00:00:00,80.169560125117,75.6595933101634,64.1915438555802,96.1772534240653,31.1981289178172,31.6741208650871,26.4423356361757,38.1938744137466
2011-12-26 00:00:00,54.761564853244,47.3737592035254,37.5830304325124,77.8003037312877,19.4007059686541,16.0557339480458,14.3713632343155,25.0565787158793
2011-12-27 00:00:00,51.0921643744045,51.6678096382792,41.3458615848488,103.148484148242,28.8976431869376,43.4539697852606,38.9104948462159,82.967853786413
2011-12-28 00:00:00,39.141279664463,34.1839046621674,27.4857556897898,68.9954325587863,34.3476972127177,27.7626564740208,23.9549822430097,53.853063485324
2011-12-29 00:00:00,43.272833360907,66.9158153877319,60.8740427777434,110.068281124537,39.9471554246631,32.8233995612078,28.4852180745398,51.109110886527
2011-12-30 00:00:00,51.0441945548205,55.8342358047193,46.2546189601872,92.7690581864905,52.5682348480168,68.8243678496058,60.5103385510709,108.792031904892
2011-12-31 00:00:00,154.197762043984,185.700690818913,164.109086780428,278.565646613222,116.934796597921,170.878055586622,147.716387475013,246.30575679339
2012-01-01 00:00:00,92.9238083268402,88.269525528524,74.3928525765084,119.90726203033,39.8642758394331,31.6741208650871,26.4423356361757,40.8150226578273
2012-01-02 00:00:00,94.1514623792616,85.8649385563898,65.7166323104721,135.483126963431,25.8676079582054,16.0557339480458,13.0947107741995,24.0739677858448
2012-01-03 00:00:00,109.355158836445,134.910391833285,117.156361653031,226.665673362061,37.7274786051686,40.7380966736818,35.9410288582833,65.4604044416315
2012-01-04 00:00:00,73.2858002228243,73.6268715800528,65.0877541326717,132.962857886568,36.5877644222427,40.3820457803939,33.0842431181194,70.0862835789863
2012-01-05 00:00:00,98.6620600628681,107.065304620371,88.5201321561018,179.52884688274,42.2517990068552,53.0224146757972,46.4863372518513,84.1639951492098
2012-01-06 00:00:00,88.8168985253878,114.77037359859,104.715712381264,236.641821116945,44.4110949578073,65.9566858558722,64.3207041959385,129.381688545526
2012-01-07 00:00:00,100.894831954706,92.8503454094566,75.408869815984,158.494247210971,35.6750226908911,27.3404888938595,29.5432774950027,44.8446343403138
2012-01-08 00:00:00,120.254340187676,100.879457746885,89.6948156579006,170.460497938587,72.7956341415735,101.357186768279,84.6154740357624,162.463699945303
2012-01-09 00:00:00,152.755944064312,82.9040786061695,66.1016977877184,121.297746271962,47.6934021729413,40.1393348701146,34.9192287311987,55.8078344126403
2012-01-10 00:00:00,89.6353760954466,66.0199789822457,61.7461421793545,104.701602549228,44.951889401903,43.4539697852606,35.9410288582833,65.9090427275243
2012-01-11 00:00:00,81.6137320663271,120.958431881515,98.9870559871988,253.06955094264,47.0414114000264,55.5253129480416,46.7003993867167,111.64659503055
2012-01-12 00:00:00,83.0838400529415,85.6522436962969,72.4400533167534,139.558273425828,46.8610861712394,47.9726608971499,41.0661367512138,73.9932338306395
2012-01-13 00:00:00,85.7542468520985,99.2608636528343,88.460261382754,209.71660890444,48.0364904645671,48.7505938934708,40.8692419746685,97.9911768855273
2012-01-14 00:00:00,45.6882257908102,43.3301611910797,35.1908059141259,64.9986508764186,23.7833484605941,34.1756111173244,35.4519329940032,49.2611513586781
2012-01-15 00:00:00,158.517084792845,132.404288292786,119.048507689791,277.966834706674,39.8642758394331,31.6741208650871,26.4423356361757,63.0777622893694
2012-01-16 00:00:00,81.6619826758902,85.8649385563898,70.0378194872963,129.152139722149,50.9268531677169,53.5191131601528,44.9256883741143,76.4967200671705
2012-01-17 00:00:00,80.6718384859019,88.983449932592,71.5682512812705,141.119551262003,40.9383278481616,54.3174622315758,49.8006196414259,82.3863034094054
2012-01-18 00:00:00,94.9384230159315,92.033589475066,80.2456350512669,166.20357235821,33.601008142876,35.3342900578446,30.1582778276571,61.325498131613
2012-01-19 00:00:00,84.8147533873778,80.2989784652783,73.4827791793542,127.234893776988,36.8742973150736,40.3980302291788,39.6443421686872,60.5951349960235
2012-01-20 00:00:00,72.4827562678452,68.2418437613236,56.9075493816007,132.711291572341,87.9158410389246,65.9566858558722,55.2936803186692,122.030456241803
2012-01-21 00:00:00,72.3396908354495,61.900230272971,50.2725798773227,97.7943227471951,53.5125340363366,34.1756111173244,32.9996193915978,51.8814253671184
2012-01-22 00:00:00,89.2797374120622,44.134762764262,35.7045805232485,62.4007179953757,88.3946986004822,76.017890076209,66.5551604825509,101.95426067996
2012-01-23 00:00:00,113.366046538295,145.082137560797,119.547363605517,212.271055975934,99.4286180893521,99.0103593462826,84.5806738212449,137.659324884513
2012-01-24 00:00:00,70.8119471154028,74.6312805886255,70.216343268309,118.358333316519,106.76073732952,100.487305128415,96.0911604850916,152.4146613074
2012-01-25 00:00:00,83.2793184350277,94.6631206029251,78.4107699681325,174.628638238119,45.548033260343,73.1924579769639,66.5198512399615,129.763246814588
2012-01-26 00:00:00,74.4292733807601,74.9457132342598,63.0801980689083,117.672998729505,29.9603665684973,22.7238920039131,20.0979389567571,33.7749019494881
2012-01-27 00:00:00,105.15104078293,117.872275587741,109.399357871128,210.126211656206,33.534908437528,34.4121839248029,31.2529497453348,58.3623921156449
2012-01-28 00:00:00,87.5690994323862,68.0902533002682,58.2405952693292,104.246731670721,75.3139367918812,54.680977787719,47.2692439920043,80.4429523218001
2012-01-29 00:00:00,163.983191165012,119.794356074425,108.847198968863,162.731284184019,60.6630284513113,50.6785933841393,45.4012919736103,65.3040362525236
2012-01-30 00:00:00,107.601671290585,112.512678108373,91.9692088963514,179.287333598586,185.923432199602,168.585206454481,148.688876060079,255.279400976632
2012-01-31 00:00:00,70.8119471154028,68.890412851039,59.6381717757192,113.496713949522,60.20342330612,48.8857160084182,40.4336574655687,77.0271943526771
2012-02-01 00:00:00,75.7841797758752,78.8859338357709,68.9458677664246,115.672815926959,39.5745207016095,27.7626564740208,27.2323125371947,39.124020480791
2012-02-02 00:00:00,70.9674467118876,88.3288763118062,73.6801706052389,173.357542771146,40.7153699520604,22.7238920039131,21.3244998985033,42.2186274368601
2012-02-03 00:00:00,40.8353556438564,46.5285298372661,42.8403113748109,81.2518111667392,50.7555370946369,54.4859578809379,48.0814611466689,90.5212612405921
2012-02-04 00:00:00,57.1102822385127,43.3301611910797,35.1908059141259,71.4985159640604,23.7833484605941,13.6702444469298,11.8173109980011,21.6749065978184
2012-02-05 00:00:00,78.347524667728,69.3546272009831,56.1071979651048,95.1456492206719,51.9968815296954,63.3482417301742,52.8846712723515,82.4382635861066
2012-02-06 00:00:00,87.4263579236001,50.3346191537458,39.8491212018391,79.4211433923562,88.9199023563312,74.9267584242139,67.1210594556456,112.345183000609
2012-02-07 00:00:00,92.3244373783099,140.651259570871,127.018341522906,233.994246447401,155.726188285164,135.79365557894,120.15951473864,216.062119235451
2012-02-08 00:00:00,66.6234547480221,78.8859338357709,68.2945272150404,114.692537825883,119.47025117467,106.002870173534,90.4748334829711,148.116669216184
2012-02-09 00:00:00,71.8329033791057,101.712039389353,87.6022605908073,175.668976674761,154.411120006871,143.91798269145,124.424971195388,235.298483581434
2012-02-10 00:00:00,71.4618723767488,71.3437457504746,66.9690541616017,122.094388246553,298.188780430992,220.811513517485,189.332503177278,359.512335432373
2012-02-11 00:00:00,38.0735214923418,43.3301611910797,35.1908059141259,89.3731449550755,81.2597739070297,75.1863444581137,64.9952104890059,149.014982860001
2012-02-12 00:00:00,85.6356664972841,94.5744916377043,76.5098154069611,145.601675322543,50.2636521453722,44.3437692111219,37.019269890646,64.7598359504193
2012-02-13 00:00:00,65.3295861407121,68.0997788550678,54.7712439410852,91.3343149012096,46.0766766755534,45.4912461861299,37.1016805268986,57.978139084243
2012-02-14 00:00:00,82.4645460078108,83.2425821950054,65.8174997393885,115.783703745636,45.7546017126512,59.7492084547334,49.4189146801395,79.4825238630084
2012-02-15 00:00:00,45.8036251392652,49.9610914293216,38.4417224617502,94.190721540524,93.336133730211,90.8596030058862,74.4395470157686,164.625748516575
2012-02-16 00:00:00,56.2546833691792,50.8560196946763,47.6826050224557,80.5820993920923,122.914324383579,138.868228912802,117.778209753004,208.295776548831
2012-02-17 00:00:00,76.5662918322308,77.5475497287768,61.7332979389588,119.559722137244,31.7222106841481,25.8091379436022,21.636657516001,37.8566867777156
2012-02-18 00:00:00,53.3029300892786,74.2802763275653,66.9727694270174,95.9234748337705,41.6208598060396,47.8458555642541,41.3605884930037,59.3703963331546
2012-02-19 00:00:00,47.3729218921146,50.4397288734423,46.7726179437353,72.0503135616709,31.1981289178172,31.6741208650871,26.4423356361757,42.918889805138
2012-02-20 00:00:00,39.3898975260176,50.3346191537458,39.8491212018391,94.1971700700039,58.2021179059622,50.8431575021451,42.7432365784144,90.4173441259056
2012-02-21 00:00:00,101.287974987855,132.039957964491,148.437253704345,205.560944454448,61.8088479276166,84.1920664589425,91.1299807656827,125.355673582109
2012-02-22 00:00:00,117.423838993389,113.069838497938,92.5735098224615,186.522415682222,44.0546551206596,25.2387786127462,21.8872170481272,40.0132027644453
2012-02-23 00:00:00,81.3529267185052,85.6522436962969,74.0404106749438,162.562384430086,43.0200135342525,47.9726608971499,41.0661367512138,86.1899207257999
2012-02-24 00:00:00,71.4618723767488,37.2228238698129,31.7773732881127,57.9103817770214,25.3777685473185,22.9414559498686,22.4105961753184,33.9563008672843
2012-02-25 00:00:00,89.4727755070033,92.8503454094566,88.4041431957228,151.527467113786,21.8014027555446,13.6702444469298,15.2736528945962,21.4367208110291
2012-02-26 00:00:00,30.9746027756134,25.2198644367211,20.4026174418563,38.8271134193449,15.5990644589086,19.0044725190523,15.8654013817054,27.7542154073225
2012-02-27 00:00:00,61.4866693089055,68.0997788550678,54.7712439410852,104.382074172811,39.6097746860021,34.7874235540993,31.8309775999148,50.6699702921115
2012-02-28 00:00:00,41.2322730039054,37.3156402943128,28.9210269099105,59.7374606833372,30.5030678084342,40.7380966736818,39.8830577556769,62.3726495151395
2012-02-29 00:00:00,50.8003842453669,55.2201536850396,46.0387931582377,92.8784669060585,45.548033260343,37.8581679191193,32.2260430225395,61.1966630515046
2012-03-01 00:00:00,52.7928567003066,48.179387079167,40.6401357077614,69.9257315379412,30.7285810958947,25.2487688932368,24.2915785156485,34.6894417781857
2012-03-02 00:00:00,49.0024267726277,34.1209218806618,29.3644990094336,45.2658668928914,66.163467998366,51.6182758872044,50.8940463217371,65.1487167802548
2012-03-03 00:00:00,41.880873641576,61.900230272971,61.9455114392851,102.140737091515,19.8194570504951,34.1756111173244,29.5432774950027,54.1872664945459
2012-03-04 00:00:00,40.0847800625585,56.7446949826226,48.889580774188,77.8464402714588,88.3946986004822,69.6830659031916,68.7500726540569,90.6820899447172
2012-03-05 00:00:00,76.8583366361319,59.2171990044068,50.6241278796782,87.4361211658967,61.4355689007379,50.8431575021451,43.6490359139983,71.3384549984209
2012-03-06 00:00:00,75.2937159201751,68.890412851039,56.3335510648505,98.2366515697543,108.366161951016,119.498416909467,98.8378293602791,162.972569937597
2012-03-07 00:00:00,69.9546274854232,89.404058347207,77.2272454363823,151.86351873183,73.9222179143271,50.4775572254923,42.5648689969518,82.4034274752933
2012-03-08 00:00:00,56.2546833691792,48.179387079167,40.6401357077614,72.3579308957826,26.1192939315105,25.2487688932368,22.1947587362028,35.896031057427
2012-03-09 00:00:00,62.2739173568811,86.85325569623,67.5604798030142,133.906888793713,36.2539550675978,28.6768199373358,25.4470231608686,42.0629853085729
2012-03-10 00:00:00,38.0735214923418,24.7600921091884,20.1090319509291,31.6988494421943,11.891674230297,6.83512222346488,5.90865549900053,8.40836893880884
2012-03-11 00:00:00,29.1525673182244,44.134762764262,35.7045805232485,65.0560676973066,22.5319819962013,25.3392966920697,21.1538685089406,35.4309132859437
2012-03-12 00:00:00,55.7222940611956,47.3737592035254,36.257452309226,66.2993892666626,38.8014119373081,24.0836009220688,21.8245179569992,32.0288440976892
2012-03-13 00:00:00,59.1593482229947,43.0565080318993,40.4225299936745,55.7736714542021,29.7003554976859,32.5904773389455,29.2020859473552,40.3755777014033
2012-03-14 00:00:00,58.2955229045194,52.5906225571806,46.0387931582377,88.4556827676748,26.1341174444591,45.4298015029431,39.6389037064895,73.4359956618055
2012-03-15 00:00:00,64.0437933741424,50.8560196946763,44.0002475035131,109.793110421726,38.4107263698683,35.3482764505315,33.9054185751773,72.2407625030718
2012-03-16 00:00:00,60.2321495746883,62.0380397830214,49.6689265455634,103.076731318323,56.1936303547766,51.6182758872044,44.6796076195361,81.5940239286686
2012-03-17 00:00:00,26.6514650446393,43.3301611910797,38.1315633184001,78.4739809361639,51.5305883312871,47.8458555642541,41.3605884930037,83.2633607111315
2012-03-18 00:00:00,32.7966382330024,37.8297966550817,30.6039261627844,54.6006282459538,32.9313583021404,19.0044725190523,18.9589563374345,26.0195769443649
2012-03-19 00:00:00,55.7222940611956,44.4128992533051,33.9913615398994,72.9377847480822,68.7108336389832,72.2508027662063,64.9386076599457,112.754604221457
2012-03-20 00:00:00,63.6411170277671,54.5382435070725,53.7706962597871,70.646650508656,64.2169848598614,48.8857160084182,42.6799717692114,60.5633665521049
2012-03-21 00:00:00,46.6364183236155,57.8496848128987,46.8785171771059,90.2247964230283,12.6937141873087,7.57163358382385,6.20329558464738,11.3491993295518
2012-03-22 00:00:00,47.6001166969977,42.8261218481485,35.1600294047436,85.0182585237804,18.4371486575368,7.57463066797103,6.290459338337,14.2346330055314
2012-03-23 00:00:00,63.2948012479775,65.1399417721725,52.0818008242425,117.344720969228,30.8158618074581,25.8091379436022,21.636657516001,44.2325498139625
2012-03-24 00:00:00,28.5551411192564,30.9501151364855,25.1362899386613,49.9601431425888,19.8194570504951,20.5053666703946,17.7259664970016,31.80556946419
2012-03-25 00:00:00,116.610269272898,132.404288292786,107.113741569746,197.266785920865,109.19345121236,114.026835114314,95.1924082902327,161.153508816712
2012-03-26 00:00:00,129.698443073473,136.199557710136,108.216909758884,201.103078681563,121.254412304088,131.121827242374,109.493442909528,183.978120785401
2012-03-27 00:00:00,67.2265320715849,97.5947515389718,81.1832204147271,136.868282455656,25.6867939439446,27.1587311157879,22.4631430364271,36.4270019206875
2012-03-28 00:00:00,64.9578683793216,36.8134357900264,29.5090042404082,67.1886781873615,27.6274955841425,22.7149007514716,18.6098867539421,39.8429338165115
2012-03-29 00:00:00,57.1201400363973,42.8261218481485,37.9625097049056,63.2187050561444,39.1789408972657,25.2487688932368,20.9681977944567,35.2824236889239
2012-03-30 00:00:00,43.8980073171457,52.7323338155682,43.8417446815081,100.270753632435,40.7856994510475,54.4859578809379,45.6773880893354,98.5675955730892
2012-03-31 00:00:00,28.5551411192564,43.3301611910797,38.1315633184001,86.9576545508843,61.4403168565347,82.0214666815785,74.3602078846016,158.168237335431
2012-04-01 00:00:00,38.2627446051695,25.2198644367211,23.3863089718676,32.9664170541608,55.4633402983418,88.6875384222438,80.2256496927503,109.969532745995
2012-04-02 00:00:00,31.7040638624044,29.6085995022034,22.6609076932663,45.3835105099178,39.6097746860021,58.8710244761681,56.0055936903353,85.7491804943426
2012-04-03 00:00:00,77.086423442084,91.8538838013853,73.414914463619,159.049816827221,72.2441079673441,89.6238126821,74.1283720202093,148.42144762174
2012-04-04 00:00:00,42.4724524018641,55.2201536850396,46.0387931582377,104.105534334263,36.5877644222427,60.5730686705908,52.3598015819244,109.75049901105
2012-04-05 00:00:00,47.6001166969977,24.0896935395835,20.3200678538807,42.0260709748233,47.6293006986367,42.9229071185025,40.8029211147291,70.8855966841108
2012-04-06 00:00:00,232.761527169982,291.578786980201,235.278828027725,573.556846335633,83.3840966554749,86.0304598120072,76.7064960241883,160.999702387986
2012-04-07 00:00:00,131.353649148579,142.370529627833,123.594949109849,306.422211274545,33.6930769858416,41.0107333407893,35.4519329940032,84.8148519045066
2012-04-08 00:00:00,51.0169928068927,63.0496610918029,51.0065436046407,98.1584328017146,32.9313583021404,57.0134175571567,47.5962041451163,84.1981815727763
2012-04-09 00:00:00,26.9004178226462,38.4911793528644,30.7847581245326,62.574234187917,22.6341569634298,18.7316896060535,15.2771625698994,28.9373956213691
2012-04-10 00:00:00,53.7812256572679,63.1495451134524,48.9432763090793,119.066460097045,49.7681632663926,51.601589119997,42.6799717692114,93.0507526840674
2012-04-11 00:00:00,54.9643501671183,68.3678093243348,55.8112353984478,96.1411765163416,44.8013441905013,45.4298015029431,38.4293386071869,61.3973078483947
2012-04-12 00:00:00,71.8329033791057,77.6223458497691,64.8399525064695,118.639970274059,44.5564425890473,47.9726608971499,39.8395758094677,69.4095821774141
2012-04-13 00:00:00,51.0441945548205,71.3437457504746,60.7318646322616,120.88553291738,32.628559560838,31.5445019310693,27.851096218202,50.850401051255
2012-04-14 00:00:00,55.2066061638956,55.710207245674,45.2453218895904,89.9282576566599,25.7652941656436,41.0107333407893,35.4519329940032,63.6111389283799
2012-04-15 00:00:00,47.3729218921146,25.2198644367211,20.4026174418563,43.1412371326054,51.9968815296954,63.3482417301742,52.8846712723515,102.793390397491
2012-04-16 00:00:00,38.429168318066,23.6868796017627,20.7798824011859,42.35794314259,25.0592452095115,34.7874235540993,28.3718733440989,59.1149653407968
2012-04-17 00:00:00,88.7390223344921,86.1130160637987,73.7929456589559,129.315946203548,25.6867939439446,19.0111117810515,15.7242001254989,27.3041332980729
2012-04-18 00:00:00,47.4692115079658,47.3315603014625,44.8552686264875,83.7137286399232,30.6142518635092,42.9059236416685,44.4401058061173,72.9312809149889
2012-04-19 00:00:00,51.0619433658703,34.7962240016206,27.5599285944597,58.9189034254875,44.5564425890473,58.0721684544446,49.4534158689965,93.0833354381317
2012-04-20 00:00:00,43.8980073171457,58.9361377938703,47.2560522668844,90.8653888243053,32.628559560838,43.0152299060036,42.6840466799375,63.0944779628594
2012-04-21 00:00:00,24.7477889700222,37.1401381637826,33.1043053306679,82.3223851185344,13.8736199353465,0,0,0
2012-04-22 00:00:00,69.2373473807829,75.6595933101634,71.409161046497,119.128643445717,29.4648995334941,38.0089450381045,31.7308027634109,56.7699860604325
2012-04-23 00:00:00,197.91021683804,192.455896764322,155.804815914743,326.044693926515,302.327668011526,280.975344090802,238.960691404596,452.337184186664
2012-04-24 00:00:00,60.9520557449037,34.4452064255195,36.2607564392314,52.6583853009043,99.5363265327851,59.7492084547334,50.7329243126041,87.3591703719551
2012-04-25 00:00:00,84.1121116193779,97.2926517307841,85.5818113155095,130.403026080158,49.2814786095514,40.3820457803939,34.293808217422,52.0171635937789
2012-04-26 00:00:00,36.3491800231619,45.5027544636577,42.7601302150275,73.4474324513266,58.3843040821999,47.9726608971499,41.0661367512138,73.3017082808205
2012-04-27 00:00:00,49.0024267726277,55.8342358047193,47.666059932169,111.107127828006,22.6587219172486,28.6768199373358,25.4470231608686,54.290597316879
2012-04-28 00:00:00,41.880873641576,61.900230272971,50.2725798773227,119.385277119953,23.7833484605941,27.3404888938595,23.6346219960021,50.6686128260689
2012-04-29 00:00:00,41.9068155199475,50.4397288734423,43.7889264137239,79.4190956304782,51.9968815296954,76.017890076209,66.5551604825509,113.539972120865
2012-04-30 00:00:00,78.7797950520352,106.590958207932,90.8177018884822,169.851158146029,43.6515884294717,66.898891450191,54.5612948924979,101.301349593902
2012-05-01 00:00:00,77.086423442084,97.5947515389718,76.9409716278156,174.326970285625,74.6522448995889,95.0555589052576,78.6210006274947,162.38774014117
2012-05-02 00:00:00,118.256632177739,155.142336543683,122.922238081738,263.527870740528,26.8808065143008,22.7149007514716,18.6098867539421,37.081542363882
2012-05-03 00:00:00,120.298476743322,141.861528621992,128.045004872684,220.731525930828,45.3246571164446,37.8731533398552,31.452296691685,55.7843725892446
2012-05-04 00:00:00,47.9815428815313,74.4456477396257,59.3204236602797,149.885694011114,64.3507702449861,63.0890038621387,59.5125580812716,120.844482498277
2012-05-05 00:00:00,51.3992540146615,30.9501151364855,25.1362899386613,48.8971613735976,25.7652941656436,27.3404888938595,23.6346219960021,41.5051402936947
2012-05-06 00:00:00,92.9238083268402,107.184423856065,100.762853078387,215.237259172455,204.521067350135,215.384021882592,191.283459364688,410.27970602129
2012-05-07 00:00:00,93.19073317131,112.512678108373,92.3542743735977,177.529614641737,433.282433299941,420.125038307199,367.125786463497,629.935490396273
2012-05-08 00:00:00,113.836927641217,109.076487014145,90.667169089265,205.660249258532,569.123028320522,613.787323216806,522.290033328967,1106.8142161368
2012-05-09 00:00:00,66.6234547480221,73.6268715800528,61.0412570314349,132.962857886568,182.192133041372,166.575938844125,137.682067961545,289.105919763318
2012-05-10 00:00:00,62.3128800397061,66.9158153877319,56.7202145471099,110.068281124537,157.48397811646,151.492613359421,130.715430533725,235.888204091663
2012-05-11 00:00:00,61.2530334657847,80.6494517179279,65.5576131896198,138.019743235234,207.553892761997,189.267011586416,158.668821784007,308.153430370605
2012-05-12 00:00:00,81.8580712085349,99.0403684367537,85.4633857914485,181.583532607138,204.140407620099,143.537566692762,124.081765479011,252.873910307881
2012-05-13 00:00:00,109.322127443341,63.0496610918029,56.9739266646634,97.0677835483622,169.856479663672,152.035780152418,126.923211053644,222.03372325858
2012-05-14 00:00:00,91.2692747554067,88.8257985066102,72.8999700956982,145.875569496164,265.9513443203,238.16005356268,198.973966533225,371.672584285543
2012-05-15 00:00:00,105.769743792627,106.206053145352,91.005329516643,183.901350706475,130.842106651968,133.077782467361,111.383410510957,220.38336162016
2012-05-16 00:00:00,129.915736758643,131.476556392952,119.084717889167,216.886529863049,137.390788850871,143.861038092653,119.072181207603,228.075255757338
2012-05-17 00:00:00,65.7747067085787,72.2690806187505,63.7626838618041,143.468311258879,51.4703733356236,68.1716760117393,57.8406949867792,128.111697049782
2012-05-18 00:00:00,43.8980073171457,34.1209218806618,28.9544913441489,53.5715305429632,45.3174438344972,45.8829118997372,39.8714615048692,68.5356531266289
2012-05-19 00:00:00,38.0735214923418,30.9501151364855,25.1362899386613,49.9601431425888,31.7111312807921,27.3404888938595,23.6346219960021,42.4074259522533
2012-05-20 00:00:00,98.3899146990073,44.134762764262,35.7045805232485,67.9474484838536,45.0639639924027,63.3482417301742,52.8846712723515,92.5140513577418
2012-05-21 00:00:00,58.6044816850506,47.3737592035254,37.5830304325124,68.0752657648767,59.81884340335,74.9267584242139,66.7502063311135,102.314363089841
2012-05-22 00:00:00,75.2937159201751,94.7243176701786,89.3152610763036,119.955015769411,48.9654509556443,27.1587311157879,23.7771526688916,32.893039047785
2012-05-23 00:00:00,66.6234547480221,68.3678093243348,56.994759930198,101.113995991325,78.4023523333773,65.62082439314,55.8296602618264,93.2721554095345
2012-05-24 00:00:00,104.720256733395,88.3288763118062,71.1999360282679,155.667997590417,85.2718125411077,80.7960604583577,69.5513548257536,134.79325948095
2012-05-25 00:00:00,77.5871757233272,65.1399417721725,50.6703598522607,105.167438604496,91.5412365456844,103.236551774409,87.9529226515381,158.569518200998
2012-05-26 00:00:00,85.6654233577691,117.610437518645,103.48591715892,218.325825533113,57.4764254464356,47.8458555642541,41.3605884930037,85.3449447289097
2012-05-27 00:00:00,69.2373473807829,88.269525528524,71.409161046497,158.838191260956,213.187214271751,196.37954936354,167.036035900019,335.213251023506
2012-05-28 00:00:00,51.879377229389,20.7260196515424,18.128726154613,27.3417051022866,54.9686669111865,45.4912461861299,39.6549854471306,57.02767778778
2012-05-29 00:00:00,72.6046546373117,88.983449932592,70.2668884947593,136.034162027336,59.4007109953718,84.1920664589425,72.263762677853,123.097012796846
2012-05-30 00:00:00,46.6364183236155,39.4429669178855,34.3952253605133,68.3521185022942,52.2682348889182,53.001435086767,45.8421992911369,88.2715503409581
2012-05-31 00:00:00,55.389226701961,61.5625501567134,56.7202145471099,106.325959566303,46.8610861712394,60.5970453437682,54.8736163696339,99.0730457184984
2012-06-01 00:00:00,93.9213179808698,139.585589511798,126.910522327159,200.739768764885,70.6952123818157,94.633505793208,79.3344108920036,129.476231248154
2012-06-02 00:00:00,148.486733820133,173.320644764319,140.763223656503,212.722857413734,35.6750226908911,61.5161000111839,53.1778994910048,72.5482410918713
2012-06-03 00:00:00,120.254340187676,151.319186620327,139.451125131647,195.949918191086,45.0639639924027,57.0134175571567,50.6897591008454,70.034001495113
2012-06-04 00:00:00,92.2300039633583,151.003857461237,128.400732320995,204.22579729463,81.6446376180859,99.0103593462826,85.8573262813609,127.248115439466
2012-06-05 00:00:00,58.2629944620403,63.1495451134524,51.5460018821017,97.418012806673,48.162738644896,46.1698428968394,38.187343161926,68.1184935916857
2012-06-06 00:00:00,67.4562479323724,92.033589475066,75.2039968857639,130.490408049834,44.0546551206596,42.9059236416685,38.4293386071869,58.4655723037515
2012-06-07 00:00:00,68.3710767102331,88.3288763118062,81.0828799896381,136.209497891615,72.9803801027499,68.1716760117393,60.2938168702714,99.5153361011703
2012-06-08 00:00:00,124.547834713762,130.279883544345,121.51769998525,195.574534948713,68.8825146284358,45.8829118997372,38.4651689173351,65.5297034280925
2012-06-09 00:00:00,78.0507190593007,43.3301611910797,38.1315633184001,63.7115488788657,67.3861539716832,75.1863444581137,64.9952104890059,106.228502632872
2012-06-10 00:00:00,60.1271700938378,50.4397288734423,40.8052348837126,93.1850722064277,46.7971933767259,63.3482417301742,59.0717811838097,111.01686162929
2012-06-11 00:00:00,72.0546905963737,79.9432186559491,66.1016977877184,100.517384605951,140.655118272742,133.797782900382,115.134998961044,159.866192327876
2012-06-12 00:00:00,146.105663035578,189.448635340357,160.348886420228,294.935268130294,129.236682030471,162.952386694727,143.863838578446,242.623884352469
2012-06-13 00:00:00,65.7906615636719,70.9973404521938,61.4912121755724,113.835023524382,103.043091638153,118.622259479907,103.195731358406,182.789285151971
2012-06-14 00:00:00,106.451170067831,104.388672004862,96.1202329663858,154.095593574352,80.6625253767235,116.144336908889,105.00205743555,162.29914896905
2012-06-15 00:00:00,190.905287635029,148.891295479251,123.163705641358,240.382716810277,89.7285387923045,111.839597755609,103.559811772591,171.783644717747
2012-06-16 00:00:00,98.9911558800887,55.710207245674,45.2453218895904,88.0148904724756,41.6208598060396,41.0107333407893,38.9082748905984,62.2577104405421
2012-06-17 00:00:00,76.525489210339,100.879457746885,81.6104697674252,150.298503558754,102.260533675068,126.696483460348,117.244919583396,179.059454240791
2012-06-18 00:00:00,174.8527158472,189.495036814102,151.617087183055,324.443819815583,227.958295131685,238.16005356268,196.791514737525,387.488438935992
2012-06-19 00:00:00,96.8062061830823,120.558222489318,100.489278191181,176.360195598287,71.4413956565958,51.601589119997,46.7398589823885,72.1945494962592
2012-06-20 00:00:00,104.931941228135,155.142336543683,128.991983733593,237.645669149941,84.3758648921108,80.7640915607877,66.1684862362387,118.896373928637
2012-06-21 00:00:00,83.9492967201597,109.74193723588,92.8713518126201,222.985388348768,53.0068023904183,53.0224146757972,61.0064210783645,101.986958827866
2012-06-22 00:00:00,64.3156851390739,58.9361377938703,51.49037518283,106.169033257873,60.7253747382263,40.1475479122701,37.8759005652706,68.8061885994972
2012-06-23 00:00:00,43.7845497161931,49.5201842183769,40.2180639018581,72.8131987187037,97.1153395474257,109.361955575438,94.5384879840085,154.514185647814
2012-06-24 00:00:00,92.9238083268402,107.184423856065,98.6458902479346,190.402190806403,79.7285516788663,101.357186768279,89.9039411629975,170.79517173737
2012-06-25 00:00:00,81.6619826758902,103.630098257712,90.5921450174298,165.133070419751,92.9617160998008,112.390137636321,97.3045314709124,170.186267317755
2012-06-26 00:00:00,88.7390223344921,100.465185407765,85.2944487427199,145.710702915964,65.0196971706097,84.1920664589425,73.5777723103175,116.784345473931
2012-06-27 00:00:00,62.4594888262707,81.5154649636299,72.3410243162772,144.173643768757,36.5877644222427,58.0491908093162,55.6741901736921,98.6717330026321
2012-06-28 00:00:00,94.3347767267774,155.244691699538,153.474766869007,248.2651229809,88.3446706506972,138.868228912802,132.065480927563,210.224441146505
2012-06-29 00:00:00,46.9606589904349,77.5475497287768,64.5561798829226,115.401123106383,30.8158618074581,37.2798659185365,31.2529497453348,52.779902435018
2012-06-30 00:00:00,39.9771975669589,61.900230272971,50.2725798773227,98.8458746046918,29.7291855757426,54.680977787719,47.2692439920043,83.9028642496194
2012-07-01 00:00:00,78.347524667728,119.794356074425,99.8961243788287,164.342485017524,29.4648995334941,31.6741208650871,29.5358905919048,41.2191317930533
2012-07-02 00:00:00,78.7797950520352,76.9823587057288,61.5695162490651,144.066260107065,46.0766766755534,29.435512238084,24.0069697526991,52.3468834413138
2012-07-03 00:00:00,48.4031030915411,60.2791112446591,49.6594679317942,79.2937313542687,38.5301909159168,48.8857160084182,45.3079910341405,61.5023334753934
2012-07-04 00:00:00,40.8068660331636,21.0362490228722,17.3695129366977,37.5936651762618,18.6672267460422,17.6671450289223,14.4743563641772,30.3433454297043
2012-07-05 00:00:00,90.8729500579048,91.0055089273154,74.8822935472105,141.601356257513,32.2650101506894,35.3482764505315,32.1273218886041,52.0654144166283
2012-07-06 00:00:00,124.547834713762,136.483687522647,113.223673121789,231.259280363683,54.3809326013967,60.2213218684051,53.2981193790706,97.0780383705777
2012-07-07 00:00:00,91.3764515816204,123.800460545942,105.572417742378,216.298031487914,17.8375113454456,0,0,0
2012-07-08 00:00:00,145.762836591122,195.453949384589,167.07135976442,276.346036836664,57.1965696826649,44.3437692111219,40.1128248463751,59.4733187299769
2012-07-09 00:00:00,104.71948366673,136.199557710136,120.225396134093,185.764708273647,82.4530003667798,66.898891450191,58.3912522728459,86.7070873642717
2012-07-10 00:00:00,133.556710382215,195.189503077944,165.216177138895,283.095079951015,56.1898617523787,51.601589119997,51.1146292738904,71.5775020646672
2012-07-11 00:00:00,141.574841339547,197.214834589427,171.635620341978,268.526179830441,48.5347895397097,58.0491908093162,52.9036949713641,75.961572232185
2012-07-12 00:00:00,128.953043415503,125.801732928936,111.123043161069,184.131175372743,54.543231445213,65.6467991224156,55.7438752073335,90.9568922556836
2012-07-13 00:00:00,56.1486140103026,65.1399417721725,53.4932417962244,101.343168109787,27.1904663006984,31.5445019310693,26.4448036306679,46.6899136925159
2012-07-14 00:00:00,41.880873641576,49.5201842183769,43.1588213061324,80.8146491273524,25.7652941656436,34.1756111173244,29.5432774950027,53.5918020275728
2012-07-15 00:00:00,67.4153119233939,63.0496610918029,51.0065436046407,90.0628919520887,51.9968815296954,63.3482417301742,52.8846712723515,85.8377796102759
2012-07-16 00:00:00,81.6619826758902,106.590958207932,88.7626054809846,153.169347970973,53.3519414137987,80.2786697402292,65.4735538709975,109.622531881972
2012-07-17 00:00:00,96.8062061830823,140.651259570871,130.801300203447,185.018706493294,41.7410401589099,51.601589119997,46.2402957053187,64.9191297795819
2012-07-18 00:00:00,125.751770836892,176.178585566555,153.237999918928,332.146228590269,49.2814786095514,45.4298015029431,41.706668901372,82.3128742582874
2012-07-19 00:00:00,79.622013384069,133.831630775464,122.714123558166,186.405959968974,65.2982348287762,98.4701986836234,89.0977580376837,129.833628461742
2012-07-20 00:00:00,63.2948012479775,65.1399417721725,59.7304313255644,109.291651883104,68.8825146284358,103.236551774409,95.5736539412732,164.787930679468
2012-07-21 00:00:00,43.7845497161931,49.5201842183769,43.1588213061324,95.508221695962,23.7833484605941,20.5053666703946,17.7259664970016,38.0014596195516
2012-07-22 00:00:00,51.0169928068927,88.269525528524,86.9375631863739,147.355912374622,39.8642758394331,31.6741208650871,26.4423356361757,50.1582206156432
2012-07-23 00:00:00,85.5048995076968,106.590958207932,91.7988272048037,161.839311063669,48.5017649216352,69.5748471081986,59.2970516084298,100.3839034089
2012-07-24 00:00:00,88.7390223344921,126.299090226905,119.637957547061,163.602769598993,85.0875049393163,114.066670686309,98.2872296503873,141.314521954911
2012-07-25 00:00:00,57.4627297201691,63.1087470686167,48.5579652148423,88.7457013997,41.8145879111345,60.5730686705908,58.0933203722973,81.863077131193
2012-07-26 00:00:00,69.2365333774513,115.095202466899,100.831692692609,180.71210519174,52.2385878630209,68.1716760117393,61.1640757079709,101.324705848464
2012-07-27 00:00:00,88.8168985253878,117.872275587741,101.116058417562,176.948388763121,72.5079101351956,86.0304598120072,76.3410694826057,122.868193927674
2012-07-28 00:00:00,49.4955779400444,74.2802763275653,66.9727694270174,112.563261284527,61.4403168565347,75.1863444581137,64.9952104890059,109.480395570613
2012-07-29 00:00:00,40.0847800625585,56.7446949826226,56.9739266646634,109.201256491908,36.3978170707868,25.3392966920697,21.1538685089406,46.2570256788709
2012-07-30 00:00:00,65.3295861407121,71.0606388052881,65.7166323104721,112.12396714215,72.7526473824528,123.093960268351,109.290236122717,184.567086358144
2012-07-31 00:00:00,69.9155933544483,94.7243176701786,86.3165436816332,146.127019210009,41.7410401589099,65.1809546778909,58.7858768559967,96.1672850706151
2012-08-01 00:00:00,64.1250751949713,94.6631206029251,88.6824297666227,170.952245854159,39.5745207016095,58.0491908093162,48.7681645815992,100.749032644793
2012-08-02 00:00:00,89.1420367234685,115.095202466899,100.185402654254,174.371329570977,63.7618057739814,98.4701986836234,83.0025323401272,141.222543239088
2012-08-03 00:00:00,87.7960146342913,120.974177576892,102.697339988307,173.9744662629,38.0666528209777,25.8091379436022,21.636657516001,35.3116994313146
2012-08-04 00:00:00,59.0139583131298,68.0902533002682,64.1221100778778,93.6290090005553,23.7833484605941,27.3404888938595,23.6346219960021,36.1248443296972
2012-08-05 00:00:00,51.0169928068927,75.6595933101634,61.2078523255689,115.201325529924,22.5319819962013,19.0044725190523,15.8654013817054,27.4492240292201
2012-08-06 00:00:00,97.0336500031166,145.082137560797,147.124720053682,210.358704120295,48.5017649216352,61.5469801341757,53.655495556914,84.8010937321201
2012-08-07 00:00:00,72.6046546373117,111.946920882938,101.96153220457,163.763038769838,40.1356155374134,48.8857160084182,41.7476670980332,68.3948363648771
2012-08-08 00:00:00,129.082943574293,173.549054438696,147.392898208937,268.235881257652,33.601008142876,42.9059236416685,36.3615734123044,63.7327409797651
2012-08-09 00:00:00,71.8329033791057,123.125100313427,113.32500009116,175.745387712897,24.5828648767157,22.7238920039131,18.871378015011,30.7044563177165
2012-08-10 00:00:00,50.0233106637241,71.3437457504746,63.1447389109407,108.04813119164,34.4412573142179,31.5445019310693,27.851096218202,45.4503584617412
2012-08-11 00:00:00,38.0735214923418,37.1401381637826,30.1635479263936,77.684504266786,19.8194570504951,20.5053666703946,23.6346219960021,41.2128505733166
2012-08-12 00:00:00,60.1271700938378,75.6595933101634,66.308506686033,115.201325529924,19.065523227555,19.0044725190523,15.8654013817054,27.4492240292201
2012-08-13 00:00:00,98.9551084190199,136.199557710136,117.785234249349,182.668629802419,29.1010589529811,32.1114678960917,28.742726468631,40.9257452359362
2012-08-14 00:00:00,104.873390031672,149.262561177251,143.142765111935,226.148958301205,40.1356155374134,48.8857160084182,46.2402957053187,70.8375090921941
2012-08-15 00:00:00,64.1250751949713,97.2926517307841,88.8708132341067,158.967498459621,76.9089741936939,73.1924579769639,64.9119413535242,114.93316146435
2012-08-16 00:00:00,74.4292733807601,115.095202466899,104.960451065155,147.246900526603,43.7882280616499,53.0224146757972,47.3565960895508,64.2140111138416
2012-08-17 00:00:00,47.9815428815313,24.8152159132086,23.1273094800936,40.4453460029991,29.9095129307682,31.5445019310693,27.851096218202,48.9132429159691
2012-08-18 00:00:00,38.0735214923418,68.0902533002682,63.2678532570615,92.7700272666053,27.7472398706931,6.83512222346488,5.90865549900053,8.94835593487914
2012-08-19 00:00:00,253.262928577074,233.283746039671,199.792248757657,475.34664590595,55.4633402983418,57.0134175571567,47.5962041451163,110.200561176134
2012-08-20 00:00:00,111.444588122391,115.473538058593,98.7159954486961,160.211616843201,86.4948141102494,88.3065367142521,77.6624653096131,116.426689033267
2012-08-21 00:00:00,146.105663035578,155.003428914838,128.279833541458,226.748822912084,103.549888086527,95.0555589052576,84.4276388672447,132.989959598372
2012-08-22 00:00:00,66.6234547480221,107.81077624222,98.1013636064819,171.260030247415,45.548033260343,53.001435086767,47.0517643904395,80.9155878125449
2012-08-23 00:00:00,136.742153420466,176.657752623612,150.682458659716,242.150218473982,29.9603665684973,35.3482764505315,33.0351597374777,45.8671507956011
2012-08-24 00:00:00,116.380763584991,139.585589511798,108.579342540559,238.880324830213,88.8221899156146,68.8243678496058,59.1040459635368,112.055792862038
2012-08-25 00:00:00,39.9771975669589,30.9501151364855,25.1362899386613,48.3824544117702,19.8194570504951,34.1756111173244,29.5432774950027,51.3353051000961
2012-08-26 00:00:00,52.8390282642817,44.134762764262,35.7045805232485,56.1033978307048,32.9313583021404,12.6696483460348,10.5769342544703,15.2775497654987
2012-08-27 00:00:00,44.1935435657759,74.0214987555085,61.5695162490651,101.821978708149,66.2857453929014,50.8431575021451,44.9256883741143,66.4606119216059
2012-08-28 00:00:00,67.2265320715849,103.335619276558,87.8971743157423,168.608099088472,53.7817248201339,43.4539697852606,38.5690481232124,67.8102651138952
2012-08-29 00:00:00,173.220982344858,210.362490228722,188.649908365103,281.952488821963,114.243427685778,128.717770925006,110.257227038633,165.80470895517
2012-08-30 00:00:00,212.902340135663,230.190404933798,204.191786399574,451.78026297935,112.159321000016,106.044829351594,95.9397531208477,197.020261372014
2012-08-31 00:00:00,86.7751307431949,89.9551576853811,81.8130641881293,145.231224739543,41.6920483277375,22.9414559498686,20.6388770462017,35.2376707113328
2012-09-01 00:00:00,45.6882257908102,61.900230272971,56.1540946858712,105.662831473981,15.855565640396,6.83512222346488,5.90865549900053,11.2111585850785
2012-09-02 00:00:00,76.525489210339,157.624152729507,134.259057313009,263.135557811825,27.7316701491709,38.0089450381045,34.82435771914,60.1898647387718
2012-09-03 00:00:00,148.913027232506,115.473538058593,88.3775400037384,191.593273750633,120.446049555394,85.6305810562445,69.8384574623973,135.012767788656
2012-09-04 00:00:00,276.076958373975,344.452064255195,281.733200375302,536.245942055081,242.419117845977,268.8714380463,229.414469261738,400.329409181574
2012-09-05 00:00:00,108.263113965536,128.847025265093,114.297059898898,171.3571715011,32.1076300031926,55.5253129480416,48.2242711921595,70.9691534302719
2012-09-06 00:00:00,62.3128800397061,80.2989784652783,82.4342279201096,130.835881336714,29.1921520410999,22.7238920039131,21.3244998985033,35.0494265513556
2012-09-07 00:00:00,75.5454079411344,102.362765641985,96.3335531710353,148.456699047025,34.4412573142179,51.6182758872044,43.273315032002,71.2219022428209
2012-09-08 00:00:00,72.3396908354495,111.420414491348,115.959181128474,196.985707247922,5.94583711514851,13.6702444469298,11.8173109980011,23.2231142119482
2012-09-09 00:00:00,51.0169928068927,56.7446949826226,45.9058892441767,84.5429082517994,29.4648995334941,25.3392966920697,21.1538685089406,35.8118908481581
2012-09-10 00:00:00,118.169692578053,136.199557710136,114.074669420824,199.274868875366,58.2021179059622,88.3065367142521,78.0333184341452,122.777235707809
2012-09-11 00:00:00,56.4702869401313,68.890412851039,63.97083655704,124.363420604263,32.1084924299307,29.8746042273667,29.5837909086416,51.5790846345054
2012-09-12 00:00:00,89.1088707254796,113.069838497938,92.5735098224615,186.522415682222,29.1208737238258,37.8581679191193,33.0842431181194,60.0198041466679
2012-09-13 00:00:00,120.298476743322,160.597956930557,156.038801360935,295.076668546631,45.3246571164446,63.1219222330919,65.2000606372559,109.788392861811
2012-09-14 00:00:00,81.6707112877129,114.77037359859,93.5106712270715,206.750222660067,12.6888842736592,17.2060919624014,14.4244383440007,29.4883665426417
2012-09-15 00:00:00,39.9771975669589,55.710207245674,51.8909954638206,110.311996058836,13.8736199353465,6.83512222346488,5.90865549900053,13.004943958691
2012-09-16 00:00:00,34.6186736903914,50.4397288734423,45.9058892441767,60.772873178105,15.5990644589086,6.33482417301741,5.28846712723515,7.24023010625805
2012-09-17 00:00:00,132.580630697328,183.573316913661,150.676574537015,298.430963050066,27.4843334555933,21.4076452640611,17.4596143655993,33.0713092815646
2012-09-18 00:00:00,86.9463148125831,123.428656358111,110.860309715311,163.631818386209,72.2441079673441,84.1920664589425,70.9497530453884,106.748190784765
2012-09-19 00:00:00,69.121834301073,84.144996091489,73.8683493609095,117.365588842964,42.5612769809762,25.2387786127462,23.0967821474298,33.832301524409
2012-09-20 00:00:00,67.505620043015,128.478365544445,109.720077228763,184.914712289222,112.159321000016,95.9453217942997,80.9057125606815,130.721379767463
2012-09-21 00:00:00,62.2739173568811,86.85325569623,71.3847950536752,124.904745009262,58.0063281081565,71.6920498433394,60.1018264333361,98.0880539758738
2012-09-22 00:00:00,43.7845497161931,55.710207245674,61.9455114392851,74.5351324721865,39.6389141009901,47.8458555642541,41.3605884930037,61.5098700748899
2012-09-23 00:00:00,34.6186736903914,69.3546272009831,68.0419640851501,93.2981608862899,90.1279279848053,101.357186768279,87.7090289914915,129.340032966163
2012-09-24 00:00:00,125.855526241666,148.042997511017,120.487876251557,190.610744141655,61.4355689007379,93.6584480302674,84.0066139099021,114.592086660621
2012-09-25 00:00:00,80.6718384859019,137.780825702078,132.22379266895,222.66974355811,77.8630941425819,100.487305128415,86.6739531708874,155.317797713255
2012-09-26 00:00:00,68.2890411167227,92.033589475066,75.8553374371481,127.333382048629,88.1093102413192,65.62082439314,53.761895066944,87.2545969960162
2012-09-27 00:00:00,76.1601867151964,115.095202466899,109.844931526069,167.044803118415,33.8014392054841,37.8731533398552,38.7740833309877,52.0341626672786
2012-09-28 00:00:00,51.0441945548205,43.426627848115,35.191680873489,66.3556457861703,37.1603039442877,37.2798659185365,33.6570228026682,54.1936498216703
2012-09-29 00:00:00,60.9176343877469,68.0902533002682,55.2998378650549,117.580615954186,19.8194570504951,41.0107333407893,35.4519329940032,68.0491253652436
2012-09-30 00:00:00,63.7712410086158,138.709254401966,121.165470520244,198.138362294595,98.7940749064213,133.031307633366,111.057809671938,180.259337181579
2012-10-01 00:00:00,77.8190658440836,106.590958207932,85.5560020656178,166.55307740533,45.2683139268595,42.8152905281222,39.6549854471306,63.5739731820368
2012-10-02 00:00:00,72.6046546373117,103.335619276558,89.3658063027539,149.87386585642,193.453666890332,192.826990922094,160.802325191097,267.473823504809
2012-10-03 00:00:00,84.1121116193779,107.81077624222,118.280025579916,160.835506667137,106.776536987361,128.717770925006,119.690873134054,184.547849967494
2012-10-04 00:00:00,59.7165100380517,74.9457132342598,81.6669464428968,132.081937349445,43.7882280616499,55.5472915651209,48.5831570312969,92.6703658931533
2012-10-05 00:00:00,50.0233106637241,71.3437457504746,61.1418722975463,106.169033257873,29.9095129307682,37.2798659185365,33.6570228026682,52.779902435018
2012-10-06 00:00:00,102.798508029323,92.8503454094566,90.0225587822207,139.282823306611,31.7111312807921,47.8458555642541,44.8169303895989,68.9656119021493
2012-10-07 00:00:00,89.2797374120622,100.879457746885,81.6104697674252,142.630212560859,62.3962578356345,95.0223625952612,79.3270069085272,127.442825849951
2012-10-08 00:00:00,128.737713865521,153.964717411458,136.862975728177,213.615489124268,30.7177844503689,24.0836009220688,19.6420661612993,31.7527333727091
2012-10-09 00:00:00,283.247788461611,344.452064255195,273.09210805947,483.064526314081,55.3871494416304,57.0333353431546,50.7329243126041,76.4967040334438
2012-10-10 00:00:00,97.4368025689823,134.106087520811,109.943022759159,209.15748261702,50.7748567492348,80.7640915607877,71.5135817253063,121.058126181885
2012-10-11 00:00:00,269.157023504842,240.896935395835,202.244812626999,433.393856927865,51.4703733356236,58.0721684544446,50.6799768107426,98.9010439030149
2012-10-12 00:00:00,88.8168985253878,68.2418437613236,55.9061160749035,122.932564824905,60.7253747382263,54.4859578809379,45.6773880893354,93.3798273850319
2012-10-13 00:00:00,74.2433669100666,74.2802763275653,60.3270958527872,108.149015743957,51.5305883312871,68.3512222346488,59.0865549900054,95.6245879315515
2012-10-14 00:00:00,49.1949573495036,69.3546272009831,56.1071979651048,93.2981608862899,19.065523227555,44.3437692111219,45.4012919736103,56.5862644226964
2012-10-15 00:00:00,114.326775746246,115.473538058593,99.060448255661,157.496165710266,37.1846864399203,42.8152905281222,38.7491861115467,55.4925359131339
2012-10-16 00:00:00,151.483785601305,203.800804684324,178.781374153393,335.761112100669,41.7410401589099,40.7380966736818,33.6947145546406,64.1893286272309
2012-10-17 00:00:00,73.2858002228243,86.774527219348,89.9778044058753,126.161791608472,37.3344534920844,60.5730686705908,59.9182108681794,84.6380966949622
2012-10-18 00:00:00,96.0656900612136,139.184896006483,120.4449040624,247.82384121236,34.5696537328815,20.1990151145894,18.0011191773115,34.0457201781782
2012-10-19 00:00:00,99.0257374363519,127.177981555194,105.165034955182,190.917998402315,31.7222106841481,34.4121839248029,35.0633153902023,49.1472775710694
2012-10-20 00:00:00,53.3029300892786,55.710207245674,45.2453218895904,94.0159057319626,27.7472398706931,13.6702444469298,11.8173109980011,22.1675181114051
2012-10-21 00:00:00,69.2373473807829,81.9645594193437,74.3928525765084,124.801435990751,32.9313583021404,6.33482417301741,5.28846712723515,9.14974134307337
2012-10-22 00:00:00,117.208963370101,216.142776366085,191.588793744676,280.535974240742,53.3519414137987,82.9546253982368,67.6560056666974,102.314363089841
2012-10-23 00:00:00,150.58743184035,241.116444978636,233.607483138682,338.145168419857,41.7410401589099,67.8968277894697,59.7181815271749,91.0675048017188
2012-10-24 00:00:00,115.758252624688,218.2510836123,191.147538400313,320.028124064588,60.4818146571768,78.2402136995131,66.1684862362387,110.258603173138
2012-10-25 00:00:00,137.607610087684,187.364283085649,161.32042554256,258.880597204911,72.9803801027499,111.094583130242,99.9381590389586,145.307133720464
2012-10-26 00:00:00,118.422531367184,130.279883544345,115.001878448224,188.944889696214,54.3809326013967,83.1627778182737,75.3432890128064,114.746398057878
2012-10-27 00:00:00,79.9543951339178,129.990483573239,134.299404164928,241.307491378704,25.7652941656436,54.680977787719,47.2692439920043,97.5370796901826
2012-10-28 00:00:00,83.8136310398951,100.879457746885,87.5778528274478,142.630212560859,39.8642758394331,76.017890076209,63.4616055268218,101.95426067996
2012-10-29 00:00:00,145.070110400699,148.042997511017,119.932429082763,184.700333470596,61.4355689007379,56.1950688181604,47.1081401698143,66.6233061980357
2012-10-30 00:00:00,92.3244373783099,60.2791112446591,49.6594679317942,71.0339676715324,44.951889401903,59.7492084547334,50.7329243126041,67.3393604950488
2012-10-31 00:00:00,72.4530070384741,60.4792159407577,50.0852902594745,93.4761404382725,42.5612769809762,55.5253129480416,49.119529585322,82.4776647973431
2012-11-01 00:00:00,55.389226701961,91.0055089273154,85.8425061532461,146.894864902653,50.7021588082262,58.0721684544446,53.6470554278878,88.7336468662564
2012-11-02 00:00:00,81.6707112877129,93.0570596745321,82.6330795186987,127.402839909447,97.885678682514,100.368869780675,85.5488495942046,130.731758339045
2012-11-03 00:00:00,59.0139583131298,86.6603223821595,82.4084087011073,134.059717432613,57.4764254464356,95.6917111285083,86.1775188826027,142.241574548183
2012-11-04 00:00:00,78.347524667728,138.709254401966,112.21439593021,170.083372943148,183.722314738257,259.727791093714,266.005708131204,302.103406646077
2012-11-05 00:00:00,191.185112382378,186.534176863881,171.974980860583,222.379201498597,144.696932016212,168.585206454481,149.851020905432,190.986811101036
2012-11-06 00:00:00,156.861908167032,195.189503077944,174.953596484399,306.6863366136,166.96416063564,214.553975814724,213.729736080047,322.412695703567
2012-11-07 00:00:00,109.095907149886,170.919523310837,160.977485721051,187.968325881309,153.817948387388,275.102686878933,249.344755015069,290.762606754969
2012-11-08 00:00:00,98.6620600628681,131.154998159955,135.902069615983,202.250466566337,82.1989544315183,95.9453217942997,82.1322735024276,140.058621179425
2012-11-09 00:00:00,109.234576347316,133.381785533496,129.467546742933,219.484059138871,77.0396545186453,100.368869780675,88.3614347692729,157.129517234429
2012-11-10 00:00:00,57.1102822385127,30.9501151364855,25.1362899386613,45.9633316911817,39.6389141009901,27.3404888938595,29.5432774950027,39.014831876073
2012-11-11 00:00:00,162.161155707623,151.319186620327,122.415704651138,169.085816503599,95.3276161377749,82.3527142492264,68.7500726540569,87.2914839423854
2012-11-12 00:00:00,115.287504954198,142.121277610576,115.955694712904,184.462010459666,187.540157696989,192.66880737655,168.216434606615,237.633359434468
2012-11-13 00:00:00,86.0499610516287,83.2425821950054,64.5161369528773,132.015064083809,89.1010664930577,84.1920664589425,75.8240866139602,127.698770284578
2012-11-14 00:00:00,93.272836647231,110.440307370079,97.2713474750826,146.877575572372,131.417276292137,146.384915953928,134.84789928595,187.100495407081
2012-11-15 00:00:00,154.051286764829,160.597956930557,135.160011315957,243.308831959503,101.404317616452,126.243844466184,117.93927821627,181.054542614215
2012-11-16 00:00:00,90.8586663075806,99.2608636528343,92.4111739213462,146.440045872928,123.263447229833,126.178007724277,108.183287580005,177.099672626785
2012-11-17 00:00:00,100.894831954706,37.1401381637826,36.0450627349422,49.2464268119804,59.4583711514852,41.0107333407893,35.4519329940032,52.2520069768835
2012-11-18 00:00:00,87.4577019546731,81.9645594193437,69.2921982160443,117.081759537715,38.13104645511,38.0089450381045,40.1128248463751,51.5026677661655
2012-11-19 00:00:00,107.601671290585,177.65159701322,164.647311544867,291.751138992329,44.4599511781656,53.5191131601528,47.1081401698143,83.5219290529311
2012-11-20 00:00:00,102.184328748809,169.355598258804,152.20617130016,212.876398355322,45.7546017126512,65.1809546778909,65.5248197669249,78.3585285760567
2012-11-21 00:00:00,62.4594888262707,81.5154649636299,83.2600178972994,121.607334309299,53.7616130286016,63.0969465318654,57.2780051321118,90.4646323370067
2012-11-22 00:00:00,28.5600700181987,24.0896935395835,21.1999450726613,32.7604805236811,15.3642905479473,10.0995075572947,12.9372207807206,13.0017120365484
2012-11-23 00:00:00,49.0024267726277,58.9361377938703,52.0818008242425,90.0540907098026,38.0666528209777,37.2798659185365,31.2529497453348,54.1936498216703
2012-11-24 00:00:00,66.6286626115982,92.8503454094566,78.3496272202583,137.889995073545,27.7472398706931,20.5053666703946,21.1823083935968,29.2611239070548
2012-11-25 00:00:00,67.4153119233939,69.3546272009831,64.1915438555802,72.8008376612717,36.3978170707868,38.0089450381045,34.82435771914,37.8466573736217
2012-11-26 00:00:00,91.2692747554067,118.434398008814,99.1525466815775,150.087200111539,63.0522943981257,74.9267584242139,65.2703470841868,90.2299894965523
2012-11-27 00:00:00,87.8426685735376,94.7243176701786,73.414914463619,130.682700106513,47.3600263341478,76.0444471242061,66.8388293993894,100.337140249829
2012-11-28 00:00:00,63.292282010621,102.551713986502,89.3207683782442,175.938353024905,80.6424195429023,98.4312365897101,91.6843985822738,162.29355041259
2012-11-29 00:00:00,74.4292733807601,93.6821415428247,83.72251164598,144.464618975955,36.8742973150736,47.9726608971499,39.8395758094677,70.0293105897124
2012-11-30 00:00:00,66.3574529212667,86.85325569623,71.7948027189598,115.222206636451,118.731702846383,134.781053705478,123.931761432159,170.110538259554
2012-12-01 00:00:00,45.6882257908102,37.1401381637826,30.1635479263936,61.2844422549089,29.7291855757426,27.3404888938595,27.0909638925973,43.3498131956367
2012-12-02 00:00:00,41.9068155199475,75.6595933101634,90.5615443574592,92.7727488780807,15.5990644589086,12.6696483460348,10.5769342544703,14.7367515437111
2012-12-03 00:00:00,66.2903153486638,94.7475184070509,91.2027673657284,138.625995739385,29.909421701675,26.7595565800764,23.1011704171152,37.2052229417602
2012-12-04 00:00:00,102.184328748809,140.651259570871,115.516838439142,178.115023415186,61.0061356168683,81.4761933473637,74.3009239946074,98.679117143355
2012-12-05 00:00:00,67.4562479323724,97.2926517307841,88.1372438464939,131.429821561104,73.9222179143271,118.622259479907,97.1849641594756,154.00357095481
2012-12-06 00:00:00,70.1019900446694,93.6821415428247,93.2832098841591,128.412994645293,91.4175287602866,103.519952462271,93.3289766077491,134.325227329975
2012-12-07 00:00:00,61.2530334657847,68.2418437613236,61.5086366519995,100.677531537638,69.7888635051258,91.7658237994744,78.3366304222043,128.799761910389
2012-12-08 00:00:00,26.6514650446393,18.5700690818913,15.0817739631968,30.6422211274545,69.3680996767327,61.5161000111839,56.6342413876,97.5370796901826
2012-12-09 00:00:00,45.5508864347256,37.8297966550817,30.6039261627844,48.5338917741811,91.8611573691285,95.0223625952612,79.3270069085272,115.642564197177
2012-12-10 00:00:00,111.444588122391,136.199557710136,121.391465651186,171.251840439768,205.324138168256,176.613073428504,146.595123436427,211.023373872796
2012-12-11 00:00:00,73.5010083982662,91.8538838013853,80.2598888235528,140.422360802412,85.0875049393163,111.35079757473,98.4050879661707,162.80572660228
2012-12-12 00:00:00,130.748529942993,115.699369625797,105.212218684452,169.65346335954,40.3212097714512,45.4298015029431,42.9162340006746,64.0211244231125
2012-12-13 00:00:00,152.320373430393,144.538161237501,132.541545872549,215.202466888319,74.5168091575446,106.044829351594,93.082689227513,149.46364655808
2012-12-14 00:00:00,99.0257374363519,130.279883544345,102.752160676503,159.253549886809,108.761865202793,86.0304598120072,78.7451425399391,100.049815055391
2012-12-15 00:00:00,32.3624932684906,37.1401381637826,30.1635479263936,55.7131293226445,35.6750226908911,27.3404888938595,27.0909638925973,39.4089210869425
2012-12-16 00:00:00,100.211950156396,132.404288292786,112.21439593021,235.202706290262,43.3307346080795,69.6830659031916,58.1731383995866,117.421680569442
2012-12-17 00:00:00,63.4081277248089,94.7475184070509,82.0977916181406,114.65307918295,63.8606571468196,61.5469801341757,51.4730437612141,70.7738451448521
2012-12-18 00:00:00,81.5681922468564,129.169524095698,119.890107684972,192.272393697381,32.1084924299307,38.022223562103,37.0458855038596,54.1292467137234
2012-12-19 00:00:00,74.1185934071746,94.6631206029251,83.1086076207536,118.543528147045,34.3476972127177,42.9059236416685,35.1520083130018,51.6374762682768
2012-12-20 00:00:00,64.0437933741424,88.3288763118062,79.4825226314477,137.436610485233,259.65651026031,252.487688932368,220.327145305061,371.895817261631
2012-12-21 00:00:00,147.007280317883,204.725531283971,160.661143364801,233.571873167319,160.42375117412,160.59019164908,136.034383798207,174.309011118726
2012-12-22 00:00:00,36.1698454177247,61.900230272971,50.2725798773227,74.1344059535189,33.6930769858416,54.680977787719,47.2692439920043,62.9271481872145
2012-12-23 00:00:00,78.347524667728,107.184423856065,86.7111241278893,147.043276068311,31.1981289178172,50.6785933841393,49.2987102922616,65.9506108688852
2012-12-24 00:00:00,28.8218762385495,44.4128992533051,38.0869918456712,46.4149539305978,141.463481021436,96.334403688275,79.844917105313,95.6705732788119
2012-12-25 00:00:00,45.7140418086777,31.5747725567262,27.41252415494,51.0284828987335,14.4488215934688,27.1587311157879,22.4631430364271,41.9777831657447
2012-12-26 00:00:00,49.9675910610166,52.5906225571806,42.832020075869,78.4563447156768,44.8013441905013,70.6685801156893,64.2815736603393,101.320388217448
2012-12-27 00:00:00,47.6001166969977,77.6223458497691,77.4566434133764,105.561548354084,81.4307399041209,88.3706911263287,75.8418141640906,113.764980319798
2012-12-28 00:00:00,54.1068462281098,83.7513537070789,71.7948027189598,111.975152264162,133.233284873422,183.531647598949,156.673260844409,233.44956846258
2012-12-29 00:00:00,55.2066061638956,86.6603223821595,81.2903846245325,118.070943793861,37.6569683959406,61.5161000111839,53.1778994910048,80.5352034139122
2012-12-30 00:00:00,134.830623846788,195.453949384589,163.22093953485,260.402996249933,67.595945988604,63.3482417301742,52.8846712723515,80.060236751892
2012-12-31 00:00:00,78.7797950520352,109.551818158153,98.5970995127836,167.918988886696,122.871137801476,157.881383822451,137.662109466816,229.963711325737
2013-01-01 00:00:00,57.3666407010858,100.465185407765,99.8535618009344,144.475866450574,41.7410401589099,57.0333353431546,65.4479605161519,78.4415354919212
2013-01-02 00:00:00,147.404393629999,184.067178950132,160.134467649889,244.795959287286,67.9487053555936,88.3357251446116,78.0682423136764,112.905471366342
2013-01-03 00:00:00,98.6620600628681,168.627854777085,163.045637198057,242.700559879604,42.2517990068552,60.5970453437682,56.1001773113801,82.560871432082
2013-01-04 00:00:00,135.777557515823,176.808413381611,161.158433409383,240.144241892807,67.0698168750559,91.7658237994744,82.5124226086545,118.577558584167
2013-01-05 00:00:00,70.4360147608324,80.4702993548624,68.2951112447937,123.20068288358,27.7472398706931,27.3404888938595,29.5432774950027,40.2214761609
2013-01-06 00:00:00,218.644254886683,214.36884771213,179.389631315801,256.05811867068,246.118572573892,272.397439439749,230.49764142684,308.646016167639
2013-01-07 00:00:00,105.680212874681,112.512678108373,92.7393398508439,132.175333528885,160.86418699009,168.585206454481,149.148428356659,188.198682471824
2013-01-08 00:00:00,72.6046546373117,91.8538838013853,83.0697543650345,132.092220754811,41.7410401589099,57.0333353431546,48.4866100089614,78.4415354919212
2013-01-09 00:00:00,71.6202138541238,89.404058347207,69.9739752527768,123.695285418668,21.653983025409,27.7626564740208,26.3741124416149,36.9154064213915
2013-01-10 00:00:00,66.6401633757969,107.065304620371,95.0429643217204,139.033618262573,21.5100067671263,25.2487688932368,20.9681977944567,31.0379215910083
2013-01-11 00:00:00,57.169497901399,68.2418437613236,69.1572671533214,96.5173029617023,67.9761657517459,68.8243678496058,65.3184846657378,92.6080932744118
2013-01-12 00:00:00,43.7845497161931,61.900230272971,62.7997682601014,65.1962151647967,49.5486426262376,95.6917111285083,99.8969920887427,96.8453273519543
2013-01-13 00:00:00,71.0593828381719,12.6099322183606,10.2013087209282,13.8668262211946,39.8642758394331,44.3437692111219,37.019269890646,46.2570256788709
2013-01-14 00:00:00,118.169692578053,115.473538058593,95.9459432662107,157.496165710266,21.0174314660419,34.7874235540993,29.6485258042149,45.0876854294213
2013-01-15 00:00:00,118.318696445989,123.428656358111,117.896240140054,167.558982027478,73.8495325888406,100.487305128415,87.0556581321737,130.466950079134
2013-01-16 00:00:00,107.430320781186,176.178585566555,165.590710763812,245.734201639955,44.0546551206596,32.81041219657,31.3678429269597,43.9819919817317
2013-01-17 00:00:00,84.8147533873778,93.6821415428247,85.3228690041703,133.719316738074,47.6293006986367,53.0224146757972,48.0316212864699,71.6437314080051
2013-01-18 00:00:00,73.5036401589416,83.7513537070789,68.3372518227521,106.961339476215,38.0666528209777,65.9566858558722,60.5103385510709,80.1394040990945
2013-01-19 00:00:00,41.880873641576,37.1401381637826,30.1635479263936,40.5558809039839,19.8194570504951,34.1756111173244,29.5432774950027,35.8592204743318
2013-01-20 00:00:00,56.4830991790597,44.134762764262,41.6719635832712,49.717645232088,45.0639639924027,44.3437692111219,37.019269890646,47.38524581738
2013-01-21 00:00:00,58.6044816850506,82.9040786061695,79.2027836686934,100.321444285082,36.3763236912264,37.4633792121069,37.4725336514307,43.0797318273013
2013-01-22 00:00:00,90.531729856401,103.335619276558,91.878115881367,148.603748349162,61.8088479276166,86.9079395705212,74.5100769814957,119.529958844832
2013-01-23 00:00:00,253.169128042484,136.73561864867,119.052700047294,197.129807310818,42.5612769809762,32.81041219657,32.6858983309847,45.460378266832
2013-01-24 00:00:00,115.105736740013,107.065304620371,106.994284788523,124.103833751156,41.4835844794578,45.4477840078262,45.2597763101051,49.8689827442106
2013-01-25 00:00:00,91.879550198677,102.362765641985,87.2734816977315,156.409736495973,25.3777685473185,34.4121839248029,34.065534920403,50.0249075276957
2013-01-26 00:00:00,70.4360147608324,61.900230272971,53.2133372815969,83.5696939839667,13.8736199353465,20.5053666703946,21.1823083935968,26.6010217336862
2013-01-27 00:00:00,87.4577019546731,50.4397288734423,48.889580774188,55.4673048847784,29.4648995334941,44.3437692111219,48.4948469293394,46.2570256788709
2013-01-28 00:00:00,52.8401064373407,44.4128992533051,42.3134107083822,51.0564493236576,22.6341569634298,13.3797782900382,10.9122589784996,14.6163375842629
2013-01-29 00:00:00,50.1958106134501,54.5382435070725,46.5114419629346,67.0631247582169,26.4895062546928,38.022223562103,31.4484002509979,44.7154646765541
2013-01-30 00:00:00,77.4497661445757,115.699369625797,106.891666722189,132.329701420442,28.3741846539842,32.81041219657,28.0905126327746,36.06523342502
2013-01-31 00:00:00,66.6401633757969,64.2391827722227,57.6000917658905,77.5865925689045,21.5100067671263,30.2985226718841,30.5820378539855,34.6409250763981
2013-02-01 00:00:00,51.0441945548205,80.6494517179279,81.6316462120015,74.2041630296958,13.5952331503492,8.60304598120072,7.21221917200033,7.53063124072838
2013-02-02 00:00:00,28.5551411192564,49.5201842183769,43.1588213061324,50.0281161264563,15.855565640396,6.83512222346488,5.90865549900053,6.63517548912807
2013-02-03 00:00:00,41.9068155199475,50.4397288734423,43.7889264137239,51.7694845591265,6.93291753729272,6.33482417301741,8.38202208296425,6.16760342384945
2013-02-04 00:00:00,49.9579188134858,53.2954791039661,47.4175244643114,48.4603586800818,78.4111866233102,77.6027140822215,72.7626155071614,67.0534808950367
2013-02-05 00:00:00,90.531729856401,100.465185407765,96.5888118580246,113.654348274452,55.3871494416304,76.0444471242061,65.5248197669249,82.2764550048596
2013-02-06 00:00:00,67.4562479323724,84.144996091489,77.4888171130358,121.310650652811,32.8543190730343,27.7626564740208,29.9657494419401,38.4664739180886
2013-02-07 00:00:00,106.451170067831,144.538161237501,123.482770134961,198.122906024167,20.7417922397289,32.8233995612078,33.3538828303502,42.5909257387725
2013-02-08 00:00:00,45.9397750993385,34.1209218806618,30.3659323161308,40.2710126150551,20.8460241638687,22.9414559498686,24.4492426910692,25.7599523820778
2013-02-09 00:00:00,45.6882257908102,55.710207245674,48.1860792938647,78.7942828991686,19.8194570504951,20.5053666703946,17.7259664970016,27.8677370543379
2013-02-10 00:00:00,51.0169928068927,81.9645594193437,81.1355508779155,80.5456076252367,24.2652113805245,12.6696483460348,13.6704892101994,11.8103044286479
2013-02-11 00:00:00,43.2328143578242,56.2563390541864,52.0686019388771,59.9603334220438,34.7595981938385,37.4633792121069,31.8309775999148,37.9443995564972
2013-02-12 00:00:00,51.0921643744045,88.983449932592,99.4249853791472,104.136496448513,20.870520079455,19.0111117810515,15.7242001254989,21.2783935357395
2013-02-13 00:00:00,74.9513865915249,105.181245114361,91.2016018232273,131.715031274494,29.1208737238258,32.81041219657,29.3000777320772,39.4874818522117
2013-02-14 00:00:00,49.331030031434,45.5027544636577,43.0823759382185,45.1659498407583,27.6557229863052,25.2487688932368,20.9681977944567,23.7243883425523
2013-02-15 00:00:00,43.8980073171457,49.6304318264171,40.0174294308471,62.9149826713318,130.514238243352,120.44264373681,111.812896990543,145.257509265605
2013-02-16 00:00:00,32.3624932684906,12.3800460545942,12.9952733797388,13.5186269679946,47.5666969211881,41.0107333407893,35.4519329940032,43.0310645691982
2013-02-17 00:00:00,56.4830991790597,50.4397288734423,47.5479331851198,52.1558239961349,15.5990644589086,38.0089450381045,38.7217760377913,37.2817818904333
2013-02-18 00:00:00,32.6647930703561,35.5303194026441,28.5186673552059,40.2698755228848,15.3588922251845,26.7595565800764,21.8245179569992,28.8209473492509
2013-02-19 00:00:00,50.1958106134501,66.0199789822457,59.5214478016691,79.4544076082794,26.4895062546928,19.0111117810515,18.352219390428,21.8820359055478
2013-02-20 00:00:00,58.2955229045194,52.5906225571806,44.3230846461214,56.7451549830367,33.601008142876,40.3820457803939,36.3615734123044,41.8754524528534
2013-02-21 00:00:00,45.0037466953433,37.4728566171299,29.6799231017259,38.7545804198969,51.4703733356236,45.4477840078262,41.0661367512138,44.4938828077089
2013-02-22 00:00:00,38.7935878616636,55.8342358047193,46.2546189601872,60.4760316025856,26.2841174240084,14.3384099686679,14.4244383440007,14.7752891432013
2013-02-23 00:00:00,43.7845497161931,43.3301611910797,40.2180639018581,47.6656773093736,33.6930769858416,6.83512222346488,5.90865549900053,7.22496886593945
2013-02-24 00:00:00,51.0169928068927,81.9645594193437,78.2432728060783,96.2451752132066,39.8642758394331,31.6741208650871,41.8153309935204,35.2807822974439
2013-02-25 00:00:00,115.287504954198,127.316977859475,102.744215574191,143.291293672922,219.874667644746,195.344763034558,173.323044447079,208.921636519115
2013-02-26 00:00:00,139.831186708897,143.521693439665,126.589765101118,159.179759488028,439.083633979302,374.790489397873,323.641811698948,397.554299393229
2013-02-27 00:00:00,113.259873071638,134.106087520811,121.640150420152,144.700145206744,74.6689069841688,70.6685801156893,61.8404274607569,73.2820417924935
2013-02-28 00:00:00,115.105736740013,187.364283085649,173.843001160272,200.994252488285,48.3975152260341,47.9726608971499,41.0661367512138,48.7160421493652
2013-03-01 00:00:00,85.7542468520985,124.076079566043,122.970547209729,126.391706259372,70.6952123818157,51.6182758872044,47.4921927946044,50.0249075276957
2013-03-02 00:00:00,60.9176343877469,68.0902533002682,60.3270958527872,75.4621863586565,47.5666969211881,20.5053666703946,17.7259664970016,21.8366596321304
2013-03-03 00:00:00,81.9915955825061,126.099322183606,122.807514461187,105.25422312473,98.7940749064213,95.0223625952612,79.3270069085272,75.2373309234647
2013-03-04 00:00:00,56.6830232691473,94.7475184070509,76.1065735110651,106.635381337989,139.038392775354,112.390137636321,97.6753845954444,120.201489504148
2013-03-05 00:00:00,60.9520557449037,86.1130160637987,77.3190028231525,109.050014335828,40.9383278481616,40.7380966736818,43.321074855733,49.3395585716775
2013-03-06 00:00:00,46.6364183236155,84.144996091489,68.2945272150404,96.2397828512302,73.1755288444854,78.2402136995131,65.3102861406589,86.0017104750477
2013-03-07 00:00:00,35.4837233559438,58.8859175412041,49.120113736826,75.8978296709494,46.092871643842,60.5970453437682,62.8569534775741,73.9351087451481
2013-03-08 00:00:00,66.3574529212667,77.5475497287768,101.021922820731,92.1606191474588,38.0666528209777,40.1475479122701,40.0130462359699,45.3929716455016
2013-03-09 00:00:00,62.821310462364,68.0902533002682,81.9403237041472,89.486132496106,35.6750226908911,27.3404888938595,23.6346219960021,34.5263998903301
2013-03-10 00:00:00,54.6610637216707,94.5744916377043,105.863507438851,98.5274494663827,10.3993763059391,0,0,0
2013-03-11 00:00:00,49.9579188134858,59.2171990044068,52.5051531717586,67.5924624615797,28.2926962042872,26.7595565800764,21.8245179569992,29.0253512311604
2013-03-12 00:00:00,36.7505041991331,25.8339048191396,26.4891925637657,29.2254038420019,25.6867939439446,27.1587311157879,26.7466186568242,29.3844482160213
2013-03-13 00:00:00,29.98055463661,13.1476556392952,13.3230158354608,16.1115707898265,27.6274955841425,20.1910228901969,19.8194518532448,23.7792747857275
2013-03-14 00:00:00,34.6182666887256,45.5027544636577,40.6401357077614,56.9483715383474,19.2053631849342,27.7736457825604,27.0634234920132,32.9046951359747
2013-03-15 00:00:00,43.8980073171457,27.9171179023597,26.3169557785105,33.4098356405893,29.0031640540782,8.60304598120072,8.61851175953446,9.79508678863971
2013-03-16 00:00:00,26.6514650446393,24.7600921091884,26.7547055251593,32.2549696078468,29.7291855757426,27.3404888938595,23.6346219960021,34.2235367333974
2013-03-17 00:00:00,67.4153119233939,63.0496610918029,56.9739266646634,59.4292552336912,57.1965696826649,31.6741208650871,26.4423356361757,28.3206279666557
2013-03-18 00:00:00,48.9971896055341,38.4911793528644,30.7847581245326,47.2889250733113,68.7108336389832,82.9546253982368,74.5742141783293,96.8471833827498
2013-03-19 00:00:00,79.7754847249474,117.687788620525,99.1879154046698,135.855051873251,259.27607637169,181.963498475779,151.817067976526,200.893676578921
2013-03-20 00:00:00,52.4659706140674,68.3678093243348,54.9715113795796,80.8911967930598,71.6821507048021,70.6685801156893,57.8974254567089,80.3575492759067
2013-03-21 00:00:00,62.3128800397061,66.9158153877319,63.7626838618041,78.0889832302459,182.835057520573,176.741382252657,164.357633472417,195.245304062356
2013-03-22 00:00:00,72.4827562678452,55.8342358047193,53.4932417962244,65.0014489333913,221.149125912347,258.091379436022,222.989525979946,285.856614443975
2013-03-23 00:00:00,49.4955779400444,61.900230272971,50.2725798773227,68.6019875987787,55.4944797413861,41.0107333407893,35.4519329940032,43.6733192642608
2013-03-24 00:00:00,27.3305318608354,18.9148983275409,15.3019630813922,20.1602319677368,64.1294872199577,44.3437692111219,53.3472156331585,44.8337325810595
2013-03-25 00:00:00,41.3113559419209,38.4911793528644,34.7208798241105,47.6526860354137,88.1115396076372,72.2508027662063,61.4795034041298,84.9996247207906
2013-03-26 00:00:00,46.6103955696322,60.2791112446591,57.2967534239837,65.1521741700679,60.20342330612,62.4650815663121,55.2255529198895,64.5709212390276
2013-03-27 00:00:00,37.4756932957625,55.2201536850396,48.0620417088561,68.1554217584027,83.6291758222691,90.8596030058862,79.277807412979,107.776569172722
2013-03-28 00:00:00,68.3710767102331,37.4728566171299,30.9200403902114,49.4046941230747,34.5696537328815,37.8731533398552,33.5491164711307,47.2676744840164
2013-03-29 00:00:00,22.459445604121,27.9171179023597,25.5401837587727,32.7233321685223,22.6587219172486,20.073773956135,20.6388770462017,22.3855750580556
2013-03-30 00:00:00,45.6882257908102,49.5201842183769,58.3901428390208,65.0808236335316,45.5847512161386,20.5053666703946,17.7259664970016,25.8947999177476
2013-03-31 00:00:00,23.6864609460573,31.5248305459014,25.5032718023204,33.8608547261729,20.7987526118782,12.6696483460348,10.5769342544703,12.9089373987547
2013-04-01 00:00:00,37.4684391101143,47.3737592035254,42.5002774484119,56.061983571075,17.7839804712662,29.435512238084,29.7770584416453,33.1017057055367
2013-04-02 00:00:00,35.8541504381786,48.7973757694859,43.3634159940749,52.7422362329121,61.8088479276166,67.8968277894697,61.0321911596394,70.1857839554648
2013-04-03 00:00:00,62.4594888262707,57.8496848128987,47.7182411959741,66.6089101109605,25.3874283746174,25.2387786127462,21.8872170481272,27.9286784396128
2013-04-04 00:00:00,43.272833360907,56.2092849256948,58.125696732591,80.2315900428444,38.4107263698683,30.2985226718841,25.161837353348,40.9392750902886
2013-04-05 00:00:00,116.380763584991,214.031237251424,174.546963395463,249.172220911333,85.1967944088548,157.722509655347,142.559628318216,174.690153271318
2013-04-06 00:00:00,38.0735214923418,61.900230272971,53.2133372815969,76.6055528186362,51.5305883312871,47.8458555642541,41.3605884930037,56.8966298192732
2013-04-07 00:00:00,34.6186736903914,63.0496610918029,67.4756317374665,74.0347501640051,39.8642758394331,63.3482417301742,52.8846712723515,70.5615645948878
2013-04-08 00:00:00,67.2510445566154,103.630098257712,83.2899112962912,116.632448338425,53.3519414137987,61.5469801341757,53.655495556914,65.8246252046527
2013-04-09 00:00:00,31.3723816334063,28.7043386879329,29.9431218488238,35.0424506498824,32.911204740679,51.601589119997,49.2097616932513,60.2486887882451
2013-04-10 00:00:00,35.8101069270619,42.0724980457445,38.7855229746322,49.1019300261378,24.6407393047757,37.8581679191193,34.293808217422,42.4629906887991
2013-04-11 00:00:00,59.7165100380517,74.9457132342598,62.7199579992034,81.4089928317331,18.4371486575368,12.6243844466184,11.7106598389745,12.9812690930947
2013-04-12 00:00:00,39.81447175276,43.426627848115,36.1931141801862,51.2540160555246,45.3174438344972,63.0890038621387,52.8896072613358,70.8398690507138
2013-04-13 00:00:00,34.2661693431076,37.1401381637826,49.6208698783564,51.5476617097365,41.6208598060396,27.3404888938595,23.6346219960021,36.4624596972645
2013-04-14 00:00:00,193.135758483237,170.234084947868,150.42774909396,218.402512983815,31.1981289178172,50.6785933841393,45.4012919736103,61.6760342384945
2013-04-15 00:00:00,88.3870871315517,91.7866584568305,74.2255482189847,114.514206751769,36.3763236912264,40.1393348701146,35.2900818557308,47.5880758557398
2013-04-16 00:00:00,43.0249805258143,60.2791112446591,52.6003539321945,87.4264217495783,23.2786570116998,19.0111117810515,15.7242001254989,26.3706586554037
2013-04-17 00:00:00,34.1445205583613,42.0724980457445,34.7390258733953,47.801216647962,87.3626211714775,75.7163358382385,66.8712162436842,82.6762865066684
2013-04-18 00:00:00,38.0800933575982,34.7962240016206,32.1601576786969,45.1859259353363,24.5828648767157,30.2985226718841,33.3538828303502,37.2455059092099
2013-04-19 00:00:00,32.6682845150852,40.3247258589639,31.367365622828,50.7425526600126,37.1603039442877,34.4121839248029,32.6592423328689,41.196982669867
2013-04-20 00:00:00,20.940436820788,37.1401381637826,33.1043053306679,59.3075247628151,37.6569683959406,20.5053666703946,17.7259664970016,31.4635740936073
2013-04-21 00:00:00,51.0169928068927,63.0496610918029,51.0065436046407,71.6073813061688,15.5990644589086,6.33482417301741,5.28846712723515,6.8248070673744
2013-04-22 00:00:00,53.8008356452924,44.4128992533051,40.9878325850957,49.9853350021822,63.8606571468196,45.4912461861299,37.1016805268986,48.6529838469172
2013-04-23 00:00:00,45.7140418086777,77.5017144574188,66.5735621300623,91.3293870062559,33.7139170514272,35.3063504505243,31.4484002509979,39.7914402925288
2013-04-24 00:00:00,35.8101069270619,60.4792159407577,54.7831279120956,69.6365878432769,26.8808065143008,42.9059236416685,44.7914708098401,47.4787533473418
2013-04-25 00:00:00,38.0800933575982,42.8261218481485,33.9199121162581,56.8968345505299,20.7417922397289,30.2985226718841,29.7117790162859,38.1050175840379
2013-04-26 00:00:00,42.8771234260493,68.2418437613236,61.2684695854775,80.5420252301101,29.0031640540782,22.9414559498686,19.2325844586676,25.7599523820778
2013-04-27 00:00:00,13.3257325223196,30.9501151364855,25.1362899386613,35.6304896830866,29.7291855757426,27.3404888938595,23.6346219960021,30.2440557178861
2013-04-28 00:00:00,52.8390282642817,88.269525528524,93.2675165604792,110.185051595438,58.9297990669881,88.6875384222438,90.8025839472206,105.015950189869
2013-04-29 00:00:00,177.734903471055,198.377616664763,170.304949930331,224.840138336107,37.1846864399203,40.1393348701146,36.5667343158468,43.2314210238763
2013-04-30 00:00:00,47.5067493305867,51.6678096382792,64.0190546783287,65.4300086014968,54.5844371308822,59.7492084547334,58.8856000013092,72.364685905127
2013-05-01 00:00:00,57.4627297201691,99.9221828586431,91.2378622976071,132.88923504167,43.3079660508179,65.62082439314,56.1810252655492,83.8726358721396
2013-05-02 00:00:00,77.8911000496327,91.0055089273154,88.8803722258067,107.655825647835,21.5100067671263,27.7736457825604,25.161837353348,31.1016981422227
2013-05-03 00:00:00,36.7518200794708,40.3247258589639,38.3813271719059,41.5722118178416,17.220628657109,34.4121839248029,32.6592423328689,33.7517448379633
2013-05-04 00:00:00,41.880873641576,49.5201842183769,45.2453218895904,60.2797792671235,9.90972852524753,20.5053666703946,17.7259664970016,23.9845277926678
2013-05-05 00:00:00,32.7966382330024,31.5248305459014,25.5032718023204,37.9830457363157,17.3322938432318,12.6696483460348,25.949929611815,14.4804602125161
2013-05-06 00:00:00,51.879377229389,68.0997788550678,65.2946435868141,103.397337624011,16.9756177225723,26.7595565800764,24.7095623014723,38.6091936188078
2013-05-07 00:00:00,43.9213342867688,45.9269419006926,40.4225299936745,50.9375230361689,20.870520079455,21.7269848926303,20.5985336940707,23.0466260517814
2013-05-08 00:00:00,30.8133478209602,36.8134357900264,33.8993018545271,46.1002609460728,20.9072939555673,22.7149007514716,20.6776519488246,27.3374874361466
2013-05-09 00:00:00,27.6946133509805,26.7663261550928,23.3199395799275,37.2811919937948,28.4239375137026,32.8233995612078,27.2586571327937,43.277876153914
2013-05-10 00:00:00,32.6682845150852,34.1209218806618,35.9684528932269,42.9360060969337,20.8460241638687,25.8091379436022,21.636657516001,30.8977370024003
2013-05-11 00:00:00,22.8441128954051,30.9501151364855,28.0770473429356,37.0672029767594,13.8736199353465,41.0107333407893,38.9082748905984,47.1953611404109
2013-05-12 00:00:00,21.8644254886683,6.30496610918029,5.10065436046407,8.48165098966272,13.8658350745854,19.0044725190523,15.8654013817054,24.2512561811556
2013-05-13 00:00:00,29.7826054465011,20.7260196515424,18.5137916318592,26.0600626756169,18.5923432199602,10.7038226320306,8.72980718279967,12.7892953862301
2013-05-14 00:00:00,43.9213342867688,37.3156402943128,31.5237524829328,43.6701436719568,25.6867939439446,29.8746042273667,28.9929329604669,33.4374755561621
2013-05-15 00:00:00,29.98055463661,23.6657801507313,18.2092369555659,34.1186204961031,15.6804704666755,12.6193893063731,10.3388259744123,17.4847608718584
2013-05-16 00:00:00,28.5600700181987,21.4130609240742,18.2000733466146,25.3307825053729,20.7417922397289,30.2985226718841,27.6149592368403,33.9291252460611
2013-05-17 00:00:00,33.6891684061816,27.9171179023597,26.9516247307545,32.2811249770558,19.0333264104888,22.9414559498686,19.2325844586676,25.2377911851438
2013-05-18 00:00:00,22.8441128954051,18.5700690818913,18.0225313674711,24.1912272058851,3.96389141009901,6.83512222346488,5.90865549900053,8.55588418334935
2013-05-19 00:00:00,18.2203545738902,25.2198644367211,32.9473280517218,33.9266039586509,20.7987526118782,44.3437692111219,37.019269890646,56.5862644226964
2013-05-20 00:00:00,33.6255222783077,47.3737592035254,39.8491212018391,54.8520127026345,27.4843334555933,48.1672018441375,42.1691766670716,52.9973679314282
2013-05-21 00:00:00,40.3359192429509,40.1860741631061,34.6717784517925,51.2726383193016,28.8976431869376,35.3063504505243,29.2020859473552,43.0824616701064
2013-05-22 00:00:00,29.98055463661,26.2953112785903,20.2324855061843,30.6887062663362,15.6804704666755,17.6671450289223,15.6839214634798,19.8160623214396
2013-05-23 00:00:00,38.0800933575982,42.8261218481485,37.9625097049056,69.7791367129141,43.7882280616499,60.5970453437682,52.7767965901883,93.4651374702815
2013-05-24 00:00:00,41.8562395349529,55.8342358047193,47.7926572201002,78.9687024232109,63.4444213682962,68.8243678496058,67.0902037948545,92.6080932744118
2013-05-25 00:00:00,26.6514650446393,30.9501151364855,25.1362899386613,42.1681942120933,17.8375113454456,27.3404888938595,27.0909638925973,35.7934237395165
2013-05-26 00:00:00,20.0423900312793,18.9148983275409,15.3019630813922,28.8003313824811,12.1326056902623,6.33482417301741,5.28846712723515,9.14974134307337
2013-05-27 00:00:00,17.2931257431297,14.8042997511017,11.3304538466331,19.2147927562152,22.6341569634298,13.3797782900382,13.0947107741995,16.5023166273936
2013-05-28 00:00:00,62.7447632668126,60.2791112446591,48.9432763090793,81.8311307576053,16.0542462149654,16.2952386694727,13.4778858218562,21.1568027155353
2013-05-29 00:00:00,66.6234547480221,44.7020291736035,40.5547913500166,47.6342092916609,113.496738615937,70.6685801156893,62.3843208501966,72.3717058696054
2013-05-30 00:00:00,27.6946133509805,26.7663261550928,22.4400623611468,30.8191187148704,116.7686081644,123.71896757686,116.876274484535,134.849423339067
2013-05-31 00:00:00,28.5847489506995,12.4076079566043,9.65149711471631,16.3336974242881,95.1666320524442,111.839597755609,104.192165700808,140.069741077548
2013-06-01 00:00:00,57.1102822385127,61.900230272971,50.2725798773227,74.1344059535189,49.5486426262376,47.8458555642541,41.3605884930037,55.0612546638127
2013-06-02 00:00:00,18.2203545738902,18.9148983275409,18.2856546114036,20.9666412464462,140.391580130178,145.700955979401,132.211678180879,153.20326904842
2013-06-03 00:00:00,44.1935435657759,38.4911793528644,41.3081577702614,42.4304738671492,134.996579031885,152.529472506435,132.926352750884,159.778594414272
2013-06-04 00:00:00,23.3051977848161,43.0565080318993,36.3113016656817,61.3979072310964,61.0061356168683,65.1809546778909,53.9115432874249,88.8941290568711
2013-06-05 00:00:00,50.8003842453669,81.5154649636299,68.2945272150404,110.990820996582,92.5894446603694,100.955114450985,86.3393030932062,132.107082142931
2013-06-06 00:00:00,45.0037466953433,56.2092849256948,51.600348313797,69.8418877351379,36.8742973150736,53.0224146757972,52.5815629494078,62.3661259019325
2013-06-07 00:00:00,25.5220972774103,27.9171179023597,27.7283967504924,32.0644731315722,38.0666528209777,43.0152299060036,36.0610958600016,47.0032688179691
2013-06-08 00:00:00,34.2661693431076,43.3301611910797,49.0403361146809,67.0298587163067,29.7291855757426,61.5161000111839,53.1778994910048,91.4410122095461
2013-06-09 00:00:00,12.7542482017232,12.6099322183606,10.2013087209282,14.5601675322543,15.5990644589086,6.33482417301741,5.28846712723515,6.93855385183064
2013-06-10 00:00:00,20.1753133669846,5.92171990044068,4.53218153865325,8.43410372308207,22.6341569634298,18.7316896060535,15.2771625698994,25.3522315620844
2013-06-11 00:00:00,23.3051977848161,34.4452064255195,27.9976953187363,47.1377481322611,34.5166293621755,38.022223562103,34.076419515927,49.7639848819715
2013-06-12 00:00:00,23.3182091618078,26.2953112785903,26.6460316709216,36.0899185692113,94.0828228000527,93.3834808671608,83.4133378027439,123.176643390068
2013-06-13 00:00:00,48.4655733642159,48.179387079167,45.2403647919986,71.7341556294397,77.5896672671341,65.6467991224156,62.7469387537636,92.525114535954
2013-06-14 00:00:00,22.459445604121,34.1209218806618,27.9530580374517,46.7143746334639,171.2999376944,134.781053705478,124.831042747009,175.55407548386
2013-06-15 00:00:00,11.4220564477026,24.7600921091884,25.1362899386613,32.8309512079869,91.1695024322772,136.702444469298,124.081765479011,174.173356589612
2013-06-16 00:00:00,47.3729218921146,18.9148983275409,18.2856546114036,24.4937397738858,265.184095801447,335.745681169923,294.857889737885,412.422453248999
2013-06-17 00:00:00,55.7222940611956,47.3737592035254,39.8491212018391,58.6494597358938,88.1115396076372,99.0103593462826,83.3040213611289,116.480967209972
2013-06-18 00:00:00,36.7505041991331,40.1860741631061,34.6717784517925,48.7090064033365,65.0196971706097,81.4761933473637,73.5777723103175,94.4500121229255
2013-06-19 00:00:00,42.4724524018641,60.4792159407577,64.7207007862035,76.858159915913,76.9089741936939,70.6685801156893,70.9227085524546,86.3099603333812
2013-06-20 00:00:00,41.5419200264708,53.5326523101856,48.9227223109412,71.1210431881624,45.3246571164446,68.1716760117393,64.4874564291627,85.7362895640852
2013-06-21 00:00:00,47.9815428815313,49.6304318264171,42.8403113748109,71.3741400052924,46.2237927111872,25.8091379436022,21.636657516001,35.3116994313146
2013-06-22 00:00:00,28.5551411192564,37.1401381637826,38.1315633184001,45.9633316911817,19.8194570504951,13.6702444469298,17.7259664970016,16.2561799483638
2013-06-23 00:00:00,16.3983191165012,31.5248305459014,25.5032718023204,41.6004786635838,38.13104645511,63.3482417301742,52.8846712723515,79.2977583066358
2013-06-24 00:00:00,28.8218762385495,20.7260196515424,22.1054605244723,25.4632673471676,54.9686669111865,64.2229357921834,63.6619551998297,74.978464554387
2013-06-25 00:00:00,36.7505041991331,34.4452064255195,27.9976953187363,44.962159756926,33.7139170514272,51.601589119997,45.3079910341405,64.4197518582005
2013-06-26 00:00:00,25.8165887148586,18.4067178950132,16.5297889178294,23.566178170194,36.5877644222427,37.8581679191193,36.7129384160272,46.582534561593
2013-06-27 00:00:00,31.1564400198531,40.1494892326392,39.885112786287,63.0391064622349,29.1921520410999,35.3482764505315,37.9038244932881,52.5387363658704
2013-06-28 00:00:00,39.81447175276,43.426627848115,47.4670891068775,55.4614352839632,23.5650707939386,31.5445019310693,29.2573888057361,38.3275410908713
2013-06-29 00:00:00,28.5551411192564,43.3301611910797,51.9810935189552,67.7354361764783,31.7111312807921,47.8458555642541,41.3605884930037,71.8694271401345
2013-06-30 00:00:00,16.3983191165012,25.2198644367211,26.370000501879,33.9266039586509,24.2652113805245,31.6741208650871,29.5358905919048,40.418760301926
2013-07-01 00:00:00,28.8218762385495,23.6868796017627,20.3948169239396,30.2556736732785,34.7595981938385,24.0836009220688,19.6420661612993,29.2326751685259
2013-07-02 00:00:00,69.9155933544483,63.1495451134524,60.9010963118343,75.9998681470498,55.3871494416304,38.022223562103,31.4484002509979,43.7640718110955
2013-07-03 00:00:00,55.7971433514685,68.3678093243348,69.0882828720599,99.400199449099,97.8162681492612,90.8596030058862,80.1360075085589,126.957145042443
2013-07-04 00:00:00,16.4436766771447,16.0597956930557,12.7199670435968,23.5061074943927,44.5564425890473,53.0224146757972,46.4863372518513,73.4651822065137
2013-07-05 00:00:00,39.81447175276,31.0190198915107,32.1441376425659,50.0797326688078,21.7523730405587,28.6768199373358,31.0291079348528,44.047088389166
2013-07-06 00:00:00,51.3992540146615,61.900230272971,50.2725798773227,82.8168138579851,27.7472398706931,27.3404888938595,30.5473057891925,35.1484971856514
2013-07-07 00:00:00,32.7966382330024,31.5248305459014,31.470654862343,34.6670655529865,22.5319819962013,12.6696483460348,10.5769342544703,13.216293051106
2013-07-08 00:00:00,130.659172281424,79.9432186559491,64.1800598253566,99.7381800741217,26.6759707068993,26.7595565800764,33.0580445882748,31.7253839038265
2013-07-09 00:00:00,53.7812256572679,34.4452064255195,29.2990581052474,42.9785350617675,18.4623831472102,24.4428580042091,21.5308383652489,29.1683860967858
2013-07-10 00:00:00,27.4821750835591,36.8134357900264,30.6925287721584,48.9591918574572,35.841075352401,65.62082439314,65.1177577549419,83.8726358721396
2013-07-11 00:00:00,31.1564400198531,64.2391827722227,54.6002200398437,88.7590618988267,23.046435821921,27.7736457825604,25.161837353348,36.3267834301161
2013-07-12 00:00:00,28.5847489506995,24.8152159132086,22.1258761733964,40.4453460029991,30.8158618074581,17.2060919624014,17.6024500606515,26.6799506814377
2013-07-13 00:00:00,32.3624932684906,37.1401381637826,30.1635479263936,77.684504266786,17.8375113454456,6.83512222346488,5.90865549900053,13.7376168577722
2013-07-14 00:00:00,21.8644254886683,50.4397288734423,43.7889264137239,89.601030967719,19.065523227555,25.3392966920697,26.4423356361757,42.6987929343424
2013-07-15 00:00:00,17.2931257431297,17.765159701322,17.1882135085728,27.2301063059507,14.5505294764906,16.0557339480458,15.2771625698994,23.3861401348207
2013-07-16 00:00:00,61.8484095058581,60.2791112446591,57.0497426875654,77.4916010962171,22.4759447009515,27.1587311157879,28.6514862374634,33.3914184272969
2013-07-17 00:00:00,39.9740728488133,63.1087470686167,61.1310773690829,123.03381330413,23.1473611650923,22.7149007514716,19.8194518532448,42.5594974858191
2013-07-18 00:00:00,35.4837233559438,45.5027544636577,38.1599011307904,81.8632840863745,22.2782212945236,17.6741382252657,14.6777384561197,30.1003177096132
2013-07-19 00:00:00,22.459445604121,18.6114119349064,14.4772456720745,35.000780194903,17.220628657109,11.4707279749343,9.61629222933377,20.5230389857213
2013-07-20 00:00:00,9.51838037308546,18.5700690818913,18.0225313674711,31.6988494421943,13.8736199353465,20.5053666703946,17.7259664970016,33.6334757552354
2013-07-21 00:00:00,52.8390282642817,25.2198644367211,20.4026174418563,41.6004786635838,25.9984407648477,31.6741208650871,29.5358905919048,49.5610989416474
2013-07-22 00:00:00,56.6830232691473,82.9040786061695,72.8999700956982,83.9166798107914,33.1428726964507,56.1950688181604,52.7496962213301,54.0528710663309
2013-07-23 00:00:00,21.5124902629072,31.5747725567262,27.9976953187363,51.5191413881444,23.2786570116998,29.8746042273667,29.2020859473552,46.619557265803
2013-07-24 00:00:00,21.6526227931072,36.8134357900264,44.5000437129142,63.7953106021412,20.9072939555673,22.7149007514716,23.9549822430097,37.8306644318392
2013-07-25 00:00:00,26.8291566837624,32.1195913861113,26.6800513756791,53.3407823911218,20.7417922397289,20.1990151145894,20.0979389567571,31.7541813200316
2013-07-26 00:00:00,51.0441945548205,55.8342358047193,57.5029034252107,96.5173029617023,18.1269775337989,22.9414559498686,19.2325844586676,37.7292231858715
2013-07-27 00:00:00,19.0367607461709,24.7600921091884,20.1090319509291,49.0275538039272,5.94583711514851,6.83512222346488,5.90865549900053,13.004943958691
2013-07-28 00:00:00,16.3983191165012,18.9148983275409,15.3019630813922,30.1244845494917,13.8658350745854,19.0044725190523,15.8654013817054,28.7112573179199
2013-07-29 00:00:00,25.9396886146945,29.6085995022034,27.1930892319195,60.31985574103,22.6341569634298,21.4076452640611,17.4596143655993,41.443792643986
2013-07-30 00:00:00,34.0614429162697,28.7043386879329,24.8496693498766,54.1211182259294,24.081369322448,27.1587311157879,23.7771526688916,48.9740803600355
2013-07-31 00:00:00,57.4627297201691,86.774527219348,82.5174533387762,163.5944110967,43.3079660508179,20.1910228901969,19.8194518532448,36.58349967035
2013-08-01 00:00:00,42.4073766936889,42.8261218481485,37.2800239120098,62.6829533183804,19.9735777123315,22.7238920039131,22.1947587362028,31.4850780885059
2013-08-02 00:00:00,31.6474006239887,31.0190198915107,29.3644990094336,50.5566825037488,34.4412573142179,48.7505938934708,43.6818271497368,75.5931935974068
2013-08-03 00:00:00,51.3992540146615,30.9501151364855,25.1362899386613,49.4229373023459,9.90972852524753,27.3404888938595,23.6346219960021,41.9514321248097
2013-08-04 00:00:00,23.6864609460573,25.2198644367211,29.6213102059556,32.0590844746884,17.3322938432318,19.0044725190523,15.8654013817054,22.916324648248
2013-08-05 00:00:00,58.6044816850506,91.7866584568305,84.9599422265425,142.041660297868,18.5923432199602,24.0836009220688,26.5602746729311,35.4165103003294
2013-08-06 00:00:00,42.1286267648599,54.5382435070725,47.0966131267308,95.4093939859168,86.6929295608129,70.6127009010485,65.9065247282112,118.143657775756
2013-08-07 00:00:00,64.9578683793216,84.144996091489,69.7855917852928,126.631293225303,100.056335358786,73.1924579769639,65.6616511443816,105.859490822427
2013-08-08 00:00:00,38.9455500248163,42.8261218481485,33.9199121162581,75.4753927711111,29.9603665684973,40.3980302291788,37.228799296369,67.3966297404751
2013-08-09 00:00:00,46.9606589904349,83.7513537070789,87.8688357413415,144.775954442553,35.3476061909079,43.0152299060036,37.4673884475358,70.742293473509
2013-08-10 00:00:00,28.5551411192564,49.5201842183769,45.2453218895904,80.8146491273524,15.855565640396,20.5053666703946,17.7259664970016,32.1550812165437
2013-08-11 00:00:00,81.9915955825061,94.5744916377043,111.458219031865,184.565503929985,25.9984407648477,19.0044725190523,21.1538685089406,35.181399812099
2013-08-12 00:00:00,55.7222940611956,38.4911793528644,29.4591800012461,53.8682537791633,12.9338039791027,21.4076452640611,18.7362668257153,28.4700836423904
2013-08-13 00:00:00,30.4760278724518,31.5747725567262,29.2990581052474,60.8862580041706,12.8433969719723,29.8746042273667,26.9557716437125,55.0958404050399
2013-08-14 00:00:00,34.9773137427116,52.5906225571806,51.9201553426089,76.4616918839223,176.96530955248,133.765526647555,118.565346115746,186.909130201375
2013-08-15 00:00:00,43.272833360907,26.7663261550928,21.1999450726613,41.6474577227978,178.993984883587,164.116997806039,153.695229190657,241.73228122006
2013-08-16 00:00:00,50.0233106637241,52.7323338155682,43.4317370162234,85.946360256373,36.2539550675978,51.6182758872044,54.072058038388,80.039852044313
2013-08-17 00:00:00,38.0735214923418,43.3301611910797,38.1315633184001,67.0298587163067,15.855565640396,41.0107333407893,35.4519329940032,60.9606748063641
2013-08-18 00:00:00,52.8390282642817,37.8297966550817,43.7889264137239,69.8888041548208,15.5990644589086,6.33482417301741,5.28846712723515,11.101686162929
2013-08-19 00:00:00,33.6255222783077,35.5303194026441,29.8442454784924,47.2588621838814,50.9268531677169,53.5191131601528,48.0139395053982,67.6458598941095
2013-08-20 00:00:00,34.0614429162697,25.8339048191396,22.6249749721911,41.3567035500027,46.5573140233995,65.1809546778909,58.1950189078221,99.7962392242232
2013-08-21 00:00:00,42.4724524018641,31.5543735343084,25.4625071391714,44.0120958161114,68.6953944254353,136.289404508829,126.099985120119,182.694428231809
2013-08-22 00:00:00,16.4436766771447,18.736428308565,16.0800788393484,27.4237920767914,63.7618057739814,60.5970453437682,55.548641566553,83.9602082360156
2013-08-23 00:00:00,26.5429811685067,37.2228238698129,32.7788065948099,58.4416696832326,38.9730016976676,45.8829118997372,39.8714615048692,68.5356531266289
2013-08-24 00:00:00,38.0735214923418,37.1401381637826,33.1043053306679,64.8894094463742,17.8375113454456,13.6702444469298,11.8173109980011,22.9499011035724
2013-08-25 00:00:00,32.7966382330024,18.9148983275409,15.3019630813922,22.0237828218973,38.13104645511,31.6741208650871,26.4423356361757,34.9843051352805
2013-08-26 00:00:00,31.7040638624044,23.6868796017627,23.3904259774774,40.1285777140326,118.829324058006,125.769915926359,106.405191778244,202.474739588316
2013-08-27 00:00:00,64.5374707887215,51.6678096382792,45.2100791764234,78.9875779513565,196.664516133326,181.963498475779,164.535201101602,266.048382496409
2013-08-28 00:00:00,40.8068660331636,23.6657801507313,18.2092369555659,37.9450078414605,75.4155960540105,90.8596030058862,82.5180794095815,140.008814158956
2013-08-29 00:00:00,39.8110066920345,37.4728566171299,29.6799231017259,58.8364993647525,62.2253767191867,73.2214297903866,67.920851874165,108.830239615017
2013-08-30 00:00:00,40.8353556438564,21.7133139240575,19.7130018947173,35.0558128681654,170.39358881771,157.722509655347,142.068066266078,242.258986140413
2013-08-31 00:00:00,41.880873641576,43.3301611910797,38.1315633184001,76.6055528186362,65.4042082666337,95.6917111285083,96.856556481464,162.561799483638
2013-09-01 00:00:00,60.1271700938378,69.3546272009831,56.1071979651048,81.4382251804056,98.7940749064213,139.366131806383,124.728298882138,155.235442108753
2013-09-02 00:00:00,50.9186480214374,53.2954791039661,43.4407900944521,64.0110707938393,41.2265001833899,32.1114678960917,30.019378928747,36.6499211068086
2013-09-03 00:00:00,37.6468579600875,37.3156402943128,39.4991984025003,76.2912148485993,61.8088479276166,92.3396857936788,84.809343828531,180.55504325507
2013-09-04 00:00:00,42.4724524018641,15.7771867671542,16.5297889178294,25.5353197423665,38.0811425619261,25.2387786127462,20.6776519488246,39.2582366745501
2013-09-05 00:00:00,40.6764633592526,34.7962240016206,27.5599285944597,54.1416950396372,16.9007196027421,27.7736457825604,26.3883982950941,40.9085398987794
2013-09-06 00:00:00,66.3574529212667,52.7323338155682,49.4442652586041,87.6152216205744,67.0698168750559,91.7658237994744,92.0740941142138,145.056042539855
2013-09-07 00:00:00,45.6882257908102,80.4702993548624,65.3543538405195,107.661858015381,33.6930769858416,47.8458555642541,71.0360296894576,61.5098700748899
2013-09-08 00:00:00,51.0169928068927,75.6595933101634,73.0512049874401,109.201256491908,19.065523227555,12.6696483460348,10.5769342544703,17.3463846295766
2013-09-09 00:00:00,34.5862514862594,47.3737592035254,38.5235430785526,84.71588628518,75.1777356285345,85.6305810562445,75.059574917625,145.513760838884
2013-09-10 00:00:00,50.1958106134501,77.5017144574188,69.3435569035851,107.798620728696,37.7274786051686,46.1698428968394,39.5013527943905,61.4183138941428
2013-09-11 00:00:00,22.4854159774575,23.6657801507313,20.5762860190663,34.407761347765,30.6142518635092,35.3342900578446,34.293808217422,49.3722230720613
2013-09-12 00:00:00,45.8692033625615,42.8261218481485,40.6401357077614,71.1210431881624,29.1921520410999,32.8233995612078,29.3554769122393,51.6005446450513
2013-09-13 00:00:00,32.6682845150852,27.9171179023597,23.1273094800936,52.5011702923545,24.4714196706285,34.4121839248029,30.2551692755355,61.5691169571639
2013-09-14 00:00:00,43.7845497161931,55.710207245674,45.2453218895904,99.6795145109965,9.90972852524753,20.5053666703946,32.2579006548787,35.254366153078
2013-09-15 00:00:00,21.8644254886683,31.5248305459014,28.4869633323317,46.4686197837904,27.7316701491709,38.0089450381045,37.019269890646,53.1463699289155
2013-09-16 00:00:00,19.214584159033,29.6085995022034,22.6609076932663,49.1264804488801,25.0592452095115,32.1114678960917,27.466074008515,50.6297879207458
2013-09-17 00:00:00,26.890612828634,43.0565080318993,40.2153900252152,74.5546016377599,28.8976431869376,43.4539697852606,39.8830577556769,71.9619139984194
2013-09-18 00:00:00,44.1380387705647,57.8496848128987,45.6949926453557,102.316779448795,34.3476972127177,35.3342900578446,38.7807036109097,60.0610548711673
2013-09-19 00:00:00,26.8291566837624,34.7962240016206,29.6799231017259,64.6207327892443,26.1192939315105,30.2985226718841,30.9383399580321,53.2650783432787
2013-09-20 00:00:00,53.0859623370134,58.9361377938703,58.8711010863611,82.6726078647368,113.293609586243,120.44264373681,110.363518826857,160.735768449645
2013-09-21 00:00:00,34.2661693431076,55.710207245674,48.1860792938647,102.140737091515,41.6208598060396,47.8458555642541,41.3605884930037,84.2913034359602
2013-09-22 00:00:00,122.076375645065,163.929118838687,169.634440317475,261.078866095595,60.6630284513113,114.026835114314,95.1924082902327,172.267543907519
2013-09-23 00:00:00,56.6830232691473,85.8649385563898,76.9695502404121,119.131715088534,122.871137801476,58.8710244761681,59.999644157203,77.6177926888446
2013-09-24 00:00:00,96.8062061830823,134.910391833285,123.28514439025,266.200383832188,158.937037528157,149.373021136833,135.542268141135,281.885695095553
2013-09-25 00:00:00,66.6234547480221,115.699369625797,100.478120557451,211.164417160279,89.6026883810026,75.7163358382385,63.2425209457764,132.809779388372
2013-09-26 00:00:00,51.9274000330885,56.2092849256948,51.2401082440921,89.8890962517053,44.5564425890473,58.0721684544446,54.0033575319344,87.9120390249021
2013-09-27 00:00:00,43.8980073171457,62.0380397830214,53.4932417962244,119.291048604351,70.6952123818157,91.7658237994744,81.7384839493371,167.873846984327
2013-09-28 00:00:00,57.1102822385127,111.420414491348,102.253673396278,177.922574288445,41.6208598060396,47.8458555642541,41.3605884930037,73.415006218417
2013-09-29 00:00:00,52.8390282642817,107.184423856065,118.181778990232,157.993307264887,65.8627166042809,50.6785933841393,45.4012919736103,70.8618265718874
2013-09-30 00:00:00,138.345005945038,293.125135071814,299.643277132217,440.898683879061,206.940863665643,294.35512238084,270.795222255713,420.731960369438
2013-10-01 00:00:00,110.251512597399,198.059936946737,220.273734966183,238.363222824838,70.6386833458475,100.487305128415,95.1086106755664,115.662189786467
2013-10-02 00:00:00,54.9643501671183,89.404058347207,80.2456350512669,174.29790218085,70.9354616349604,103.478992312259,95.6274005863218,193.882155213176
2013-10-03 00:00:00,88.2765800562504,136.508263390973,140.344594726347,277.372068433833,122.146109856181,141.393105802126,129.293635951198,271.965223540976
2013-10-04 00:00:00,85.7542468520985,155.095099457554,137.494518976074,270.839370555797,82.477747778785,65.9566858558722,63.6883502677217,109.578368870191
2013-10-05 00:00:00,49.4955779400444,86.6603223821595,73.322369232526,160.871660919136,33.6930769858416,41.0107333407893,35.4519329940032,73.1528097676369
2013-10-06 00:00:00,54.6610637216707,75.6595933101634,78.2432728060783,108.075470342506,213.187214271751,285.067087785784,253.846422107287,386.270008246242
2013-10-07 00:00:00,83.5834410917935,142.121277610576,130.88150687602,231.043326232309,146.313657513599,181.96498474452,179.272562893797,281.106128893299
2013-10-08 00:00:00,72.6046546373117,114.817354751732,98.6426150088325,259.781367484461,75.4549572103371,105.919051351573,104.85727781271,229.198696084966
2013-10-09 00:00:00,64.1250751949713,118.328900753656,101.939848894334,260.263835835659,78.4023523333773,111.050625896083,107.212849957619,234.744122884746
2013-10-10 00:00:00,77.8911000496327,117.771835082408,122.516732132281,236.518818044354,62.9935912465841,85.845814237005,85.4556542236194,163.201722598302
2013-10-11 00:00:00,65.3365690301703,102.362765641985,101.061237729365,203.696401018011,67.0698168750559,60.2213218684051,55.702192436404,114.010254365446
2013-10-12 00:00:00,62.821310462364,86.6603223821595,70.3816118282517,171.596438313745,53.5125340363366,109.361955575438,112.718331380934,208.079103339056
2013-10-13 00:00:00,78.347524667728,69.3546272009831,59.0908894951161,120.121382141098,38.13104645511,25.3392966920697,29.5358905919048,41.6313231109838
2013-10-14 00:00:00,61.4866693089055,85.8649385563898,67.0422104337585,160.689290119418,73.5610101311467,99.0103593462826,102.089104860554,176.075880666237
2013-10-15 00:00:00,55.5739331791769,100.465185407765,89.6227078190988,168.793586546216,74.6522448995889,108.634924463152,106.83974547085,174.561078511018
2013-10-16 00:00:00,193.208018769264,260.323581658044,220.831924168442,455.727288055092,72.4288397746438,80.7640915607877,68.9019231409841,135.881570204157
2013-10-17 00:00:00,130.683956749939,227.513772318289,212.102162250204,400.963024096528,53.7750169178157,68.1716760117393,73.906062847911,113.731812687052
2013-10-18 00:00:00,92.9004340897734,117.872275587741,106.986483592449,243.037546011997,29.9095129307682,20.073773956135,23.0429501035351,39.3770356442906
2013-10-19 00:00:00,108.509536253174,160.940598709725,145.676261958169,318.679099725527,61.4403168565347,54.680977787719,50.7255858885995,104.039551669528
2013-10-20 00:00:00,58.3051346364488,94.5744916377043,86.2362052383796,165.875326316822,90.1279279848053,82.3527142492264,68.7500726540569,137.014481124757
2013-10-21 00:00:00,64.3688569327605,88.8257985066102,72.8999700956982,153.718342049722,50.118490419023,42.8152905281222,50.8989838498713,70.4098842768795
2013-10-22 00:00:00,63.6411170277671,126.299090226905,120.366469935563,218.693498137429,22.4759447009515,29.8746042273667,29.5837909086416,49.4738158739134
2013-10-23 00:00:00,58.2955229045194,97.2926517307841,87.0561484437061,183.424036684178,17.9205376762005,27.7626564740208,23.9549822430097,50.3023120467312
2013-10-24 00:00:00,45.0037466953433,58.8859175412041,56.359974477405,125.559372542065,38.4107263698683,30.2985226718841,28.8415201785864,61.1562010608015
2013-10-25 00:00:00,32.6682845150852,55.8342358047193,45.8446112949025,132.711291572341,14.5015820270391,20.073773956135,16.8285114013341,45.3929716455016
2013-10-26 00:00:00,17.1330846715538,18.5700690818913,15.0817739631968,51.0703685457574,19.8194570504951,27.3404888938595,30.5473057891925,72.2496886593945
2013-10-27 00:00:00,38.2627446051695,63.0496610918029,56.1071979651048,109.201256491908,17.3322938432318,6.33482417301741,5.28846712723515,10.407830777746
2013-10-28 00:00:00,24.9789594067429,20.7260196515424,15.8626353852864,37.4796407020108,29.1010589529811,34.7874235540993,33.4784831845629,59.7791784345136
2013-10-29 00:00:00,43.9213342867688,71.7608467198322,67.8350541486145,158.146124686157,19.2650954579584,29.8746042273667,30.5160955798197,62.966674748617
2013-10-30 00:00:00,48.302004692316,55.2201536850396,49.5531062791085,94.7360362441797,27.6274955841425,20.1910228901969,25.6244026507574,33.2909847000185
2013-10-31 00:00:00,24.232786682108,29.4429587706021,27.040291445384,47.5248092332113,33.0332246780868,22.7238920039131,23.4213196779489,34.7218618172308
2013-11-01 00:00:00,27.5638650596031,24.8152159132086,23.1273094800936,36.9283593940426,11.7825353969693,14.3384099686679,13.4266578742013,20.2999624750069
2013-11-02 00:00:00,24.7477889700222,24.7600921091884,20.1090319509291,51.0703685457574,19.8194570504951,13.6702444469298,11.8173109980011,27.0936332472729
2013-11-03 00:00:00,34.6186736903914,18.9148983275409,15.3019630813922,37.4404307972254,20.7987526118782,19.0044725190523,15.8654013817054,35.6839912379861
2013-11-04 00:00:00,45.1542727737275,35.5303194026441,33.4359143711054,73.3118246698673,75.1777356285345,64.2229357921834,63.2911020752976,125.925369956727
2013-11-05 00:00:00,34.9577966772242,43.0565080318993,37.6126644521929,97.418012806673,79.4685187640785,57.0333353431546,49.8006196414259,123.414682507289
2013-11-06 00:00:00,40.8068660331636,57.8496848128987,48.0620417088561,121.033263494306,31.3609409333509,30.2865343352954,30.82394953752,60.8981427439362
2013-11-07 00:00:00,44.1382900281252,72.2690806187505,70.1226673836025,132.784500845984,26.1192939315105,35.3482764505315,36.46855518248,61.4815000026143
2013-11-08 00:00:00,51.0441945548205,77.5475497287768,69.7486927947339,167.988976673849,84.2904455321649,77.4274138308065,73.5284843075374,159.573122746574
2013-11-09 00:00:00,47.5919018654273,49.5201842183769,45.2453218895904,74.2841724301927,39.6389141009901,47.8458555642541,54.1819277851946,68.9656119021493
2013-11-10 00:00:00,32.7966382330024,44.134762764262,40.8052348837126,71.107794924963,12.1326056902623,19.0044725190523,15.8654013817054,29.045109147198
2013-11-11 00:00:00,41.3113559419209,74.0214987555085,65.1611851416782,96.8550529175076,30.7177844503689,26.7595565800764,24.0069697526991,33.2729636064522
2013-11-12 00:00:00,61.8484095058581,91.8538838013853,86.0106403654348,213.518932179009,70.6386833458475,70.6127009010485,68.4942857548575,156.985408277374
2013-11-13 00:00:00,69.9546274854232,78.8859338357709,79.016142157668,148.722191906091,78.4023523333773,50.4775572254923,48.8599611964661,91.4587491758749
2013-11-14 00:00:00,46.7346600297796,66.9158153877319,63.7626838618041,115.571695180764,24.5828648767157,35.3482764505315,30.5820378539855,57.7926100024574
2013-11-15 00:00:00,37.7727039705672,46.5285298372661,43.2070757292641,93.6785587569463,27.1904663006984,34.4121839248029,40.6454001641866,65.9151722717872
2013-11-16 00:00:00,51.3992540146615,80.4702993548624,71.235868649068,140.593720467144,19.8194570504951,27.3404888938595,23.6346219960021,45.8998022071447
2013-11-17 00:00:00,36.4407091477805,31.5248305459014,43.3140075242143,48.5338917741811,22.5319819962013,19.0044725190523,15.8654013817054,27.7542154073225
2013-11-18 00:00:00,41.3113559419209,68.0997788550678,54.7712439410852,108.516017704408,33.1428726964507,50.8431575021451,44.0198890385304,76.9890256913652
2013-11-19 00:00:00,36.7505041991331,57.4086773758658,55.3289605626431,82.5576379717568,36.122053983672,46.1698428968394,42.1293720593196,63.5002906363172
2013-11-20 00:00:00,47.4692115079658,78.8859338357709,65.0877541326717,136.704237004588,26.8808065143008,35.3342900578446,28.9487127283544,58.8477002273054
2013-11-21 00:00:00,49.331030031434,53.5326523101856,56.5228231212251,97.3235327838012,39.1789408972657,27.7736457825604,25.5181394573946,47.7983992501528
2013-11-22 00:00:00,37.7727039705672,49.6304318264171,41.428870402829,83.2698300061745,25.3777685473185,25.8091379436022,23.0429501035351,41.196982669867
2013-11-23 00:00:00,53.3029300892786,37.1401381637826,35.1908059141259,72.5736816176553,17.8375113454456,20.5053666703946,17.7259664970016,38.5014788250721
2013-11-24 00:00:00,25.5084964034463,37.8297966550817,30.6039261627844,65.5207538951445,15.5990644589086,19.0044725190523,15.8654013817054,31.2234923332379
2013-11-25 00:00:00,50.9186480214374,68.0997788550678,53.4456658177988,121.779086534946,23.4425197121237,37.4633792121069,38.3783329870146,63.6622703670119
2013-11-26 00:00:00,33.1650891553152,28.7043386879329,27.074363727562,50.7385483368088,30.5030678084342,43.4539697852606,40.4336574655687,73.4611205400532
2013-11-27 00:00:00,22.4854159774575,15.7771867671542,14.8140804057132,26.0263835835659,32.1076300031926,12.6193893063731,11.5483910737149,20.0066013822226
2013-11-28 00:00:00,16.4436766771447,24.0896935395835,20.3200678538807,38.523898393588,4.6092871643842,5.04975377864735,4.19363955889134,7.64452513260019
2013-11-29 00:00:00,25.5220972774103,18.6114119349064,14.4772456720745,39.3218641695824,10.8761865202793,8.60304598120072,7.21221917200033,17.2925606268578
2013-11-30 00:00:00,28.5551411192564,49.5201842183769,40.2180639018581,81.7125896732119,23.7833484605941,13.6702444469298,11.8173109980011,21.6749065978184
2013-12-01 00:00:00,29.1525673182244,44.134762764262,42.4472788246557,48.9221629083746,12.1326056902623,0,0,0
2013-12-02 00:00:00,35.546980694211,56.2563390541864,47.0324589870652,97.3549499648237,18.5923432199602,16.0557339480458,23.7774145913548,26.4037066038298
2013-12-03 00:00:00,25.097905306725,34.4452064255195,31.5237524829328,52.6583853009043,16.8569585257136,13.5793655578939,18.352219390428,19.8543569027171
2013-12-04 00:00:00,79.1153525132763,128.847025265093,111.434087329412,240.27255569176,65.7086381460686,42.9059236416685,39.6389037064895,76.8949374864557
2013-12-05 00:00:00,24.232786682108,21.4130609240742,16.9599560581291,43.0034214626098,63.7618057739814,53.0224146757972,57.9251752707342,100.801063957775
2013-12-06 00:00:00,22.459445604121,31.0190198915107,32.0560052957987,50.5566825037488,26.2841174240084,22.9414559498686,22.0451696337358,35.5732675752502
2013-12-07 00:00:00,11.4220564477026,12.3800460545942,10.0545159754645,22.1510032246659,15.855565640396,6.83512222346488,5.90865549900053,11.7514553843593
2013-12-08 00:00:00,52.8390282642817,75.6595933101634,67.1752353855916,100.801159838684,20.7987526118782,31.6741208650871,26.4423356361757,40.030118375946
2013-12-09 00:00:00,55.7222940611956,88.8257985066102,85.4639036397012,134.866092553058,48.5017649216352,50.8431575021451,46.5340802584714,73.3574678757347
2013-12-10 00:00:00,31.3723816334063,43.0565080318993,34.6717784517925,78.5629135537685,50.5708755771408,38.022223562103,36.8222970966395,66.3519798426287
2013-12-11 00:00:00,32.4789341896608,39.4429669178855,32.3719768098949,63.8382993559162,25.3874283746174,30.2865343352954,27.2323125371947,47.1098840094601
2013-12-12 00:00:00,30.2909833526349,42.8261218481485,36.0399066235243,76.253489603803,67.6028784109683,68.1716760117393,59.0672559285253,114.904305601351
2013-12-13 00:00:00,35.7309361883744,34.1209218806618,27.9530580374517,54.5728675624578,28.0968151773883,45.8829118997372,44.6796076195361,69.8166933719864
2013-12-14 00:00:00,22.8441128954051,30.9501151364855,25.1362899386613,48.3824544117702,21.8014027555446,20.5053666703946,21.1823083935968,30.8011830600577
2013-12-15 00:00:00,18.2203545738902,12.6099322183606,10.2013087209282,23.934521970829,12.1326056902623,6.33482417301741,5.28846712723515,11.4058419482147
2013-12-16 00:00:00,23.0575009908396,23.6868796017627,18.128726154613,50.1607221425408,25.0592452095115,34.7874235540993,28.3718733440989,70.0045642193646
2013-12-17 00:00:00,34.0614429162697,45.9269419006926,43.0252555666969,95.0419637138273,26.4895062546928,29.8746042273667,24.7094573400698,59.1272433615062
2013-12-18 00:00:00,34.9773137427116,55.2201536850396,44.8552686264875,102.973952439326,56.7483693079683,60.5730686705908,59.5501521746011,108.557558804408
2013-12-19 00:00:00,22.5018733476717,26.7663261550928,24.560056868413,48.6617663919006,20.7417922397289,32.8233995612078,28.4852180745398,56.4890172956351
2013-12-20 00:00:00,26.5429811685067,27.9171179023597,21.7158685081117,58.9827962543736,11.7825353969693,11.4707279749343,9.61629222933377,23.056747502477
2013-12-21 00:00:00,11.4220564477026,18.5700690818913,15.0817739631968,27.577999014709,7.92778282019802,13.6702444469298,11.8173109980011,19.5074159380365
2013-12-22 00:00:00,23.6864609460573,18.9148983275409,15.3019630813922,31.2003589976879,5.19968815296954,6.33482417301741,5.28846712723515,9.91221978832948
2013-12-23 00:00:00,22.0967717828879,29.6085995022034,34.0733342294,46.7183196425625,9.70035298432704,8.02786697402292,7.82400784721575,12.0369838929224
2013-12-24 00:00:00,15.2380139362259,31.5747725567262,30.9385813191366,40.5908386694471,8.02712310748267,8.14761933473637,8.05295254339266,10.0174255281891
2013-12-25 00:00:00,23.3182091618078,36.8134357900264,28.325479708658,57.4157795419271,3.73344534920844,2.52387786127462,2.06776519488246,3.78306644318392
2013-12-26 00:00:00,16.4436766771447,21.4130609240742,18.2000733466146,46.8138512124613,9.2185743287684,15.1492613359421,18.0011191773115,31.3522296577527
2013-12-27 00:00:00,10.2088389109641,15.5095099457554,14.8872533373591,29.4913981271868,15.4079309037291,22.9414559498686,19.2325844586676,41.5021455044586
2013-12-28 00:00:00,43.7845497161931,49.5201842183769,45.2453218895904,75.8158048514337,5.94583711514851,0,0,0
2013-12-29 00:00:00,36.4407091477805,37.8297966550817,30.6039261627844,47.6514573782869,34.6645876864636,38.0089450381045,31.7308027634109,45.415988848346
2013-12-30 00:00:00,26.9004178226462,14.8042997511017,11.3304538466331,24.8191073101113,7.27526473824528,5.35191131601528,6.91820851163184,8.52619692415338
2013-12-31 00:00:00,10.7562451314536,8.61130160637987,6.67408313305627,14.6127019210009,9.63254772897921,10.8634924463152,8.98525721457082,17.6306689296128
2014-01-01 00:00:00,19.1542432400564,21.0362490228722,22.7573530390359,25.5956869285187,5.97351255873351,5.04775572254923,5.34509548906753,5.9026568617054
2014-01-02 00:00:00,23.3673300148898,21.4130609240742,24.560056868413,34.2434652387449,92.185743287684,83.3209373476813,86.5485940718391,126.134664687903
2014-01-03 00:00:00,57.169497901399,43.426627848115,33.7802399015071,63.519934427787,34.4412573142179,22.9414559498686,22.0451696337358,31.924727311122
2014-01-04 00:00:00,39.9771975669589,30.9501151364855,41.8364794883561,56.0528435258313,19.8194570504951,41.0107333407893,44.8169303895989,71.3685948952555
2014-01-05 00:00:00,80.169560125117,75.6595933101634,74.3928525765084,97.0677835483622,24.2652113805245,19.0044725190523,15.8654013817054,23.1285128394355
2014-01-06 00:00:00,96.0729207951649,115.473538058593,108.254998864459,193.589037018868,54.1603041624926,66.898891450191,69.6204568548737,106.577461551917
2014-01-07 00:00:00,34.0614429162697,54.5382435070725,63.4518441408435,84.9056074920544,14.4488215934688,27.1587311157879,23.7771526688916,40.4373140587449
2014-01-08 00:00:00,24.9837955305083,49.9610914293216,47.6722728341254,72.6386072897262,21.653983025409,17.6671450289223,14.4743563641772,24.6861115360307
2014-01-09 00:00:00,30.2909833526349,37.4728566171299,29.6799231017259,56.7720607905507,45.3246571164446,73.2214297903866,66.940578312655,105.011634716245
2014-01-10 00:00:00,39.81447175276,27.9171179023597,26.9516247307545,32.5007244666957,28.0968151773883,34.4121839248029,39.2821931528047,38.1142152591967
2014-01-11 00:00:00,15.2294085969367,12.3800460545942,10.0545159754645,13.9282823306611,19.8194570504951,0,0,0
2014-01-12 00:00:00,27.3305318608354,31.5248305459014,28.4869633323317,46.9682823621108,17.3322938432318,31.6741208650871,29.5358905919048,44.7648635601977
2014-01-13 00:00:00,44.1935435657759,59.2171990044068,48.9134842791456,97.2503796641096,35.5679609425325,34.7874235540993,30.5543251397988,54.2892538844052
2014-01-14 00:00:00,44.8176880477233,54.5382435070725,50.6226702909274,106.375990995792,23.2786570116998,16.2952386694727,23.8768758142041,30.3977050510565
2014-01-15 00:00:00,37.4756932957625,31.5543735343084,27.4857556897898,54.134877853817,44.8013441905013,45.4298015029431,42.3723406112349,74.9047155750416
2014-01-16 00:00:00,27.6946133509805,40.1494892326392,39.2406213399051,69.3430171084584,33.0332246780868,30.2985226718841,27.6149592368403,49.5365228592492
2014-01-17 00:00:00,22.459445604121,34.1209218806618,30.3659323161308,47.863088763795,19.0333264104888,20.073773956135,28.6250348775194,26.7892947416075
2014-01-18 00:00:00,15.2294085969367,24.7600921091884,20.1090319509291,38.7059635294162,5.94583711514851,0,0,0
2014-01-19 00:00:00,38.2627446051695,37.8297966550817,30.6039261627844,48.5338917741811,8.6661469216159,6.33482417301741,5.28846712723515,7.70950427981182
2014-01-20 00:00:00,20.1753133669846,14.8042997511017,17.917731792784,24.8191073101113,22.6341569634298,21.4076452640611,24.3778228772312,34.1047876966135
2014-01-21 00:00:00,21.5124902629072,14.3521693439665,11.1234718884271,19.0269556263033,19.2650954579584,21.7269848926303,22.4631430364271,27.5479202025199
2014-01-22 00:00:00,54.9643501671183,73.6268715800528,68.9821282408044,109.838882601948,17.9205376762005,17.6671450289223,21.4888722609925,25.3300970543619
2014-01-23 00:00:00,23.3673300148898,24.0896935395835,26.2716448685894,38.1704681330963,39.9471554246631,50.4975377864735,51.3550020076617,75.7439187450294
2014-01-24 00:00:00,39.81447175276,55.8342358047193,61.403728167914,98.5073504454487,28.0968151773883,45.8829118997372,45.8620583965883,77.0142906268304
2014-01-25 00:00:00,39.9771975669589,49.5201842183769,40.2180639018581,84.5302651791847,23.7833484605941,47.8458555642541,67.3132789864613,78.4781100955492
2014-01-26 00:00:00,29.1525673182244,25.2198644367211,20.4026174418563,36.7835811341162,19.065523227555,31.6741208650871,37.9179126748691,43.822445379983
2014-01-27 00:00:00,25.9396886146945,20.7260196515424,18.8582444388242,30.6026424080639,61.4355689007379,66.898891450191,55.8379473526139,93.866388155817
2014-01-28 00:00:00,29.5796741114974,31.5747725567262,30.0152497279623,53.0494129145249,32.1084924299307,43.4539697852606,45.6896959954269,69.824431404407
2014-01-29 00:00:00,46.6364183236155,65.7382781964758,54.9715113795796,123.935159921742,38.0811425619261,40.3820457803939,35.5033733167246,73.1669993407
2014-01-30 00:00:00,19.9055033460172,21.4130609240742,18.2000733466146,41.0921582864938,32.2650101506894,37.8731533398552,35.1319795169234,68.8007261934017
2014-01-31 00:00:00,16.3341422575426,21.7133139240575,16.8901199507536,32.884213840934,21.7523730405587,28.6768199373358,25.4470231608686,41.318507692492
2014-02-01 00:00:00,19.0367607461709,12.3800460545942,15.0817739631968,10.4462117479958,21.8014027555446,27.3404888938595,23.6346219960021,22.1675181114051
2014-02-02 00:00:00,21.8644254886683,6.30496610918029,5.10065436046407,8.1645799246286,25.9984407648477,25.3392966920697,29.5358905919048,31.1262228867169
2014-02-03 00:00:00,38.429168318066,53.2954791039661,53.5276385072994,86.6412473371158,25.8676079582054,37.4633792121069,44.3020429910155,57.8747912427381
2014-02-04 00:00:00,50.1958106134501,54.5382435070725,51.3388619136423,87.308596383339,125.22312047673,116.782543797888,116.838564659892,178.801595276733
2014-02-05 00:00:00,34.1445205583613,42.0724980457445,33.5555013416451,75.9787759351817,83.6291758222691,113.574503757358,100.621131071667,197.117672565899
2014-02-06 00:00:00,44.1382900281252,61.5625501567134,49.9999909556066,113.112722942875,31.496795623292,22.7238920039131,22.5510608402494,39.523821430252
2014-02-07 00:00:00,24.5012133863139,34.1209218806618,32.5541453078506,57.8148200909207,38.0666528209777,37.2798659185365,33.6570228026682,60.0959285151195
2014-02-08 00:00:00,39.9771975669589,24.7600921091884,20.1090319509291,48.3824544117702,13.8736199353465,27.3404888938595,27.0909638925973,51.3353051000961
2014-02-09 00:00:00,96.5678792416182,88.269525528524,81.6104697674252,134.401546451578,29.4648995334941,44.3437692111219,37.019269890646,64.0481894015136
2014-02-10 00:00:00,89.3478163395034,148.042997511017,150.51257192635,273.86601169778,35.5679609425325,64.2229357921834,59.4255842458602,112.89860754741
2014-02-11 00:00:00,37.6468579600875,48.7973757694859,48.73613634062,57.50368811505,34.5166293621755,40.7380966736818,36.3227338195697,45.9132003375332
2014-02-12 00:00:00,49.9675910610166,49.9610914293216,42.832020075869,87.462812859058,24.6407393047757,22.7149007514716,22.23858205185,38.2166916199192
2014-02-13 00:00:00,26.8291566837624,29.4429587706021,25.8001741568985,47.9731564901284,18.4371486575368,15.1492613359421,16.5793245947849,23.3662843675704
2014-02-14 00:00:00,16.3341422575426,15.5095099457554,13.4758123653773,30.863091063335,14.5015820270391,11.4707279749343,11.0225848168679,21.7162389267516
2014-02-15 00:00:00,30.4588171938735,37.1401381637826,30.1635479263936,61.9730314937281,9.90972852524753,6.83512222346488,5.90865549900053,10.9592224370992
2014-02-16 00:00:00,32.7966382330024,25.2198644367211,20.4026174418563,45.9794764176453,22.5319819962013,6.33482417301741,12.2794404016156,10.9556113449957
2014-02-17 00:00:00,33.6255222783077,35.5303194026441,29.8442454784924,61.4873368198887,17.7839804712662,16.0557339480458,14.3713632343155,26.4037066038298
2014-02-18 00:00:00,41.2322730039054,66.0199789822457,62.4623338020694,110.92149973037,20.870520079455,8.14761933473637,6.73894291092812,13.0920808883263
2014-02-19 00:00:00,27.4821750835591,23.6657801507313,20.5762860190663,41.4297534595538,38.8278316317678,25.2387786127462,21.8872170481272,42.4629906887991
2014-02-20 00:00:00,37.2146366903801,34.7962240016206,30.3624088946217,60.0972814939972,34.5696537328815,32.8233995612078,29.3554769122393,53.6645664308533
2014-02-21 00:00:00,32.6682845150852,34.1209218806618,31.7773732881127,54.5728675624578,17.220628657109,8.60304598120072,7.21221917200033,13.0906300072475
2014-02-22 00:00:00,24.7477889700222,24.7600921091884,20.1090319509291,46.5451460163865,13.8736199353465,27.3404888938595,23.6346219960021,49.3858631342697
2014-02-23 00:00:00,34.6186736903914,18.9148983275409,15.3019630813922,26.743164855161,31.1981289178172,44.3437692111219,43.2063798021042,59.4733187299769
2014-02-24 00:00:00,52.8401064373407,53.2954791039661,55.1563094183315,97.4714032542553,21.8257942147358,34.7874235540993,30.9251782643309,60.4584872803603
2014-02-25 00:00:00,38.543211721042,51.6678096382792,40.0444987983376,106.922209178056,40.1356155374134,21.7269848926303,19.2845240616062,43.0016315356409
2014-02-26 00:00:00,34.1445205583613,42.0724980457445,32.3719768098949,70.0775117848763,39.5745207016095,30.2865343352954,27.2323125371947,48.482016553425
2014-02-27 00:00:00,33.7528100215075,32.1195913861113,38.3607441211245,43.3393856927865,29.9603665684973,37.8731533398552,34.7756774128768,48.3755106047356
2014-02-28 00:00:00,38.7935878616636,49.6304318264171,55.4135501901534,80.8906920059981,29.0031640540782,34.4121839248029,30.2551692755355,53.3599013628754
2014-03-01 00:00:00,41.880873641576,43.3301611910797,44.7772368926303,46.9698280055871,21.8014027555446,41.0107333407893,35.4519329940032,42.7169692073792
2014-03-02 00:00:00,21.8644254886683,31.5248305459014,25.5032718023204,58.2406701290173,31.1981289178172,50.6785933841393,67.4538032667739,88.8134893034321
2014-03-03 00:00:00,45.1542727737275,59.2171990044068,52.5051531717586,89.9107283687051,88.1115396076372,117.742048952336,138.613166138558,169.880451922754
2014-03-04 00:00:00,34.0614429162697,37.3156402943128,33.7484468606183,58.6312114114235,61.0061356168683,48.8857160084182,50.5237713257158,73.4611205400532
2014-03-05 00:00:00,28.3149682679094,23.6657801507313,18.2092369555659,41.4297534595538,93.336133730211,113.574503757358,97.5363291631984,191.083458099596
2014-03-06 00:00:00,25.9637000165442,16.0597956930557,13.9600843320823,31.1654009476217,26.8875084589078,27.7736457825604,27.9712613408868,51.0207632445451
2014-03-07 00:00:00,62.2739173568811,71.3437457504746,59.7304313255644,148.895595422626,26.2841174240084,28.6768199373358,40.1822673226774,56.9389191372146
2014-03-08 00:00:00,17.1330846715538,30.9501151364855,25.1362899386613,54.7182520133115,17.8375113454456,20.5053666703946,25.5367842041411,34.8346713179223
2014-03-09 00:00:00,45.5508864347256,44.134762764262,35.7045805232485,74.576467848132,13.8658350745854,12.6696483460348,10.5769342544703,20.3079624931628
2014-03-10 00:00:00,29.7826054465011,29.6085995022034,28.5186673552059,45.3835105099178,47.6934021729413,45.4912461861299,40.5607847827145,66.260730381992
2014-03-11 00:00:00,52.8848718963135,68.890412851039,67.2897537527772,137.531312197656,53.7817248201339,62.4650815663121,64.0016571475721,119.266289817969
2014-03-12 00:00:00,55.7971433514685,60.4792159407577,51.8838948682292,108.081787381753,51.5215458190765,40.3820457803939,35.1520083130018,69.3562181250385
2014-03-13 00:00:00,26.8291566837624,29.4429587706021,27.040291445384,42.7323914954085,28.4239375137026,30.2985226718841,25.161837353348,41.6273301338229
2014-03-14 00:00:00,30.6265167328923,27.9171179023597,30.7759399814155,49.2536752227244,120.544400599763,120.44264373681,119.799054821861,202.16251289543
2014-03-15 00:00:00,41.880873641576,24.7600921091884,20.1090319509291,37.1420862150963,45.5847512161386,27.3404888938595,23.6346219960021,39.4089210869425
2014-03-16 00:00:00,14.5762836591122,12.6099322183606,10.2013087209282,17.8287765701073,65.8627166042809,19.0044725190523,22.0525112931637,25.4885651699901
2014-03-17 00:00:00,24.9789594067429,26.6477395519831,23.0459731705125,38.9885613017021,63.8606571468196,64.2229357921834,61.4795034041298,89.2925350602245
2014-03-18 00:00:00,48.4031030915411,43.0565080318993,40.8005611890114,66.4213723681861,69.8359710350993,67.8968277894697,63.2785054632821,100.174255281891
2014-03-19 00:00:00,33.3117273740111,57.8496848128987,65.4009896474209,91.0525468489276,33.601008142876,17.6671450289223,18.9612517576649,26.7244143234093
2014-03-20 00:00:00,50.1964866986522,50.8560196946763,52.9035298068836,88.7217053912935,108.318248363029,65.6467991224156,58.5157201836982,108.413265516875
2014-03-21 00:00:00,40.8353556438564,46.5285298372661,51.6324782503238,70.4661725162871,22.6587219172486,20.073773956135,20.0065231179849,28.9229553847444
2014-03-22 00:00:00,34.2661693431076,24.7600921091884,25.9905467594776,41.3153543291521,33.6930769858416,20.5053666703946,17.7259664970016,32.8776673112975
2014-03-23 00:00:00,38.2627446051695,25.2198644367211,23.3863089718676,37.5746258896886,15.5990644589086,25.3392966920697,21.1538685089406,35.8118908481581
2014-03-24 00:00:00,40.3506267339693,17.765159701322,18.128726154613,25.9923742011348,31.5261471990629,37.4633792121069,41.3024910317787,52.0873121184643
2014-03-25 00:00:00,39.4395654819965,28.7043386879329,23.5483065633654,55.3511436401551,24.081369322448,19.0111117810515,18.352219390428,35.0609893486617
2014-03-26 00:00:00,24.151002346158,28.9248424064493,23.4392585885529,45.9478129932089,17.9205376762005,20.1910228901969,18.9612517576649,30.8249858333504
2014-03-27 00:00:00,19.9055033460172,26.7663261550928,26.2716448685894,50.2485631220713,28.4239375137026,35.3482764505315,36.46855518248,62.8180543504972
2014-03-28 00:00:00,24.5012133863139,27.9171179023597,23.1273094800936,48.7510867000435,22.6587219172486,25.8091379436022,23.0429501035351,42.8784921665963
2014-03-29 00:00:00,22.8441128954051,43.3301611910797,35.1908059141259,82.498287650839,17.8375113454456,6.83512222346488,9.3649973955957,12.5047538064337
2014-03-30 00:00:00,20.0423900312793,25.2198644367211,23.3863089718676,37.5746258896886,31.1981289178172,19.0044725190523,15.8654013817054,26.8589181361186
2014-03-31 00:00:00,27.8611470305978,20.7260196515424,18.128726154613,36.6559123349336,36.3763236912264,24.0836009220688,19.6420661612993,40.4760117718051
2014-04-01 00:00:00,30.4760278724518,28.7043386879329,26.6963325322251,38.6579415899496,40.9383278481616,48.8857160084182,49.8006196414259,62.966674748617
2014-04-02 00:00:00,25.8165887148586,26.2953112785903,24.6227831203032,55.0151197701392,10.4536469777836,17.6671450289223,21.0290169525474,35.5239166006295
2014-04-03 00:00:00,15.5782200099265,10.7065304620371,8.47997802906453,24.6552949718963,24.5828648767157,20.1990151145894,21.9315430997181,44.0324647637771
2014-04-04 00:00:00,22.459445604121,15.5095099457554,14.8872533373591,26.5422583144681,29.9095129307682,34.4121839248029,35.3409310573374,56.0278964310191
2014-04-05 00:00:00,34.2661693431076,43.3301611910797,68.2667245151392,83.5696939839667,11.891674230297,0,0,0
2014-04-06 00:00:00,27.3305318608354,31.5248305459014,28.4869633323317,56.7279254503415,8.6661469216159,6.33482417301741,5.28846712723515,10.8133306781776
2014-04-07 00:00:00,33.6255222783077,32.5694594524237,32.6142976609777,55.1767943567948,26.6759707068993,42.8152905281222,49.3874799910266,68.9275709236821
2014-04-08 00:00:00,33.1650891553152,25.8339048191396,21.32361218568,44.2809149121241,35.3193416729238,59.7492084547334,60.0998864884613,97.9481607200709
2014-04-09 00:00:00,28.3149682679094,34.1839046621674,29.8528047532902,65.1623529721871,31.3609409333509,27.7626564740208,26.3741124416149,50.8612266250282
2014-04-10 00:00:00,24.232786682108,26.7663261550928,23.6801796496324,62.4711865841967,19.9735777123315,30.2985226718841,29.7117790162859,66.9412471070935
2014-04-11 00:00:00,18.3759100397354,9.30570596745321,8.65006380801911,16.0862171602837,29.9095129307682,31.5445019310693,27.851096218202,51.8776818805733
2014-04-12 00:00:00,22.8441128954051,18.5700690818913,15.0817739631968,29.3382968241585,7.92778282019802,0,0,0
2014-04-13 00:00:00,30.9746027756134,18.9148983275409,15.3019630813922,26.2083015580578,20.7987526118782,6.33482417301741,5.28846712723515,8.32626462219676
2014-04-14 00:00:00,49.9579188134858,50.3346191537458,39.8491212018391,88.0538763697862,76.7944611259224,96.334403688275,94.0130735528178,160.144220488446
2014-04-15 00:00:00,25.097905306725,28.7043386879329,31.8113676838605,50.2154705189036,46.5573140233995,54.3174622315758,46.2402957053187,90.8797367505813
2014-04-16 00:00:00,20.8198296087569,21.0362490228722,21.2276265704505,49.438244615358,35.0943862825593,32.81041219657,33.7869731255649,74.1066440240137
2014-04-17 00:00:00,24.232786682108,37.4728566171299,35.5202694744485,78.9270113429607,9.2185743287684,15.1492613359421,14.6777384561197,30.2051968653959
2014-04-18 00:00:00,13.2714905842533,12.4076079566043,11.0629380866982,23.8582097208702,11.7825353969693,14.3384099686679,14.4244383440007,26.2302885913011
2014-04-19 00:00:00,9.51838037308546,12.3800460545942,15.0817739631968,21.8873008053246,9.90972852524753,6.83512222346488,5.90865549900053,11.6115571059741
2014-04-20 00:00:00,10.9322127443341,6.30496610918029,5.10065436046407,12.8472066461068,20.7987526118782,25.3392966920697,36.000472728724,48.9780271893927
2014-04-21 00:00:00,20.1753133669846,17.765159701322,17.1882135085728,33.637190142645,19.4007059686541,26.7595565800764,23.1011704171152,48.1479355716897
2014-04-22 00:00:00,44.8176880477233,45.9269419006926,41.3458615848488,91.687541465104,32.911204740679,40.7380966736818,35.0087241871051,77.7823629247622
2014-04-23 00:00:00,30.8133478209602,31.5543735343084,26.6460316709216,52.5581338386573,26.1341174444591,15.1432671676477,12.4065911692948,24.2410082767125
2014-04-24 00:00:00,19.0400466787991,21.4130609240742,20.3200678538807,40.198850497657,15.3642905479473,17.6741382252657,17.1308603396119,31.4090271752486
2014-04-25 00:00:00,36.7518200794708,55.8342358047193,66.4677747760412,108.581965831915,39.8793505743576,54.4859578809379,59.4148517813449,100.80776819975
2014-04-26 00:00:00,13.3257325223196,24.7600921091884,20.1090319509291,44.3020064493318,29.7291855757426,34.1756111173244,32.9996193915978,58.7572769217967
2014-04-27 00:00:00,14.5762836591122,12.6099322183606,18.2856546114036,19.8547739076196,20.7987526118782,31.6741208650871,37.9179126748691,47.3083217170271
2014-04-28 00:00:00,12.4894797033714,11.8434398008814,9.0643630773065,17.982145673741,19.4007059686541,29.435512238084,32.3303633618773,42.4701129806885
2014-04-29 00:00:00,26.890612828634,17.2226032127597,38.8852016343638,26.3291926504522,24.081369322448,27.1587311157879,28.7693445532468,39.7087138054342
2014-04-30 00:00:00,16.6558636870055,18.4067178950132,15.3462643860792,44.4770123212111,26.1341174444591,35.3342900578446,31.3678429269597,82.0552439789188
2014-05-01 00:00:00,25.9637000165442,34.7962240016206,33.7225206903734,51.8080012879287,15.3642905479473,20.1990151145894,16.7745582355653,28.4692660110628
2014-05-02 00:00:00,32.6682845150852,18.6114119349064,18.3015609227354,32.8357834818162,18.1269775337989,22.9414559498686,22.0451696337358,38.5071453134152
2014-05-03 00:00:00,28.5551411192564,18.5700690818913,18.0225313674711,31.3386352439875,19.8194570504951,20.5053666703946,23.6346219960021,33.2512771671077
2014-05-04 00:00:00,23.6864609460573,12.6099322183606,10.2013087209282,20.3165128357037,46.7971933767259,31.6741208650871,29.5358905919048,48.40851524533
2014-05-05 00:00:00,26.9004178226462,35.5303194026441,32.110336247819,51.9847484022695,28.2926962042872,18.7316896060535,15.2771625698994,26.0436560592321
2014-05-06 00:00:00,43.0249805258143,34.4452064255195,26.6963325322251,61.5271659831619,24.8840816331963,21.7269848926303,21.5308383652489,37.1171977465532
2014-05-07 00:00:00,34.1445205583613,42.0724980457445,37.1060749368957,70.7645462141398,23.1473611650923,35.3342900578446,33.4356081218421,57.1168855147376
2014-05-08 00:00:00,20.7709600132354,26.7663261550928,27.5599285944597,57.0724420645748,61.4571621917894,42.9229071185025,35.6459362505763,86.6379515028021
2014-05-09 00:00:00,19.3967939308318,27.9171179023597,23.1273094800936,49.2536752227244,21.7523730405587,20.073773956135,21.636657516001,33.6937521492383
2014-05-10 00:00:00,59.0139583131298,61.900230272971,50.2725798773227,94.7697560642922,35.6750226908911,27.3404888938595,23.6346219960021,40.2214761609
2014-05-11 00:00:00,18.2203545738902,12.6099322183606,13.1850002509395,23.2962680516069,12.1326056902623,12.6696483460348,10.5769342544703,22.203372325858
2014-05-12 00:00:00,30.7433346544528,44.4128992533051,39.8491212018391,71.4790290531206,49.3101276703291,40.1393348701146,40.8429387351996,61.3886178539043
2014-05-13 00:00:00,24.2015515457706,37.3156402943128,31.5237524829328,75.3829861004017,23.2786570116998,19.0111117810515,18.352219390428,36.7305602700266
2014-05-14 00:00:00,17.4886568713558,15.7771867671542,15.3462643860792,35.1525180868941,31.3609409333509,17.6671450289223,18.9612517576649,37.8306644318392
2014-05-15 00:00:00,25.0982433493261,32.1195913861113,27.9201686641646,69.3430171084584,24.5828648767157,20.1990151145894,23.4213196779489,41.280435716041
2014-05-16 00:00:00,29.6056328417959,24.8152159132086,20.7144352014145,45.6641003259667,44.4110949578073,43.0152299060036,47.2939477370373,75.3063124072838
2014-05-17 00:00:00,24.7477889700222,49.5201842183769,53.2133372815969,80.8146491273524,17.8375113454456,27.3404888938595,45.4992454853165,42.8734416220583
2014-05-18 00:00:00,16.3983191165012,6.30496610918029,5.10065436046407,10.525422312473,22.5319819962013,6.33482417301741,5.28846712723515,10.0316441231286
2014-05-19 00:00:00,24.9789594067429,23.6868796017627,20.7798824011859,40.5554774769478,46.8850394242473,50.8431575021451,55.2700310771376,82.7222510088073
2014-05-20 00:00:00,31.3723816334063,45.9269419006926,45.1595339499731,90.6214072620214,26.4895062546928,32.5904773389455,29.5837909086416,61.5023334753934
2014-05-21 00:00:00,36.6429001114122,21.0362490228722,16.1859884049474,28.6427925152471,20.1606048857256,15.1432671676477,12.4065911692948,19.8160623214396
2014-05-22 00:00:00,27.6946133509805,26.7663261550928,29.4825316758411,55.0341405622685,19.2053631849342,15.1492613359421,23.0650175739023,29.4860255114579
2014-05-23 00:00:00,22.459445604121,31.0190198915107,25.5401837587727,58.3346336581717,17.220628657109,22.9414559498686,25.4470231608686,41.0460779714426
2014-05-24 00:00:00,13.3257325223196,18.5700690818913,15.0817739631968,34.4724987683863,43.6028055110891,13.6702444469298,15.2736528945962,24.3842699225456
2014-05-25 00:00:00,34.6186736903914,37.8297966550817,39.8226189268838,50.8899059379763,20.7987526118782,12.6696483460348,10.5769342544703,16.1675041207704
2014-05-26 00:00:00,22.0967717828879,20.7260196515424,15.8626353852864,38.3412416376892,15.3588922251845,13.3797782900382,10.9122589784996,23.5205432390438
2014-05-27 00:00:00,42.1286267648599,48.7973757694859,40.4225299936745,72.6362376190105,49.7681632663926,70.6127009010485,68.1528390318539,100.525743896915
2014-05-28 00:00:00,20.8198296087569,15.7771867671542,13.3230158354608,30.0749321410094,27.6274955841425,25.2387786127462,27.2323125371947,46.2374787500257
2014-05-29 00:00:00,25.9637000165442,34.7962240016206,37.9625097049056,66.7747572155525,22.2782212945236,17.6741382252657,19.2276801190576,32.1070055569208
2014-05-30 00:00:00,20.4176778219282,12.4076079566043,12.4743790586801,26.2145761130549,25.3777685473185,14.3384099686679,21.0473891639365,28.8209343780963
2014-05-31 00:00:00,26.6514650446393,12.3800460545942,10.0545159754645,21.6298031487914,11.891674230297,27.3404888938595,23.6346219960021,45.8998022071447
2014-06-01 00:00:00,18.2203545738902,12.6099322183606,13.1850002509395,14.3214762612338,39.8642758394331,82.3527142492264,90.8025839472206,88.7224918758671
2014-06-02 00:00:00,18.2538549510813,11.8434398008814,9.0643630773065,18.687327857025,29.1010589529811,18.7316896060535,19.1071199502474,28.0862957501523
2014-06-03 00:00:00,24.2015515457706,25.8339048191396,22.9631353995691,48.7090064033365,25.6867939439446,16.2952386694727,18.352219390428,29.3844482160213
2014-06-04 00:00:00,9.99351821220332,13.1476556392952,10.1162427530922,23.9959564954862,26.8808065143008,17.6671450289223,14.4743563641772,30.9889485239534
2014-06-05 00:00:00,12.9818500082721,8.02989784652784,6.3599835217984,15.5827004738109,23.046435821921,17.6741382252657,19.2276801190576,32.4677584283469
2014-06-06 00:00:00,32.6682845150852,34.1209218806618,31.7773732881127,70.3529738455782,10.8761865202793,8.60304598120072,8.61851175953446,16.8758724189817
2014-06-07 00:00:00,13.3257325223196,12.3800460545942,16.7001895496947,15.7139595525408,436.028055110891,478.458555642541,456.424378617154,583.555177633571
2014-06-08 00:00:00,20.0423900312793,25.2198644367211,20.4026174418563,40.1659793993223,67.595945988604,152.035780152418,143.194849195211,229.690058543359
2014-06-09 00:00:00,20.1753133669846,23.6868796017627,31.6737850149375,43.8185618716448,28.2926962042872,34.7874235540993,30.9251782643309,61.1534124215139
2014-06-10 00:00:00,9.85989137049912,14.3521693439665,11.1234718884271,30.8284850654028,20.0678077687067,35.3063504505243,38.3598951363241,72.5312329382804
2014-06-11 00:00:00,19.9870364244066,18.4067178950132,14.162739854329,31.5786787480599,33.601008142876,42.9059236416685,39.6389037064895,70.7433424875393
2014-06-12 00:00:00,25.0982433493261,32.1195913861113,30.4004032411357,47.8227704196265,25.3510794041131,17.6741382252657,20.2214284088492,24.9106077596799
2014-06-13 00:00:00,15.3132583664462,18.6114119349064,14.4772456720745,29.2208348416163,32.628559560838,43.0152299060036,41.2777540924033,64.2521748062146
2014-06-14 00:00:00,20.940436820788,24.7600921091884,20.1090319509291,40.4073245636762,25.7652941656436,13.6702444469298,11.8173109980011,21.4367208110291
2014-06-15 00:00:00,27.3305318608354,6.30496610918029,8.08434589047541,10.1582564178519,20.7987526118782,25.3392966920697,21.1538685089406,38.726812196264
2014-06-16 00:00:00,17.2931257431297,11.8434398008814,10.3899412005929,19.855285848089,67.9024708902893,34.7874235540993,32.2018307244469,55.420280006997
2014-06-17 00:00:00,27.7869665895884,31.5747725567262,32.825115269444,57.6128032727636,29.7003554976859,35.3063504505243,34.7995712002169,61.6125527110123
2014-06-18 00:00:00,65.7906615636719,70.9973404521938,76.6853535685474,119.415171736361,38.0811425619261,68.1447022544146,73.5476551524776,110.153993492708
2014-06-19 00:00:00,32.8873533542894,50.8560196946763,50.7204710950164,86.9648399380006,21.5100067671263,20.1990151145894,22.1947587362028,32.6973748245869
2014-06-20 00:00:00,15.3132583664462,18.6114119349064,20.7144352014145,30.6256826705401,62.5380724916062,51.6182758872044,56.841557637304,80.8094660062776
2014-06-21 00:00:00,13.3257325223196,37.1401381637826,41.8364794883561,66.4530096739976,11.891674230297,13.6702444469298,11.8173109980011,23.5029107687187
2014-06-22 00:00:00,21.8644254886683,12.6099322183606,13.1850002509395,23.2962680516069,17.3322938432318,12.6696483460348,10.5769342544703,22.203372325858
2014-06-23 00:00:00,15.3716673272264,23.6868796017627,31.8258718746633,40.9915578799258,21.0174314660419,18.7316896060535,18.7362668257153,30.8043243711348
2014-06-24 00:00:00,17.9270752190893,28.7043386879329,29.2990581052474,46.3895299079395,33.7139170514272,24.4428580042091,28.6514862374634,37.7800048491702
2014-06-25 00:00:00,20.8198296087569,23.6657801507313,23.4392585885529,35.6150512196164,39.5745207016095,27.7626564740208,30.631421151803,40.1535999671276
2014-06-26 00:00:00,17.3091333443628,13.3831630775464,14.6425701249782,18.3447135207562,22.2782212945236,42.9229071185025,46.2911036110708,55.6958259660871
2014-06-27 00:00:00,109.234576347316,83.7513537070789,70.3833617469779,139.153587279736,16.314279780419,22.9414559498686,24.0407305733344,36.2640106349638
2014-06-28 00:00:00,30.4588171938735,12.3800460545942,10.0545159754645,16.1274848039234,17.8375113454456,41.0107333407893,53.1778994910048,51.3353051000961
2014-06-29 00:00:00,25.5084964034463,31.5248305459014,28.4869633323317,38.6553120325336,22.5319819962013,31.6741208650871,41.8153309935204,36.8418788592777
2014-06-30 00:00:00,33.6255222783077,29.6085995022034,31.8993418859899,45.819890418667,29.909421701675,40.1393348701146,35.2900818557308,59.0275171672157
2014-07-01 00:00:00,24.2015515457706,17.2226032127597,13.3481662661125,18.8550992529045,26.4895062546928,24.4428580042091,20.2168287327844,25.5929065107282
2014-07-02 00:00:00,20.8198296087569,15.7771867671542,12.1394913037106,28.7951477945835,15.6804704666755,12.6193893063731,10.3388259744123,22.1349632313953
2014-07-03 00:00:00,12.116393341054,10.7065304620371,13.0802071133017,16.6589830891191,12.2914324383579,10.0995075572947,13.8074796184201,14.8758326904652
2014-07-04 00:00:00,21.4385617130246,12.4076079566043,9.65149711471631,20.6153462636646,9.96983764358939,11.4707279749343,15.3675980900256,18.1320053174819
2014-07-05 00:00:00,20.940436820788,12.3800460545942,10.0545159754645,22.9816658455909,7.92778282019802,20.5053666703946,28.405004095863,36.5764048838185
2014-07-06 00:00:00,9.11017728694512,6.30496610918029,10.2013087209282,10.9201256491908,12.1326056902623,12.6696483460348,18.9589563374345,20.8156615554919
2014-07-07 00:00:00,26.9004178226462,29.6085995022034,27.9226075161307,51.2394473499072,16.1672549738784,16.0557339480458,16.5538150300154,26.4037066038298
2014-07-08 00:00:00,29.5796741114974,25.8339048191396,24.8496693498766,48.1737425967064,20.870520079455,19.0111117810515,19.2845240616062,33.9051325569476
2014-07-09 00:00:00,29.1477614522597,39.4429669178855,34.7390258733953,63.8382993559162,53.7616130286016,32.81041219657,31.0164779232369,51.0357076769151
2014-07-10 00:00:00,23.3673300148898,16.0597956930557,15.2002016205678,29.1970598351404,36.8742973150736,50.4975377864735,46.4863372518513,86.9061804548232
2014-07-11 00:00:00,15.3132583664462,27.9171179023597,29.1398377224743,46.8392793784732,43.5047460811174,28.6768199373358,29.2573888057361,45.7744251887411
2014-07-12 00:00:00,57.1102822385127,12.3800460545942,16.7001895496947,22.1510032246659,23.7833484605941,34.1756111173244,38.9082748905984,58.7572769217967
2014-07-13 00:00:00,27.3305318608354,31.5248305459014,25.5032718023204,42.0004832661183,25.9984407648477,25.3392966920697,29.5358905919048,32.0240947007568
2014-07-14 00:00:00,17.2931257431297,20.7260196515424,30.3627694008745,29.7829287721336,21.0174314660419,26.7595565800764,32.3163383392106,36.5408439606573
2014-07-15 00:00:00,86.0499610516287,117.687788620525,108.635615337626,173.65819674233,19.2650954579584,21.7269848926303,19.2845240616062,30.6620329210657
2014-07-16 00:00:00,31.6461410053105,55.2201536850396,53.2920633418432,91.0923425424805,23.1473611650923,15.1432671676477,14.8257213679,24.0079216586672
2014-07-17 00:00:00,65.7747067085787,53.5326523101856,53.2875656227797,86.4087440603842,26.8875084589078,32.8233995612078,28.4852180745398,50.1538004026666
2014-07-18 00:00:00,33.6891684061816,40.3247258589639,35.6016885387736,64.4952071192683,32.628559560838,25.8091379436022,26.8533157484027,39.2718900217424
2014-07-19 00:00:00,17.1330846715538,6.19002302729711,5.02725798773227,12.4225220786978,17.8375113454456,13.6702444469298,11.8173109980011,26.3613728892385
2014-07-20 00:00:00,12.7542482017232,6.30496610918029,5.10065436046407,8.91438828505367,60.6630284513113,12.6696483460348,10.5769342544703,16.9923767799934
2014-07-21 00:00:00,20.1753133669846,17.765159701322,17.1882135085728,25.5282246618288,45.2683139268595,40.1393348701146,34.0134293956148,54.811265940986
2014-07-22 00:00:00,29.5796741114974,37.3156402943128,39.8373588298783,47.61030701078,40.1356155374134,51.601589119997,57.4718672235322,62.966674748617
2014-07-23 00:00:00,28.3149682679094,26.2953112785903,32.8055976604248,36.3809662996082,27.6274955841425,35.3342900578446,37.6629351264739,46.9832445363164
2014-07-24 00:00:00,24.232786682108,42.8261218481485,37.6402639817147,69.1269952483074,8.45035980137103,2.52487688932368,3.32338072119179,3.85798464635897
2014-07-25 00:00:00,13.2714905842533,6.20380397830214,4.82574855735816,10.0159465337616,19.9396752871788,20.073773956135,25.9816707891587,30.8329618724162
2014-07-26 00:00:00,11.4220564477026,12.3800460545942,12.9952733797388,15.8494247210971,23.7833484605941,27.3404888938595,23.6346219960021,33.6334757552354
2014-07-27 00:00:00,14.5762836591122,6.30496610918029,5.10065436046407,9.39365647242215,15.5990644589086,6.33482417301741,5.28846712723515,8.95297271203953
2014-07-28 00:00:00,24.0182301987912,20.7260196515424,17.1882135085728,37.9055457099882,26.6759707068993,21.4076452640611,17.4596143655993,37.2052229417602
2014-07-29 00:00:00,20.6161365019527,28.7043386879329,40.4887087412744,48.2267390132044,20.0678077687067,27.1587311157879,26.4051719338207,43.6402696277544
2014-07-30 00:00:00,24.151002346158,26.2953112785903,23.4392585885529,44.2278413838374,15.6804704666755,15.1432671676477,14.8257213679,24.4786652206018
2014-07-31 00:00:00,39.8110066920345,48.179387079167,45.4938771605643,81.5800201275981,141.351473041116,100.995075572947,99.7429253981781,161.884061631533
2014-08-01 00:00:00,13.2714905842533,15.5095099457554,12.0643713933954,17.6948388763121,18.1269775337989,20.073773956135,16.8285114013341,21.7886263898408
2014-08-02 00:00:00,30.4588171938735,37.1401381637826,33.1043053306679,66.4530096739976,11.891674230297,13.6702444469298,11.8173109980011,23.5029107687187
2014-08-03 00:00:00,36.4407091477805,25.2198644367211,33.5876176927958,44.8005154838595,10.3993763059391,6.33482417301741,5.28846712723515,10.6746982335856
2014-08-04 00:00:00,17.2931257431297,11.8434398008814,10.3899412005929,16.5748473166656,51.7352159164109,45.4912461861299,40.5607847827145,60.4989277400796
2014-08-05 00:00:00,39.4395654819965,40.1860741631061,32.4470840741071,83.1617182495989,32.1084924299307,43.4539697852606,39.8830577556769,86.0032630712818
2014-08-06 00:00:00,18.3214500557061,23.6657801507313,23.7830591014349,41.0112711013765,33.601008142876,53.001435086767,56.9922455777171,88.2715503409581
2014-08-07 00:00:00,14.7127633427084,8.02989784652784,9.72009531755004,15.5827004738109,41.4835844794578,40.3980302291788,36.8724971923225,74.2120192647928
2014-08-08 00:00:00,17.355026148639,18.6114119349064,14.4772456720745,36.1939886106383,51.6618859713269,45.8829118997372,45.622767365561,84.8907521682108
2014-08-09 00:00:00,30.4588171938735,37.1401381637826,33.1043053306679,61.2844422549089,59.4583711514852,54.680977787719,47.2692439920043,86.6996263912734
2014-08-10 00:00:00,14.5762836591122,12.6099322183606,10.2013087209282,19.2002209216541,38.13104645511,12.6696483460348,10.5769342544703,18.2994826861467
2014-08-11 00:00:00,21.1360425749363,32.5694594524237,29.8442454784924,55.7637815308033,25.8676079582054,18.7316896060535,15.2771625698994,30.4766187927185
2014-08-12 00:00:00,25.097905306725,22.9634709503463,25.7730009410508,39.3608132552214,80.2712310748267,70.6127009010485,63.2785054632821,115.756917214629
2014-08-13 00:00:00,42.4724524018641,42.0724980457445,39.4368635260164,75.1873303525236,28.3741846539842,17.6671450289223,14.4743563641772,30.3433454297043
2014-08-14 00:00:00,25.9637000165442,29.4429587706021,29.1602859526501,49.8544567446433,15.3642905479473,20.1990151145894,22.5510608402494,32.3768123263067
2014-08-15 00:00:00,28.5847489506995,31.0190198915107,34.9670195865296,42.8100940555937,20.8460241638687,20.073773956135,19.2325844586676,26.3572093425493
2014-08-16 00:00:00,142.775705596282,173.320644764319,164.199184835563,262.647609663895,17.8375113454456,34.1756111173244,35.4519329940032,49.7638161684605
2014-08-17 00:00:00,318.856205043079,586.361848153767,549.062408830256,804.413216138408,19.065523227555,6.33482417301741,5.28846712723515,8.24382635861065
2014-08-18 00:00:00,136.423547529134,180.612456963441,146.529458475608,338.00161025119,13.7421667277966,21.4076452640611,20.9187186214153,38.0704606845918
2014-08-19 00:00:00,61.8484095058581,88.983449932592,75.0943084454671,132.454315658196,13.6461092827205,13.5793655578939,12.5455811506781,19.3318738263298
2014-08-20 00:00:00,44.9708319549149,68.3678093243348,62.8761221145693,124.778973776529,35.0943862825593,37.8581679191193,32.2260430225395,66.4048896941858
2014-08-21 00:00:00,40.6764633592526,72.2690806187505,77.9793201792191,108.536896343674,19.2053631849342,22.7238920039131,25.5181394573946,32.3064279516843
2014-08-22 00:00:00,69.4201045945559,102.362765641985,105.832165598527,151.016297306457,61.6317236149163,83.1627778182737,83.8640944724142,116.72478423129
2014-08-23 00:00:00,36.1698454177247,30.9501151364855,25.1362899386613,48.3824544117702,39.6389141009901,13.6702444469298,15.2736528945962,20.5341220400384
2014-08-24 00:00:00,47.3729218921146,44.134762764262,43.7889264137239,55.0925257977191,19.065523227555,31.6741208650871,26.4423356361757,37.5056964963818
2014-08-25 00:00:00,57.6437524770989,26.6477395519831,31.1698236017788,35.444146637911,29.909421701675,26.7595565800764,28.5627567790427,33.8229299470547
2014-08-26 00:00:00,34.0614429162697,37.3156402943128,32.9418392434942,69.5842948619093,33.7139170514272,27.1587311157879,22.4631430364271,48.4359036527823
2014-08-27 00:00:00,31.6461410053105,28.9248424064493,22.2557340568027,40.019062929569,19.4139158158839,10.0955114450985,8.27106077952984,13.4237841532333
2014-08-28 00:00:00,70.1019900446694,99.0354067738433,89.7602494445874,148.735746841331,25.3510794041131,30.2985226718841,30.9383399580321,43.0752372689124
2014-08-29 00:00:00,38.7935878616636,49.6304318264171,51.134338238272,69.0530297612179,29.0031640540782,31.5445019310693,26.4448036306679,41.7552073672907
2014-08-30 00:00:00,17.1330846715538,24.7600921091884,23.0497893552033,43.2596062975828,31.7111312807921,41.0107333407893,35.4519329940032,68.8497033107171
2014-08-31 00:00:00,27.3305318608354,37.8297966550817,30.6039261627844,49.9205743963006,22.5319819962013,25.3392966920697,21.1538685089406,31.7191033226543
2014-09-01 00:00:00,24.0182301987912,29.6085995022034,29.2481856394171,31.7684573569425,67.9024708902893,34.7874235540993,29.6485258042149,35.4689792044781
2014-09-02 00:00:00,38.543211721042,40.1860741631061,37.2745040248149,47.0293854928766,76.2576695210854,46.1698428968394,39.5013527943905,51.676098586796
2014-09-03 00:00:00,30.8133478209602,21.0362490228722,22.5173057334562,29.1047730396865,29.8675627936675,20.1910228901969,18.9612517576649,26.8475683064665
2014-09-04 00:00:00,25.9637000165442,24.0896935395835,29.954002387532,39.6245812048334,19.9735777123315,20.1990151145894,27.0634234920132,31.4517605455551
2014-09-05 00:00:00,22.459445604121,15.5095099457554,12.0643713933954,23.6984449236323,34.4412573142179,20.073773956135,19.2325844586676,29.1811960578225
2014-09-06 00:00:00,43.7845497161931,30.9501151364855,25.1362899386613,42.9563847581137,19.8194570504951,0,0,0
2014-09-07 00:00:00,43.7288509773366,6.30496610918029,5.10065436046407,8.82434395894202,36.3978170707868,38.0089450381045,37.9179126748691,50.4622098314955
2014-09-08 00:00:00,55.7222940611956,35.5303194026441,32.110336247819,50.1607221425408,122.871137801476,34.7874235540993,39.6549854471306,46.6697094795764
2014-09-09 00:00:00,35.8541504381786,22.9634709503463,19.0989178079946,36.080745483953,117.195997369247,67.8968277894697,58.4041718947103,102.029334083407
2014-09-10 00:00:00,48.302004692316,21.0362490228722,28.8888521714231,31.3825378862707,84.3758648921108,53.001435086767,50.8359297764817,75.9902911630857
2014-09-11 00:00:00,44.1382900281252,21.4130609240742,18.2000733466146,37.3565075331762,47.6293006986367,22.7238920039131,24.7578953435055,37.5276688327646
2014-09-12 00:00:00,42.8771234260493,15.5095099457554,13.4758123653773,22.1185485953901,57.0999792314665,28.6768199373358,27.851096218202,38.9082614104299
2014-09-13 00:00:00,45.6882257908102,12.3800460545942,10.0545159754645,22.4211374103325,35.6750226908911,20.5053666703946,23.6346219960021,35.6842974476278
2014-09-14 00:00:00,67.4153119233939,31.5248305459014,39.8226189268838,46.9682823621108,32.9313583021404,12.6696483460348,17.5679075288507,17.9059454240791
2014-09-15 00:00:00,56.6830232691473,41.4520393030848,41.9042176093366,63.536914713885,57.3937551572683,45.4912461861299,42.5400297916037,66.260730381992
2014-09-16 00:00:00,69.0192395934938,51.6678096382792,48.397975913242,92.2907489747428,58.5979986846235,46.1698428968394,48.4866100089614,78.8740452114255
2014-09-17 00:00:00,81.6137320663271,78.8859338357709,65.0877541326717,135.337194634542,77.6556632635356,80.7640915607877,71.0067466334492,133.163938800074
2014-09-18 00:00:00,103.854800066177,101.712039389353,92.854236459829,209.12973413662,49.1657297534315,22.7238920039131,18.871378015011,44.2290382671868
2014-09-19 00:00:00,79.6289435055201,46.5285298372661,39.0159961241499,81.2518111667392,38.9730016976676,22.9414559498686,19.2325844586676,38.1142152591967
2014-09-20 00:00:00,34.2661693431076,49.5201842183769,46.0995787104067,100.741548912179,23.7833484605941,20.5053666703946,28.9931261007363,40.0837313795271
2014-09-21 00:00:00,27.3305318608354,18.9148983275409,15.3019630813922,23.1931872195202,17.3322938432318,12.6696483460348,10.5769342544703,14.7367515437111
2014-09-22 00:00:00,31.7040638624044,41.4520393030848,35.3169396631858,70.225010999557,71.1359218850649,69.5748471081986,60.2028509440138,112.007302750983
2014-09-23 00:00:00,26.890612828634,28.7043386879329,25.7730009410508,48.7090064033365,34.5166293621755,43.4539697852606,50.5237713257158,70.522675718451
2014-09-24 00:00:00,37.4756932957625,36.8134357900264,38.2895994686459,85.3477804001619,26.8808065143008,32.81041219657,38.2368102214699,73.1052028885541
2014-09-25 00:00:00,36.3491800231619,37.4728566171299,34.280152185963,86.2935324016371,15.3642905479473,15.1492613359421,16.5793245947849,33.0243485728328
2014-09-26 00:00:00,32.6682845150852,34.1209218806618,35.6016885387736,70.3529738455782,33.534908437528,43.0152299060036,41.2777540924033,84.3793620949083
2014-09-27 00:00:00,19.0367607461709,30.9501151364855,55.3773333102972,56.7448539397305,23.7833484605941,20.5053666703946,21.1823083935968,36.1248443296972
2014-09-28 00:00:00,9.11017728694512,12.6099322183606,10.2013087209282,14.806950032801,19.065523227555,6.33482417301741,14.8466042197834,7.05615645948878
2014-09-29 00:00:00,30.7433346544528,35.5303194026441,37.0275832637185,59.5658575442671,45.2683139268595,58.8710244761681,54.0263486814461,93.7881661656872
2014-09-30 00:00:00,83.3608997687653,83.2425821950054,77.4500232820711,176.570148212095,35.3193416729238,29.8746042273667,33.1441148447488,60.6054244455439
2014-10-01 00:00:00,34.9773137427116,49.9610914293216,44.8552686264875,84.0328986292911,25.3874283746174,17.6671450289223,18.1030516620851,28.5584427573688
2014-10-02 00:00:00,23.3673300148898,24.0896935395835,24.9202969381179,52.0072628313438,18.4371486575368,20.1990151145894,16.7745582355653,41.280435716041
2014-10-03 00:00:00,17.355026148639,18.6114119349064,15.8886866440563,32.5007244666957,23.5650707939386,17.2060919624014,15.8307309315348,28.5856614443975
2014-10-04 00:00:00,68.5323386862153,18.5700690818913,18.0225313674711,38.842252133393,15.855565640396,27.3404888938595,27.0909638925973,54.9504674310888
2014-10-05 00:00:00,27.3305318608354,37.8297966550817,40.330315994203,69.8888041548208,50.2636521453722,63.3482417301742,59.0717811838097,111.01686162929
2014-10-06 00:00:00,24.0182301987912,20.7260196515424,17.1882135085728,35.4860427923294,34.7595981938385,34.7874235540993,31.256917688572,56.5994349007629
2014-10-07 00:00:00,37.6468579600875,22.9634709503463,20.0222493991688,58.1600076457749,23.2786570116998,19.0111117810515,25.4728672626425,46.050254666899
2014-10-08 00:00:00,29.98055463661,31.5543735343084,28.66928022154,60.8257054537269,22.4006720952506,35.3342900578446,36.3615734123044,65.4598013764408
2014-10-09 00:00:00,25.9637000165442,26.7663261550928,29.3256508496458,51.9423349127029,37.642511842471,45.4477840078262,43.519258634706,83.4885216728919
2014-10-10 00:00:00,13.2714905842533,3.10190198915107,2.41287427867908,7.58350237556232,64.3507702449861,51.6182758872044,61.1291177289735,120.05977806647
2014-10-11 00:00:00,30.4588171938735,24.7600921091884,20.1090319509291,53.2908193520947,35.6750226908911,20.5053666703946,17.7259664970016,42.4074259522533
2014-10-12 00:00:00,413.602048827308,573.751915935406,512.004397386756,993.731434076358,350.112335633282,500.451109668376,459.290913772746,822.21863144193
2014-10-13 00:00:00,82.6227118838418,100.669238307492,84.0194295805023,176.107752739572,72.7526473824528,82.9546253982368,82.8976077875075,137.901967642829
2014-10-14 00:00:00,35.8541504381786,40.1860741631061,37.9906956475297,60.3474415616558,55.3871494416304,57.0333353431546,48.4866100089614,81.9123998942186
2014-10-15 00:00:00,68.2890411167227,57.8496848128987,51.232554316845,112.780995528785,122.457007454037,118.622259479907,105.614861557011,222.255153537055
2014-10-16 00:00:00,25.0982433493261,21.4130609240742,21.0025536467766,35.905769376548,58.3843040821999,53.0224146757972,52.5135809537036,84.1639951492098
2014-10-17 00:00:00,24.5012133863139,24.8152159132086,20.7144352014145,55.878438556775,40.7856994510475,45.8829118997372,45.4535462788535,98.2945551421388
2014-10-18 00:00:00,26.6514650446393,24.7600921091884,25.1362899386613,40.4073245636762,61.4403168565347,82.0214666815785,74.3602078846016,128.620324866175
2014-10-19 00:00:00,30.9746027756134,44.134762764262,35.7045805232485,80.4640837308792,24.2652113805245,25.3392966920697,36.5268638662852,43.822445379983
2014-10-20 00:00:00,29.7826054465011,26.6477395519831,23.9864858165527,56.4308124103583,50.9268531677169,50.8431575021451,49.0873851787034,102.314363089841
2014-10-21 00:00:00,43.0249805258143,40.1860741631061,36.6893328610186,76.6209089490686,32.911204740679,38.022223562103,37.6367434520342,69.33409129623
2014-10-22 00:00:00,51.6331774297172,47.3315603014625,50.1751105971225,88.2633878051364,23.1473611650923,27.7626564740208,34.7536635258671,49.7555477853537
2014-10-23 00:00:00,25.9637000165442,21.4130609240742,20.6803079235856,36.9829424578445,19.9735777123315,27.7736457825604,30.5820378539855,45.4084792876451
2014-10-24 00:00:00,26.5429811685067,12.4076079566043,14.4772456720745,24.9809490018524,35.3476061909079,40.1475479122701,37.4673884475358,76.9010343170851
2014-10-25 00:00:00,19.0367607461709,18.5700690818913,15.0817739631968,39.968114514071,15.855565640396,13.6702444469298,19.6281287051406,28.2716173015022
2014-10-26 00:00:00,21.8644254886683,25.2198644367211,30.6039261627844,49.2174677146625,39.8642758394331,6.33482417301741,10.5769342544703,11.7271332706997
2014-10-27 00:00:00,31.7040638624044,41.4520393030848,34.3764270171456,81.3582444507064,63.0522943981257,88.3065367142521,80.5866233543772,164.701169851939
2014-10-28 00:00:00,17.0307214581348,11.4817354751732,10.2001402972529,21.4105522652029,40.9383278481616,32.5904773389455,28.269781276177,58.1230843833388
2014-10-29 00:00:00,13.3246909496044,15.7771867671542,15.9976049374634,33.4165912677883,35.841075352401,37.8581679191193,37.1727937244723,77.0624645833761
2014-10-30 00:00:00,18.174590011581,18.736428308565,17.320196127834,36.359634438892,24.5828648767157,32.8233995612078,35.3741144304848,60.2972656526442
2014-10-31 00:00:00,16.3341422575426,18.6114119349064,14.4772456720745,37.9175118778116,13.5952331503492,17.2060919624014,14.4244383440007,33.3499383517971
2014-11-01 00:00:00,32.3624932684906,55.710207245674,82.6315893922604,94.0159057319626,21.8014027555446,27.3404888938595,55.8925226508808,44.3350362228103
2014-11-02 00:00:00,16.3983191165012,12.6099322183606,10.2013087209282,25.3220304908771,34.6645876864636,19.0044725190523,15.8654013817054,36.2011505312903
2014-11-03 00:00:00,35.546980694211,14.8042997511017,27.1416034762843,35.5617059965774,12.1254412304088,16.0557339480458,15.9797551186726,36.6499211068086
2014-11-04 00:00:00,38.543211721042,20.093037081553,18.1755862168203,39.1911545773972,27.2922185654411,40.7380966736818,36.3227338195697,75.9942626276412
2014-11-05 00:00:00,24.9837955305083,23.6657801507313,21.4160100379345,39.4186003789929,30.6142518635092,37.8581679191193,34.6451732211447,60.6025206917812
2014-11-06 00:00:00,19.0400466787991,21.4130609240742,20.3200678538807,38.523898393588,20.7417922397289,15.1492613359421,15.0340405601663,25.8002723225256
2014-11-07 00:00:00,15.3132583664462,15.5095099457554,16.4252915972722,30.5083428901932,28.0968151773883,40.1475479122701,40.8146212508941,75.1331944477268
2014-11-08 00:00:00,20.940436820788,6.19002302729711,5.02725798773227,12.5926936140224,35.6750226908911,34.1756111173244,39.9123031847882,66.8062189658785
2014-11-09 00:00:00,10.9322127443341,6.30496610918029,5.10065436046407,7.59660914726313,8.6661469216159,6.33482417301741,8.38202208296425,7.24023010625805
2014-11-10 00:00:00,34.5862514862594,29.6085995022034,26.2525765858793,47.6526860354137,10.508715733021,8.02786697402292,6.54735538709975,12.2777235707809
2014-11-11 00:00:00,27.7869665895884,14.3521693439665,15.9508918391349,27.3646103389531,21.6732323902032,27.1587311157879,22.4631430364271,49.5243509258785
2014-11-12 00:00:00,73.2858002228243,76.2564027079119,60.6974565185529,165.60247444733,29.1208737238258,45.4298015029431,37.2197735078843,94.8160956646096
2014-11-13 00:00:00,19.9055033460172,16.0597956930557,17.320196127834,39.6245812048334,29.1921520410999,25.2487688932368,29.5165453755055,58.9720510229157
2014-11-14 00:00:00,19.3967939308318,12.4076079566043,9.65149711471631,28.3117422020993,19.0333264104888,8.60304598120072,7.21221917200033,18.6759654770064
2014-11-15 00:00:00,34.2661693431076,24.7600921091884,33.1043053306679,53.2908193520947,23.7833484605941,13.6702444469298,11.8173109980011,28.2716173015022
2014-11-16 00:00:00,32.7966382330024,12.6099322183606,10.2013087209282,20.3165128357037,17.3322938432318,19.0044725190523,15.8654013817054,29.045109147198
2014-11-17 00:00:00,36.5077099021627,23.6868796017627,18.128726154613,42.8338750880123,25.8676079582054,34.7874235540993,33.1076300600308,59.7791784345136
2014-11-18 00:00:00,30.4760278724518,31.5747725567262,34.6212332253422,60.8862580041706,39.3329032266651,35.3063504505243,31.4484002509979,65.1132659332289
2014-11-19 00:00:00,44.1380387705647,42.0724980457445,38.2533389942662,81.1009406049692,26.8808065143008,20.1910228901969,20.2793071616899,37.4056007865376
2014-11-20 00:00:00,42.4073766936889,24.0896935395835,24.8048679350576,55.4744136867667,77.5896672671341,50.4975377864735,44.7082405652781,110.081161909443
2014-11-21 00:00:00,18.3759100397354,9.30570596745321,9.65149711471631,17.5003900974515,45.3174438344972,43.0152299060036,38.4651689173351,76.9613961964548
2014-11-22 00:00:00,19.0367607461709,18.5700690818913,15.0817739631968,35.3564089932167,75.3139367918812,6.83512222346488,5.90865549900053,12.5047538064337
2014-11-23 00:00:00,23.6864609460573,18.9148983275409,15.3019630813922,30.4747692535556,105.726992443714,12.6696483460348,10.5769342544703,19.363406098132
2014-11-24 00:00:00,27.8611470305978,41.4520393030848,35.702005140432,84.447798037442,89.7282651050251,26.7595565800764,21.8245179569992,51.8047408049826
2014-11-25 00:00:00,36.7505041991331,31.5747725567262,32.6179753009846,61.5861000501956,83.4820803178198,24.4428580042091,20.2168287327844,45.5965575765847
2014-11-26 00:00:00,13.3246909496044,10.5181245114361,8.09299420247372,17.5193779462191,61.2285037270184,7.57163358382385,6.20329558464738,12.1205041383562
2014-11-27 00:00:00,31.1564400198531,21.4130609240742,21.5601851423662,37.7376963855556,86.0400270685051,7.57463066797103,6.290459338337,12.6368680763391
2014-11-28 00:00:00,44.9188912082421,55.8342358047193,59.2656029720831,129.124499908223,138.671378133562,65.9566858558722,61.5081190208702,145.117299314577
2014-11-29 00:00:00,9.51838037308546,12.3800460545942,20.9632887717453,23.8770554239905,192.248733389802,6.83512222346488,5.90865549900053,12.6671532065172
2014-11-30 00:00:00,92.9238083268402,50.4397288734423,45.9058892441767,101.288121963508,213.187214271751,6.33482417301741,5.28846712723515,12.0670501770968
2014-12-01 00:00:00,26.9004178226462,5.92171990044068,6.79827230797987,7.62442976566619,168.139451728335,58.8710244761681,54.3580881056872,72.0293116152478
2014-12-02 00:00:00,62.7447632668126,68.890412851039,58.2200850151579,115.744173631691,126.025832787478,16.2952386694727,15.7242001254989,26.1841617766526
2014-12-03 00:00:00,111.594286702937,176.178585566555,161.674794634284,296.326537271711,110.50998233657,7.57163358382385,8.27106077952984,12.2393326103009
2014-12-04 00:00:00,38.0800933575982,53.5326523101856,53.5229513951784,118.535071980271,110.622891945221,27.7736457825604,24.2915785156485,58.2159990867245
2014-12-05 00:00:00,14.2923744753498,24.8152159132086,19.3029942294326,56.6234844041987,80.6650500254051,8.60304598120072,7.21221917200033,18.6759654770064
2014-12-06 00:00:00,13.3257325223196,24.7600921091884,26.7547055251593,50.3707744560895,87.2056110221782,20.5053666703946,17.7259664970016,40.0837313795271
2014-12-07 00:00:00,23.6864609460573,12.6099322183606,22.4036930150388,21.050844624946,83.1950104475126,6.33482417301741,5.28846712723515,10.0316441231286
2014-12-08 00:00:00,35.546980694211,26.6477395519831,26.9820948700905,42.8874174318723,58.2021179059622,21.4076452640611,20.0129192858313,32.740596188749
2014-12-09 00:00:00,26.890612828634,34.4452064255195,26.6963325322251,57.8720868158453,101.94446346503,86.9079395705212,80.8162784983154,139.648862808814
2014-12-10 00:00:00,49.1347978766663,26.2953112785903,22.5995345696847,60.1498642820189,79.8957304730606,65.62082439314,66.7586310109443,144.26093370008
2014-12-11 00:00:00,50.1964866986522,45.5027544636577,37.2800239120098,93.5580389558565,86.0400270685051,60.5970453437682,58.6633139186828,117.944102045831
2014-12-12 00:00:00,40.8353556438564,40.3247258589639,32.7788065948099,78.4203086563831,110.574562956173,45.8829118997372,44.0472536913194,84.8907521682108
2014-12-13 00:00:00,20.940436820788,24.7600921091884,20.1090319509291,62.3231616151616,150.627873583762,61.5161000111839,60.9887171981443,148.785375798584
2014-12-14 00:00:00,25.5084964034463,12.6099322183606,10.2013087209282,27.3003141229769,140.391580130178,25.3392966920697,26.4423356361757,52.0391538887298
2014-12-15 00:00:00,20.1753133669846,14.8042997511017,11.3304538466331,28.7064373707312,124.487863298864,21.4076452640611,17.4596143655993,39.4465014322277
2014-12-16 00:00:00,54.6775794182224,71.7608467198322,70.3872344951865,128.181595798254,121.209558922988,70.6127009010485,59.7181815271749,120.630892676298
2014-12-17 00:00:00,49.9675910610166,60.4792159407577,62.6877386470853,128.096933193188,112.003360476253,37.8581679191193,39.9902687102123,77.0624645833761
2014-12-18 00:00:00,32.8873533542894,18.736428308565,24.9764178807988,36.7728121029703,113.69575005481,22.7238920039131,22.1947587362028,42.2186274368601
2014-12-19 00:00:00,50.0233106637241,68.2418437613236,56.9075493816007,157.818833221162,104.230120819344,31.5445019310693,31.0291079348528,69.4039257591453
2014-12-20 00:00:00,19.0367607461709,18.5700690818913,18.0225313674711,29.6537623814076,118.91674230297,13.6702444469298,11.8173109980011,20.9757160624049
2014-12-21 00:00:00,16.3983191165012,12.6099322183606,10.2013087209282,20.8002393317919,135.191891977208,25.3392966920697,21.1538685089406,39.6488791533179
2014-12-22 00:00:00,45.1542727737275,35.5303194026441,28.5186673552059,79.4211433923562,129.338039791027,45.4912461861299,38.3783329870146,96.6302318070716
2014-12-23 00:00:00,15.2380139362259,8.61130160637987,6.67408313305627,18.7342332320525,119.604134301492,59.7492084547334,64.1339508836874,124.318819375475
2014-12-24 00:00:00,9.16072502785304,10.5181245114361,8.09299420247372,18.4132237598017,49.2814786095514,7.57163358382385,6.20329558464738,12.7388972066397
2014-12-25 00:00:00,4.32728333609071,2.67663261550928,2.11999450726613,5.25325887185291,33.8014392054841,5.04975377864735,7.51702028008312,9.38191720819114
2014-12-26 00:00:00,26.5429811685067,27.9171179023597,27.9530580374517,62.8632433763719,70.6952123818157,31.5445019310693,27.851096218202,67.5775066602204
2014-12-27 00:00:00,26.6514650446393,37.1401381637826,30.1635479263936,79.9362290281421,99.0972852524753,20.5053666703946,17.7259664970016,42.4074259522533
2014-12-28 00:00:00,18.2203545738902,25.2198644367211,20.4026174418563,43.1412371326054,95.3276161377749,12.6696483460348,10.5769342544703,20.5586780794982
2014-12-29 00:00:00,24.0182301987912,29.6085995022034,22.6609076932663,49.1264804488801,103.470431832822,82.9546253982368,77.6624653096131,130.79361879526
2014-12-30 00:00:00,18.8234289800438,20.093037081553,16.8742234303091,44.8635585293889,198.269940754822,135.79365557894,132.654059456496,289.978107394947
2014-12-31 00:00:00,8.32793184350277,2.62953112785903,2.02324855061843,4.79919129909725,71.6821507048021,7.57163358382385,8.93673248939275,13.2809779388372
2015-01-01 00:00:00,10.3854800066177,8.02989784652784,6.3599835217984,11.0948827373533,91.4175287602866,7.57463066797103,6.290459338337,9.90730457184984
2015-01-02 00:00:00,28.5847489506995,21.7133139240575,16.8901199507536,41.7518670115229,107.855516326103,28.6768199373358,25.4470231608686,52.4605771826022
2015-01-03 00:00:00,45.6882257908102,43.3301611910797,41.0723207226744,67.7354361764783,265.580724476634,27.3404888938595,23.6346219960021,41.0682440800769
2015-01-04 00:00:00,69.2373473807829,31.5248305459014,28.4869633323317,76.6324606960754,159.457103357733,57.0134175571567,57.6807323752258,131.467336139949
2015-01-05 00:00:00,35.546980694211,11.8434398008814,13.3855502541307,23.8263430177069,97.0035298432703,45.4912461861299,38.3783329870146,86.9672086263645
2015-01-06 00:00:00,44.8176880477233,31.5747725567262,32.2399441056477,71.4398760582268,122.012271233737,76.0444471242061,69.4265904260357,164.552910009719
2015-01-07 00:00:00,27.4821750835591,18.4067178950132,18.5530374684479,34.3246508131086,52.2682348889182,20.1910228901969,17.7516866583623,36.1858529348027
2015-01-08 00:00:00,35.4837233559438,29.4429587706021,25.8001741568985,55.8808196478419,65.2982348287762,30.2985226718841,30.386804213205,54.4357394057684
2015-01-09 00:00:00,43.8980073171457,40.3247258589639,31.367365622828,92.0131621568228,102.417423065964,51.6182758872044,48.4899732644037,112.055792862038
2015-01-10 00:00:00,39.9771975669589,43.3301611910797,54.3636678711348,89.3731449550755,162.519547814059,6.83512222346488,5.90865549900053,13.5468166236365
2015-01-11 00:00:00,32.7966382330024,6.30496610918029,5.10065436046407,9.60011046082703,138.658350745854,19.0044725190523,15.8654013817054,27.4492240292201
2015-01-12 00:00:00,55.7222940611956,62.1780589546271,59.0924311179094,55.2876467814192,92.9617160998008,24.0836009220688,23.1011704171152,20.3498180731175
2015-01-13 00:00:00,47.5067493305867,57.4086773758658,53.6802802653779,115.973824769849,118.801421990744,62.4650815663121,64.3833621088585,120.686126601516
2015-01-14 00:00:00,45.8036251392652,52.5906225571806,44.8552686264874,95.983825981945,122.457007454037,103.478992312259,99.0972592662238,181.506698497441
2015-01-15 00:00:00,49.331030031434,37.4728566171299,39.562867063096,86.2935324016371,142.119687568513,70.6965529010629,73.2865451073798,154.11362667322
2015-01-16 00:00:00,43.8980073171457,27.9171179023597,24.1287427867908,64.5622499541117,131.420587120042,60.2213218684051,53.2981193790706,132.498403722005
2015-01-17 00:00:00,41.880873641576,18.5700690818913,15.0817739631968,37.7780808420672,227.923756080693,27.3404888938595,23.6346219960021,53.4449751727028
2015-01-18 00:00:00,36.4407091477805,44.134762764262,41.6719635832712,89.9304465227473,121.326056902623,44.3437692111219,37.019269890646,85.7115475814373
2015-01-19 00:00:00,53.8008356452924,38.4911793528644,45.0593352690682,47.2889250733113,100.236980838046,18.7316896060535,15.2771625698994,21.8687188283629
2015-01-20 00:00:00,78.879130963993,48.7973757694859,46.6680367049436,94.0969441882637,113.985148126254,46.1698428968394,47.9360102990696,85.1481169896071
2015-01-21 00:00:00,41.6396592175138,31.5543735343084,25.4625071391714,59.4888767624362,83.6291758222691,27.7626564740208,22.7454171437071,50.3023120467312
2015-01-22 00:00:00,47.6001166969977,48.179387079167,49.8025995297218,79.2491624096667,187.444344684958,88.3706911263287,87.3572403622846,137.601452386803
2015-01-23 00:00:00,42.8771234260493,31.0190198915107,29.7312633638868,70.7793555052483,356.195108539148,180.663965605215,207.065002821408,392.195275017134
2015-01-24 00:00:00,41.880873641576,24.7600921091884,20.1090319509291,40.856294836606,184.320950569604,13.6702444469298,11.8173109980011,21.6749065978184
2015-01-25 00:00:00,389.915587881251,195.453949384589,197.789376410262,361.092154799908,171.589709047995,31.6741208650871,46.5774069831943,55.5084308146451
2015-01-26 00:00:00,158.520319312022,68.0997788550678,82.4313713397516,105.385747962934,169.756177225723,120.418004610344,114.294121768468,177.082551501647
2015-01-27 00:00:00,30.4760278724518,25.8339048191396,22.2469437768542,42.1520247721181,97.9309019112886,40.7380966736818,39.8830577556769,63.5721235442768
2015-01-28 00:00:00,39.141279664463,34.1839046621674,29.8528047532902,63.0603415859875,85.8692430317942,15.1432671676477,15.6839214634798,26.8475683064665
2015-01-29 00:00:00,63.1783367069243,64.2391827722227,62.5731215352781,115.571695180764,84.5035980137104,37.8731533398552,35.1319795169234,64.5006808063141
2015-01-30 00:00:00,32.6682845150852,43.426627848115,36.6031218454708,89.5401485307358,94.2602831757543,34.4121839248029,34.8394735797204,67.5034896759267
2015-01-31 00:00:00,24.7477889700222,0,0,0,188.284841979703,6.83512222346488,9.3649973955957,11.4749505517862
2015-02-01 00:00:00,32.7966382330024,37.8297966550817,35.7045805232485,33.8171633007197,171.589709047995,19.0044725190523,22.8563746560858,16.1153508816712
2015-02-02 00:00:00,59.5652108930022,53.2954791039661,47.1513549229777,49.5808294010085,110.745696571067,40.1393348701146,45.0933347118357,35.484750204569
2015-02-03 00:00:00,37.6468579600875,20.093037081553,19.0989178079946,37.0612005242778,100.339038843533,35.3063504505243,36.3227338195697,62.2822543709147
2015-02-04 00:00:00,14.990277318305,2.62953112785903,4.69783765262107,4.51123982115141,124.697074663562,73.1924579769639,66.5198512399615,120.679819537567
2015-02-05 00:00:00,54.5237700347429,48.179387079167,41.520012926542,113.988521274178,127.523611547963,55.5472915651209,55.2299184736805,124.406792568891
2015-02-06 00:00:00,25.5220972774103,15.5095099457554,12.0643713933954,25.2783412518744,146.828518023771,43.0152299060036,45.0881197372709,66.6998767035942
2015-02-07 00:00:00,104.70218410394,117.610437518645,121.657996096082,236.027919495257,261.616833066535,88.8565889050434,92.0861743816032,171.34892378005
2015-02-08 00:00:00,91.1017728694512,63.0496610918029,90.2216510682601,73.4126094063244,206.254296734458,31.6741208650871,34.82435771914,34.9843051352805
2015-02-09 00:00:00,48.0364603975825,35.5303194026441,28.5186673552059,61.4873368198887,126.912951544945,66.898891450191,62.2212096531939,110.015444182624
2015-02-10 00:00:00,120.111403967898,83.2425821950054,76.6832864329059,153.539259314865,187.834680715095,78.7603202357849,66.457124438103,138.937336673579
2015-02-11 00:00:00,51.6331774297172,21.0362490228722,22.0673505893187,36.0899185692113,191.899090949314,123.670015202456,114.551594046404,203.907281287613
2015-02-12 00:00:00,25.0982433493261,21.4130609240742,20.3200678538807,35.2218499598519,131.36468418495,53.0224146757972,46.4863372518513,82.560871432082
2015-02-13 00:00:00,16.3341422575426,6.20380397830214,4.82574855735816,11.6669267316343,112.387260709553,22.9414559498686,19.2325844586676,41.0460779714426
2015-02-14 00:00:00,19.0367607461709,12.3800460545942,10.0545159754645,19.558864549439,188.284841979703,20.5053666703946,23.6346219960021,31.128855220271
2015-02-15 00:00:00,23.6864609460573,25.2198644367211,23.3863089718676,46.5925361032139,258.251178264154,114.026835114314,98.2859632459618,199.830350932722
2015-02-16 00:00:00,34.5862514862594,20.7260196515424,15.8626353852864,40.1890123190236,110.745696571067,58.8710244761681,54.0263486814461,108.477878938626
2015-02-17 00:00:00,28.6833203505429,20.093037081553,18.1755862168203,39.1911545773972,176.596708364619,54.3174622315758,48.4866100089614,101.325683503522
2015-02-18 00:00:00,32.4789341896608,28.9248424064493,23.4392585885529,42.0539305361573,96.3228900095778,27.7626564740208,23.9549822430097,38.792460985191
2015-02-19 00:00:00,33.7528100215075,18.736428308565,21.9204252120711,26.5246513529622,195.126489958931,88.3706911263287,84.2290932818733,118.427479513232
2015-02-20 00:00:00,32.6682845150852,21.7133139240575,16.8901199507536,29.4913981271868,211.179288268757,97.5011877869415,85.5488495942046,125.988655995678
2015-02-21 00:00:00,17.1330846715538,6.19002302729711,5.02725798773227,9.28552155377408,112.970905187822,34.1756111173244,36.455961288193,49.2611513586781
2015-02-22 00:00:00,21.8644254886683,18.9148983275409,15.3019630813922,28.4872843022367,69.3291753729272,12.6696483460348,13.6704892101994,18.1005752656451
2015-02-23 00:00:00,45.1542727737275,26.6477395519831,29.8442454784924,36.3452690100613,87.3031768589433,53.5191131601528,53.1205493458622,69.3656698914173
2015-02-24 00:00:00,34.9577966772242,22.9634709503463,17.7975550214834,30.6828386792671,54.5844371308822,24.4428580042091,22.4631430364271,31.2354370800226
2015-02-25 00:00:00,44.9708319549149,31.5543735343084,28.66928022154,45.8770151303534,76.9089741936939,35.3342900578446,33.7499148279823,49.3722230720613
2015-02-26 00:00:00,25.9637000165442,26.7663261550928,27.9201686641646,35.8361845521749,77.5896672671341,35.3482764505315,36.677263551542,44.800472870122
2015-02-27 00:00:00,33.6891684061816,24.8152159132086,27.1398349856348,39.3218641695824,69.7888635051258,22.9414559498686,20.6388770462017,34.5851212537155
2015-02-28 00:00:00,17.1330846715538,12.3800460545942,12.9952733797388,18.0248359573262,138.736199353465,41.0107333407893,35.4519329940032,57.3747527589309
2015-03-01 00:00:00,29.1525673182244,31.5248305459014,25.5032718023204,45.5005235382948,155.990644589086,82.3527142492264,74.0385397812921,112.751500092248
2015-03-02 00:00:00,32.6647930703561,8.88257985066102,8.12385043126631,12.2186374449779,88.9199023563312,42.8152905281222,38.3783329870146,55.9668310918786
2015-03-03 00:00:00,45.7140418086777,28.7043386879329,30.2223896964217,44.2809149121241,91.5092034253025,19.0111117810515,15.7242001254989,28.0487914789294
2015-03-04 00:00:00,24.9837955305083,21.0362490228722,19.3927614873161,29.8263789828193,70.1887725651187,37.8581679191193,36.1690450265875,51.5872696797807
2015-03-05 00:00:00,28.5600700181987,21.4130609240742,16.9599560581291,28.0173806498822,62.9935912465841,30.2985226718841,25.161837353348,37.5276688327646
2015-03-06 00:00:00,12.2506066931569,9.30570596745321,7.23862283603723,14.6104174208081,74.3206078885755,31.5445019310693,30.2551692755355,47.1182615245574
2015-03-07 00:00:00,32.3624932684906,24.7600921091884,20.1090319509291,39.5383498418767,140.718145058515,34.1756111173244,32.9996193915978,52.4392901560121
2015-03-08 00:00:00,52.8390282642817,50.4397288734423,53.0076191778233,71.3151062804294,117.859598133976,12.6696483460348,10.5769342544703,16.9923767799934
2015-03-09 00:00:00,98.9551084190199,91.7866584568305,77.4321516343515,153.87846532269,78.4111866233102,26.7595565800764,24.3778228772312,42.6309846207669
2015-03-10 00:00:00,54.6775794182224,48.7973757694859,44.8719187490454,79.6204912362231,109.971586572513,62.4650815663121,63.6199521862857,97.4772561012244
2015-03-11 00:00:00,19.1542432400564,21.0362490228722,16.1859884049474,33.4165912677883,83.6291758222691,35.3342900578446,36.7129384160272,53.9437252083633
2015-03-12 00:00:00,12.9818500082721,16.0597956930557,13.9600843320823,28.0173806498822,61.4571621917894,15.1492613359421,13.8074796184201,25.0184458885097
2015-03-13 00:00:00,20.4176778219282,18.6114119349064,14.4772456720745,32.1724343205674,68.8825146284358,31.5445019310693,32.936858000004,51.8776818805733
2015-03-14 00:00:00,15.2294085969367,6.19002302729711,5.02725798773227,8.20773780199673,87.2056110221782,27.3404888938595,34.9017815997368,34.8346713179223
2015-03-15 00:00:00,20.0423900312793,6.30496610918029,10.2013087209282,9.49576143407891,121.326056902623,25.3392966920697,21.1538685089406,36.2011505312903
2015-03-16 00:00:00,12.4894797033714,5.92171990044068,4.53218153865325,8.28742365833282,72.7526473824528,24.0836009220688,19.6420661612993,32.0288440976892
2015-03-17 00:00:00,19.7197827409982,14.3521693439665,16.6670834618498,23.4177915400656,81.073943385575,46.1698428968394,44.3756863629623,72.0484066835137
2015-03-18 00:00:00,34.1445205583613,42.0724980457445,48.7133822602403,90.2247964230283,95.5762009397361,78.2402136995131,93.5961181793081,161.253207140715
2015-03-19 00:00:00,32.8873533542894,32.1195913861113,33.5656398641781,63.0391064622349,69.9075219931604,17.6741382252657,15.9042993978658,32.836710228669
2015-03-20 00:00:00,18.3759100397354,18.6114119349064,17.6668919704914,29.2208348416163,72.5079101351956,34.4121839248029,28.8488766880013,51.4017398449717
2015-03-21 00:00:00,24.7477889700222,18.5700690818913,18.0225313674711,28.1408153211317,126.844525123168,27.3404888938595,23.6346219960021,39.8110529347684
2015-03-22 00:00:00,25.5084964034463,25.2198644367211,20.4026174418563,42.6151244846468,93.5943867534517,25.3392966920697,21.1538685089406,40.6159249863257
2015-03-23 00:00:00,27.8611470305978,29.6085995022034,26.6376420631255,50.6943468461848,71.9442846337588,16.0557339480458,17.4596143655993,26.1228161080444
2015-03-24 00:00:00,32.2687353943608,20.093037081553,16.8742234303091,30.4431290020853,70.6386833458475,16.2952386694727,19.0025422456323,23.6125030307314
2015-03-25 00:00:00,42.4724524018641,55.2201536850396,51.6126153041067,87.7185520779442,91.8427555905277,50.4775572254923,49.9307498974899,77.0624645833761
2015-03-26 00:00:00,25.9637000165442,10.7065304620371,8.47997802906453,13.5966700212663,43.7882280616499,22.7238920039131,21.6432229913758,27.3179354003213
2015-03-27 00:00:00,27.5638650596031,37.2228238698129,36.5050578464427,60.6680190044986,87.9158410389246,48.7505938934708,42.2755345622027,75.5931935974068
2015-03-28 00:00:00,17.1330846715538,30.9501151364855,28.0770473429356,45.0620898933154,107.025068072673,41.0107333407893,38.9082748905984,57.3747527589309
2015-03-29 00:00:00,29.1525673182244,18.9148983275409,18.2856546114036,24.4937397738858,109.19345121236,38.0089450381045,31.7308027634109,46.6893343300753
2015-03-30 00:00:00,33.6255222783077,14.8042997511017,11.3304538466331,26.7711719300077,72.7526473824528,26.7595565800764,23.1011704171152,45.9839834111643
2015-03-31 00:00:00,24.2015515457706,8.61130160637987,10.2001402972529,13.406148551377,159.739749838905,105.919051351573,93.2037430949272,157.705524829105
2015-04-01 00:00:00,32.4789341896608,15.7771867671542,13.3230158354608,25.7785132637224,71.6821507048021,32.81041219657,35.5033733167246,51.5217620357429
2015-04-02 00:00:00,29.4255266854168,24.0896935395835,23.6801796496324,38.8839348271729,85.2718125411077,27.7736457825604,23.0650175739024,42.4378311099487
2015-04-03 00:00:00,24.5012133863139,43.426627848115,49.709482830591,76.6168281242379,79.7587011487151,28.6768199373358,30.2551692755355,48.133931641769
2015-04-04 00:00:00,26.6514650446393,30.9501151364855,28.0770473429356,46.9013588685528,168.465384929208,54.680977787719,63.2252119823181,79.6221058695368
2015-04-05 00:00:00,14.5762836591122,6.30496610918029,5.10065436046407,7.87036082824559,126.525745055592,6.33482417301741,5.28846712723515,7.50113929927636
2015-04-06 00:00:00,34.5862514862594,32.5694594524237,26.2525765858793,46.3875704769514,73.5610101311467,24.0836009220688,20.9187186214153,32.5957262941085
2015-04-07 00:00:00,44.8176880477233,37.3156402943128,31.5237524829328,59.7374606833372,72.2441079673441,27.1587311157879,30.5160955798197,41.5817663434263
2015-04-08 00:00:00,25.8165887148586,10.5181245114361,9.27651873422393,17.691136553535,78.4023523333773,65.62082439314,64.8034510488018,106.074215955941
2015-04-09 00:00:00,62.3128800397061,82.9756110807876,79.5455868360488,123.542156917368,88.3446706506972,53.0224146757972,53.9181386149644,74.7318232790398
2015-04-10 00:00:00,50.0233106637241,37.2228238698129,28.9544913441489,61.8460387909937,87.0094921622347,25.8091379436022,26.8533157484027,40.7970119643343
2015-04-11 00:00:00,28.5551411192564,6.19002302729711,5.02725798773227,9.47697560642922,107.025068072673,27.3404888938595,29.5432774950027,40.2214761609
2015-04-12 00:00:00,25.5084964034463,37.8297966550817,33.5876176927958,60.9495385071112,102.260533675068,19.0044725190523,15.8654013817054,29.045109147198
2015-04-13 00:00:00,22.0967717828879,17.765159701322,26.8429556625954,35.2982859521583,50.9268531677169,10.7038226320306,8.72980718279967,20.2102445609562
2015-04-14 00:00:00,32.2687353943608,11.4817354751732,10.2001402972529,20.9501102810049,116.393285058499,54.3174622315758,48.8683149702477,94.7885426323267
2015-04-15 00:00:00,33.3117273740111,26.2953112785903,24.9303231588054,40.6418001905533,73.1755288444854,7.57163358382385,6.20329558464738,11.2469542905468
2015-04-16 00:00:00,40.6764633592526,40.1494892326392,33.0400348974775,79.7046173660441,62.2253767191867,20.1990151145894,23.0173776681065,37.9590213480837
2015-04-17 00:00:00,38.7935878616636,31.0190198915107,25.5401837587727,48.2586514808511,77.0396545186453,31.5445019310693,27.851096218202,46.6899136925159
2015-04-18 00:00:00,36.1698454177247,24.7600921091884,20.1090319509291,41.7848469919834,124.862579418119,27.3404888938595,32.9996193915978,44.3350362228103
2015-04-19 00:00:00,151.228942963289,132.404288292786,116.06481615978,201.602319677368,145.591268283147,57.0134175571567,52.8846712723515,82.3476720876603
2015-04-20 00:00:00,85.5048995076968,85.8649385563898,71.1378407395303,147.013605853936,85.6864513615555,32.1114678960917,30.9251782643309,52.2456322160888
2015-04-21 00:00:00,38.543211721042,31.5747725567262,25.7730009410508,49.1558780217157,81.073943385575,57.0333353431546,53.1115323523621,84.9183595233642
2015-04-22 00:00:00,24.151002346158,21.0362490228722,18.5530374684479,35.0387558924382,66.4553272159103,37.8581679191193,34.9594799272849,60.6025206917812
2015-04-23 00:00:00,27.6946133509805,29.4429587706021,35.0874922761651,55.2734194342784,75.285023684942,30.2985226718841,25.161837353348,53.8440465861404
2015-04-24 00:00:00,46.9606589904349,21.7133139240575,16.8901199507536,40.3903930872341,53.4745837247068,14.3384099686679,14.4244383440007,25.3749530937587
2015-04-25 00:00:00,41.880873641576,30.9501151364855,33.1043053306679,50.5091557045953,132.790362238317,27.3404888938595,23.6346219960021,42.8734416220583
2015-04-26 00:00:00,34.6186736903914,12.6099322183606,10.2013087209282,18.7873129448443,123.059286286946,57.0134175571567,66.5551604825509,80.5767544083558
2015-04-27 00:00:00,122.012609409859,145.082137560797,118.010791120402,218.222580909839,67.9024708902893,24.0836009220688,20.9187186214153,34.4235240302267
2015-04-28 00:00:00,45.7140418086777,63.1495451134524,53.7706962597871,97.418012806673,77.8630941425819,32.5904773389455,29.2020859473552,48.0836425353075
2015-04-29 00:00:00,27.4821750835591,21.0362490228722,23.7830591014349,33.4165912677883,83.6291758222691,40.3820457803939,46.5449292985824,61.6499716667009
2015-04-30 00:00:00,36.3491800231619,34.7962240016206,37.3430881166109,53.6582870482118,103.708961198645,55.5472915651209,49.4534158689965,81.0865701565091
2015-05-01 00:00:00,27.5638650596031,12.4076079566043,14.2525843851151,21.2338066515745,108.761865202793,31.5445019310693,26.4448036306679,51.3589050617675
2015-05-02 00:00:00,28.5551411192564,18.5700690818913,18.0225313674711,25.7738308548683,120.89868800802,6.83512222346488,5.90865549900053,9.11561492431613
2015-05-03 00:00:00,56.4830991790597,25.2198644367211,27.1453157432635,36.0251567808355,145.591268283147,50.6785933841393,42.3077370178812,68.6702236882207
2015-05-04 00:00:00,24.9789594067429,11.8434398008814,13.3855502541307,16.2915165933038,88.9199023563312,24.0836009220688,24.3778228772312,31.4813424891817
2015-05-05 00:00:00,63.6411170277671,28.7043386879329,23.5483065633654,40.9319381540643,178.202132986115,81.4761933473637,68.7034387417457,111.117661321089
2015-05-06 00:00:00,33.3117273740111,23.6657801507313,18.2092369555659,39.0395753753488,132.163965361979,65.62082439314,59.9182108681794,104.034327187558
2015-05-07 00:00:00,54.5237700347429,34.7962240016206,33.0400348974775,50.9298995711841,144.424331150705,45.4477840078262,38.9693169717681,62.9701561770117
2015-05-08 00:00:00,64.3156851390739,24.8152159132086,19.3029942294326,42.8965790940899,128.701540489972,22.9414559498686,29.1097774106035,37.7292231858715
2015-05-09 00:00:00,28.5551411192564,6.19002302729711,5.02725798773227,10.5662831473981,138.736199353465,34.1756111173244,29.5432774950027,56.0557929253923
2015-05-10 00:00:00,29.1525673182244,18.9148983275409,15.3019630813922,23.6110824847368,126.525745055592,25.3392966920697,21.1538685089406,30.0045571971055
2015-05-11 00:00:00,32.6647930703561,14.8042997511017,12.6560319699196,22.2676102969223,101.853706335434,45.4912461861299,44.3907421630625,65.0222120570949
2015-05-12 00:00:00,23.3051977848161,11.4817354751732,8.8987775107417,20.2954193347235,89.1010664930577,43.4539697852606,39.5013527943905,73.4611205400532
2015-05-13 00:00:00,24.151002346158,21.0362490228722,17.3695129366977,44.0120958161114,70.9354616349604,45.4298015029431,39.6389037064895,91.3472141159044
2015-05-14 00:00:00,56.2546833691792,48.179387079167,41.520012926542,81.5800201275981,106.781819308234,45.4477840078262,40.1958779135143,72.84782773419
2015-05-15 00:00:00,27.5638650596031,37.2228238698129,31.367365622828,72.3879772212767,78.8523522720252,17.2060919624014,14.4244383440007,31.8340320630791
2015-05-16 00:00:00,22.8441128954051,12.3800460545942,16.7001895496947,19.151388204659,160.53760210901,13.6702444469298,11.8173109980011,20.3202249354547
2015-05-17 00:00:00,23.6864609460573,18.9148983275409,15.3019630813922,27.0188675856266,185.45554412258,38.0089450381045,41.8153309935204,51.5026677661655
2015-05-18 00:00:00,32.6647930703561,26.6477395519831,26.9820948700905,43.7626708488493,121.254412304088,53.5191131601528,48.7165320541714,83.5219290529311
2015-05-19 00:00:00,57.3666407010858,43.0565080318993,38.6925907853762,85.957070123535,98.7336142220369,40.7380966736818,46.622000666605,77.7823629247622
2015-05-20 00:00:00,46.6364183236155,26.2953112785903,26.1138476905556,41.0112711013765,81.389108612744,42.9059236416685,37.2197735078843,64.3121295341266
2015-05-21 00:00:00,54.5237700347429,40.1494892326392,38.8803812702002,64.2064973226466,95.2586013972735,25.2487688932368,24.2915785156485,38.2226256630009
2015-05-22 00:00:00,38.7935878616636,40.3247258589639,32.7788065948099,75.010730019149,116.012656216313,28.6768199373358,25.4470231608686,50.7499061875173
2015-05-23 00:00:00,39.9771975669589,37.1401381637826,33.1043053306679,59.3075247628151,277.472398706931,6.83512222346488,5.90865549900053,10.4878580312024
2015-05-24 00:00:00,52.8390282642817,18.9148983275409,15.3019630813922,31.2003589976879,192.388461659873,19.0044725190523,57.4220755608761,29.7366593649884
2015-05-25 00:00:00,32.6647930703561,29.6085995022034,23.9864858165527,48.1340262983977,96.1951670945764,18.7316896060535,16.5538150300154,28.9373956213691
2015-05-26 00:00:00,31.3723816334063,22.9634709503463,20.0222493991688,43.7833765423249,110.774298883261,32.5904773389455,26.9557716437125,59.4292211110543
2015-05-27 00:00:00,34.9773137427116,18.4067178950132,17.3695129366977,27.4597206504869,79.8957304730606,40.3820457803939,39.6389037064895,57.8973646956843
2015-05-28 00:00:00,30.2909833526349,24.0896935395835,25.2425426613088,38.1704681330963,132.901113239745,25.2487688932368,24.2915785156485,37.8719593725147
2015-05-29 00:00:00,35.7309361883744,21.7133139240575,22.1258761733964,49.5455488536738,216.617381528897,111.839597755609,102.785873113274,242.787551201083
2015-05-30 00:00:00,19.0367607461709,24.7600921091884,25.1362899386613,43.2596062975828,243.779321721089,20.5053666703946,17.7259664970016,34.4248516553585
2015-05-31 00:00:00,47.3729218921146,37.8297966550817,40.8052348837126,64.7118556989081,176.789397200964,12.6696483460348,21.1538685089406,20.5586780794982
2015-06-01 00:00:00,25.9396886146945,11.8434398008814,14.7111283774171,18.3279561674668,146.313657513599,42.8152905281222,36.1958811913147,62.9626849783634
2015-06-02 00:00:00,43.0249805258143,17.2226032127597,17.590415053024,33.5924182091976,337.139170514272,236.280960707355,212.948982281478,440.766723240319
2015-06-03 00:00:00,35.8101069270619,36.8134357900264,30.6925287721584,68.6493016262172,143.364301409604,47.9536793642177,40.4971038020694,85.9414007201564
2015-06-04 00:00:00,41.5419200264708,58.8859175412041,55.2827058327396,99.7089134892865,169.007196027421,108.569706240918,93.4866312373555,174.025366253898
2015-06-05 00:00:00,36.7518200794708,46.5285298372661,41.428870402829,109.077773895075,126.888842736592,63.0890038621387,61.5081190208702,140.709328936349
2015-06-06 00:00:00,32.3624932684906,30.9501151364855,25.1362899386613,54.7182520133115,208.104299030198,34.1756111173244,29.5432774950027,58.0577855298706
2015-06-07 00:00:00,41.9068155199475,50.4397288734423,40.8052348837126,85.2302489692937,171.589709047995,63.3482417301742,52.8846712723515,101.539812465814
2015-06-08 00:00:00,47.0757311896308,35.5303194026441,30.7847581245326,54.4602126119014,157.630735995314,69.5748471081986,58.9261984838978,101.339940584223
2015-06-09 00:00:00,43.9213342867688,28.7043386879329,27.074363727562,48.7090064033365,110.774298883261,48.8857160084182,45.3079910341405,79.3380101832574
2015-06-10 00:00:00,33.3117273740111,36.8134357900264,30.6925287721584,60.1498642820189,80.6424195429023,45.4298015029431,39.9532104126296,71.3378243571825
2015-06-11 00:00:00,33.7528100215075,29.4429587706021,30.0401631714308,65.1942895891489,84.5035980137104,37.8731533398552,39.3256190758147,79.3854533000789
2015-06-12 00:00:00,34.710052297278,31.0190198915107,24.1287427867908,47.8238888548975,179.457077584609,140.516417692945,132.330744859593,206.108628012007
2015-06-13 00:00:00,28.5551411192564,18.5700690818913,20.1090319509291,32.8309512079869,204.140407620099,123.032200022368,116.724824671795,209.008027907534
2015-06-14 00:00:00,43.7288509773366,12.6099322183606,21.2693461414149,17.2992089492131,220.120131809044,44.3437692111219,37.019269890646,57.7067845102746
2015-06-15 00:00:00,34.5862514862594,17.765159701322,13.5965446159598,25.3023111692462,114.787510314537,74.9267584242139,73.3944497437256,101.408926248338
2015-06-16 00:00:00,46.6103955696322,48.7973757694859,51.3787326816012,77.3881410146468,136.461092827205,84.1920664589425,69.6357434129239,127.698770284578
2015-06-17 00:00:00,32.4789341896608,23.6657801507313,24.6227831203032,41.4297534595538,132.910654431821,70.6685801156893,70.6084018463145,118.896373928637
2015-06-18 00:00:00,46.7346600297796,37.4728566171299,42.0051072935531,66.7218034033276,99.8678885616577,45.4477840078262,42.2926976929599,76.6028704009008
2015-06-19 00:00:00,21.4385617130246,21.7133139240575,18.3015609227354,40.8342435607202,117.825353969693,65.9566858558722,58.1062654937374,118.007474167897
2015-06-20 00:00:00,22.8441128954051,6.19002302729711,5.02725798773227,10.5662831473981,168.465384929208,75.1863444581137,76.2623700927406,123.322744435863
2015-06-21 00:00:00,60.1271700938378,12.6099322183606,10.2013087209282,18.5874479135162,142.124809514501,69.6830659031916,64.3602483110448,97.4350115363451
2015-06-22 00:00:00,39.3898975260176,26.6477395519831,20.3948169239396,45.1446499282867,84.8780886128616,56.1950688181604,50.9380975501623,90.4674368373327
2015-06-23 00:00:00,34.9577966772242,40.1860741631061,37.6126644521929,86.3197581831279,98.7336142220369,54.3174622315758,57.9532953301311,111.586512212739
2015-06-24 00:00:00,35.8101069270619,39.4429669178855,36.5738909565297,90.2247964230283,73.9222179143271,37.8581679191193,33.4356081218421,83.2274617500462
2015-06-25 00:00:00,33.7528100215075,26.7663261550928,29.2851402499563,47.1721204819445,84.5035980137104,50.4975377864735,53.0478797772649,84.2457871755939
2015-06-26 00:00:00,19.3967939308318,15.5095099457554,12.0643713933954,27.6481857442376,140.484075886941,60.2213218684051,51.8918267915364,102.134186202379
2015-06-27 00:00:00,30.4588171938735,30.9501151364855,25.1362899386613,56.0528435258313,178.375113454455,54.680977787719,57.9482815908656,95.1581265270074
2015-06-28 00:00:00,45.5508864347256,31.5248305459014,43.14863677265,84.0009665322366,225.319819962013,82.3527142492264,101.259363823992,208.156615554919
2015-06-29 00:00:00,48.0364603975825,62.1780589546271,54.3346927082038,96.2217698792008,236.850285367318,216.752408298619,191.988552960585,318.748592702965
2015-06-30 00:00:00,51.0921643744045,45.9269419006926,50.4860728444263,77.9344102453384,172.583146810878,127.646036244203,122.827792241852,207.16035992295
2015-07-01 00:00:00,44.1380387705647,34.1839046621674,29.5090042404082,59.2385027019883,98.5629572191029,60.5730686705908,60.1240272695972,100.881771818238
2015-07-02 00:00:00,31.1564400198531,21.4130609240742,21.8824308655572,35.905769376548,85.2718125411077,73.2214297903866,71.2577073236383,116.226469491766
2015-07-03 00:00:00,30.6265167328923,18.6114119349064,14.4772456720745,26.1071393257064,70.6952123818157,20.073773956135,19.6410965764024,26.7892947416075
2015-07-04 00:00:00,19.0367607461709,24.7600921091884,50.4957605684758,43.2596062975828,57.4764254464356,6.83512222346488,5.90865549900053,11.4749505517862
2015-07-05 00:00:00,63.7712410086158,31.5248305459014,25.5032718023204,53.2689056058085,188.922002891227,101.357186768279,84.6154740357624,162.463699945303
2015-07-06 00:00:00,189.263653966475,136.199557710136,108.216909758884,202.96514422491,249.784089346421,211.400496982604,184.553017827153,299.364247559163
2015-07-07 00:00:00,35.8541504381786,43.0565080318993,35.9731412383037,84.957569308145,144.488215934688,95.0555589052576,87.7788098164637,179.381805969897
2015-07-08 00:00:00,42.4724524018641,34.1839046621674,29.8528047532902,59.8429772193555,144.110990479446,100.955114450985,97.0294940713413,169.851962755196
2015-07-09 00:00:00,67.505620043015,58.8859175412041,51.600348313797,96.8600873895926,134.437542294539,108.569706240918,115.155593414625,169.053212932358
2015-07-10 00:00:00,74.524524050038,96.1589616636832,100.469812087953,175.065959095428,142.296773640321,126.178007724277,118.153471203299,218.548532177734
2015-07-11 00:00:00,49.4955779400444,30.9501151364855,38.9858201392164,48.3824544117702,148.645927878713,82.0214666815785,78.7146836951459,123.204732240231
2015-07-12 00:00:00,91.1017728694512,69.3546272009831,66.308506686033,111.740820596371,337.97972994302,202.714373536557,172.324503027254,309.814497570112
2015-07-13 00:00:00,52.8401064373407,32.5694594524237,28.5186673552059,51.3901516068187,99.4286180893521,58.8710244761681,54.0263486814461,88.2712152147644
2015-07-14 00:00:00,43.9213342867688,31.5747725567262,32.825115269444,53.0494129145249,85.0875049393163,59.7492084547334,52.0469339450686,96.0085931810596
2015-07-15 00:00:00,49.9675910610166,39.4429669178855,31.5322527910267,78.6844154851991,72.4288397746438,50.4775572254923,49.119529585322,96.7761183140072
2015-07-16 00:00:00,28.5600700181987,40.1494892326392,34.280152185963,65.4179406683569,116.000393637002,85.845814237005,79.8402200822015,132.408944749566
2015-07-17 00:00:00,32.6682845150852,34.1209218806618,38.5511677706686,60.8260086373228,54.3809326013967,31.5445019310693,29.2573888057361,53.4988594393412
2015-07-18 00:00:00,24.7477889700222,37.1401381637826,38.1315633184001,68.9449975367726,83.2417196120792,20.5053666703946,34.9017815997368,36.5764048838185
2015-07-19 00:00:00,36.4407091477805,37.8297966550817,35.7045805232485,79.4190956304782,97.0608455220981,50.6785933841393,42.3077370178812,100.924419662991
2015-07-20 00:00:00,23.0575009908396,5.92171990044068,9.79388136151766,14.224682398631,46.8850394242473,32.1114678960917,26.189421548399,73.2998422136171
2015-07-21 00:00:00,27.7869665895884,34.4452064255195,29.2990581052474,65.6750648134874,36.122053983672,32.5904773389455,38.5690481232124,59.4292211110543
2015-07-22 00:00:00,29.98055463661,28.9248424064493,22.2557340568027,53.3587505727587,32.1076300031926,20.1910228901969,16.5421215590597,35.7967577419554
2015-07-23 00:00:00,21.6364166804535,18.736428308565,21.3627937164815,36.359634438892,29.1921520410999,32.8233995612078,29.3554769122393,60.2972656526442
2015-07-24 00:00:00,20.4176778219282,21.7133139240575,16.8901199507536,41.2879573780615,95.1666320524442,63.0890038621387,59.8779846228542,114.130900137261
2015-07-25 00:00:00,22.8441128954051,18.5700690818913,15.0817739631968,45.2098344503427,140.718145058515,82.0214666815785,74.3602078846016,191.876222341343
2015-07-26 00:00:00,20.0423900312793,12.6099322183606,10.2013087209282,22.9897382088226,83.1950104475126,25.3392966920697,24.2474234646697,43.822445379983
2015-07-27 00:00:00,24.9789594067429,23.6868796017627,20.3948169239396,37.0117949789621,29.909421701675,32.1114678960917,27.466074008515,47.6804798865276
2015-07-28 00:00:00,25.9942590676795,17.2226032127597,15.9508918391349,35.2113299301228,60.20342330612,40.7380966736818,41.538514111145,79.6566367301782
2015-07-29 00:00:00,19.1542432400564,15.7771867671542,13.3230158354608,28.4920409756931,68.6953944254353,40.3820457803939,35.5033733167246,70.0862835789863
2015-07-30 00:00:00,51.9274000330885,56.2092849256948,59.8829349169768,109.078903316676,112.927535527413,45.4477840078262,46.0823952420088,83.4885216728919
2015-07-31 00:00:00,31.6474006239887,34.1209218806618,26.5416170654699,55.0877059356886,93.3539342990643,28.6768199373358,32.0268884046522,44.047088389166
2015-08-01 00:00:00,11.4220564477026,0,0,0,214.050136145347,109.361955575438,97.9948298806037,216.749065978183
2015-08-02 00:00:00,45.5508864347256,18.9148983275409,15.3019630813922,32.3559278494541,140.391580130178,82.3527142492264,74.0385397812921,133.631407516738
2015-08-03 00:00:00,24.0182301987912,14.8042997511017,21.509400685397,31.7684573569425,90.536627853719,53.5191131601528,65.8597436667812,109.135320629163
2015-08-04 00:00:00,36.7505041991331,17.2226032127597,20.4002805945057,28.652356707845,125.22312047673,51.601589119997,46.7398589823885,82.1036053094712
2015-08-05 00:00:00,15.8230705026553,5.25906225571806,4.04649710123686,9.8070430894596,104.536469777836,42.9059236416685,38.4293386071869,76.8949374864557
2015-08-06 00:00:00,23.3673300148898,32.1195913861113,33.4002749671824,57.785847590382,102.940746671247,30.2985226718841,28.4852180745398,51.6005446450513
2015-08-07 00:00:00,15.3132583664462,9.30570596745321,8.65006380801911,15.3128413352701,122.357098353143,80.2950958245401,71.6590588784941,125.703613787543
2015-08-08 00:00:00,41.880873641576,30.9501151364855,28.0770473429356,59.6926385599762,200.17651621,61.5161000111839,53.1778994910048,114.004378858655
2015-08-09 00:00:00,16.3983191165012,12.6099322183606,16.9440070223353,22.6911701801366,204.521067350135,82.3527142492264,74.0385397812921,140.573298816309
2015-08-10 00:00:00,34.5862514862594,35.5303194026441,31.1698236017788,68.8954496897548,88.9199023563312,56.1950688181604,48.3847926299303,103.547066259598
2015-08-11 00:00:00,25.097905306725,28.7043386879329,33.8146256082181,55.3511436401551,109.168874261764,48.8857160084182,43.0616767304978,90.1568297537016
2015-08-12 00:00:00,64.9578683793216,42.0724980457445,42.493915039234,98.8764892307159,100.056335358786,58.0491908093162,58.2487904604316,131.111754811717
2015-08-13 00:00:00,42.4073766936889,32.1195913861113,35.5202694744485,58.3941196702807,72.9803801027499,42.9229071185025,35.6459362505763,73.8702533865997
2015-08-14 00:00:00,37.7727039705672,31.0190198915107,27.9530580374517,55.878438556775,61.6317236149163,40.1475479122701,38.2413271068532,68.8061885994972
2015-08-15 00:00:00,57.1102822385127,43.3301611910797,35.1908059141259,81.4540055286764,200.17651621,68.3512222346488,74.3602078846016,123.464657835674
2015-08-16 00:00:00,25.5084964034463,12.6099322183606,13.1850002509395,18.0125783904177,149.057727051794,44.3437692111219,40.1128248463751,60.0864457271931
2015-08-17 00:00:00,27.8611470305978,26.6477395519831,23.3904259774774,44.6743931582004,138.23003002666,88.3065367142521,75.8508666384453,140.682249248531
2015-08-18 00:00:00,27.7869665895884,20.093037081553,20.7384410218837,43.159879091564,104.352600397275,54.3174622315758,50.7329243126041,111.586512212739
2015-08-19 00:00:00,36.6429001114122,21.0362490228722,18.2092369555659,32.5134401524426,106.02984791752,65.62082439314,63.9452509532219,97.4736038514055
2015-08-20 00:00:00,37.2146366903801,32.1195913861113,38.3607441211245,63.7636938928353,166.702552445229,126.243844466184,114.615897495078,237.243883425523
2015-08-21 00:00:00,46.9606589904349,43.426627848115,48.7392698386008,90.6321015615985,157.70470454405,123.310325730544,125.90033800359,244.837352290023
2015-08-22 00:00:00,36.1698454177247,6.19002302729711,5.02725798773227,11.0755016123329,200.17651621,61.5161000111839,53.1778994910048,105.763098459234
2015-08-23 00:00:00,72.8814182955609,69.3546272009831,59.0908894951161,137.281579589827,176.789397200964,120.361659287331,134.286435974686,225.998611173912
2015-08-24 00:00:00,105.680212874681,124.356117909254,117.244349589779,222.379201498597,270.801520812463,278.299388432795,273.189069691689,472.919722726374
2015-08-25 00:00:00,85.1536072906742,83.2425821950054,93.4801674328951,170.18809466226,280.146596451145,274.303184269458,259.93422206735,536.354687316533
2015-08-26 00:00:00,74.9513865915249,73.6268715800528,69.4320833849419,138.807379112351,185.92557839058,138.813282370104,137.999741197557,251.511560233656
2015-08-27 00:00:00,83.9492967201597,50.8560196946763,52.6050798298838,90.5510189045161,118.305037219195,83.3209373476813,76.5168393610097,140.438595734985
2015-08-28 00:00:00,49.0024267726277,46.5285298372661,45.6631933187746,106.169033257873,188.520566351509,163.457873642814,156.225577223445,354.843344063121
2015-08-29 00:00:00,62.821310462364,49.5201842183769,46.8637374760883,71.3993501998939,317.111312807921,198.218544480481,195.439508366941,274.618962234495
2015-08-30 00:00:00,60.1271700938378,44.134762764262,38.6882720532599,60.5472313222457,247.851801958215,114.026835114314,108.370491476071,148.388874454992
2015-08-31 00:00:00,49.9579188134858,47.3737592035254,44.1703083786633,78.6023687182082,229.575020629073,176.613073428504,153.845071372299,278.463833564102
2015-09-01 00:00:00,66.3301783106304,54.5382435070725,43.5705559625342,84.1337383330358,180.61026991836,124.930163132624,112.14682043353,184.320629718679
2015-09-02 00:00:00,79.1153525132763,76.2564027079119,72.7909794604148,179.213636730673,170.991796993747,123.670015202456,112.483828851522,279.325042859744
2015-09-03 00:00:00,45.0037466953433,42.8261218481485,33.9199121162581,79.5332095867623,132.901113239745,55.5472915651209,46.1300351478047,97.6526436293443
2015-09-04 00:00:00,45.9397750993385,52.7323338155682,46.6646266254718,91.155230574941,195.771357365028,192.13469358015,182.17405786193,315.982244181674
2015-09-05 00:00:00,51.3992540146615,68.0902533002682,79.2038840410746,114.908329227954,243.779321721089,177.713177810087,166.446382266205,288.177735448267
2015-09-06 00:00:00,43.7288509773366,56.7446949826226,48.889580774188,92.4998878519687,244.385343189568,126.696483460348,111.057809671938,195.912108757571
2015-09-07 00:00:00,45.1542727737275,23.6868796017627,19.4543042778994,54.4602126119014,143.080206518824,66.898891450191,55.8379473526139,146.163375842629
2015-09-08 00:00:00,60.9520557449037,54.5382435070725,45.7952503402197,87.308596383339,123.617695855233,70.6127009010485,66.2479714512148,108.112592492908
2015-09-09 00:00:00,49.9675910610166,23.6657801507313,20.5762860190663,41.4297534595538,147.844435828654,90.8596030058862,78.9264424092562,152.866766479677
2015-09-10 00:00:00,72.6983600463238,50.8560196946763,50.8317017370023,104.56486706831,268.106870061681,224.714043149807,209.740899234614,437.376045086625
2015-09-11 00:00:00,54.1068462281098,43.426627848115,39.0159961241499,80.7807861744682,161.33010005081,106.104233768142,94.5758734714739,187.774652893814
2015-09-12 00:00:00,26.6514650446393,6.19002302729711,5.02725798773227,10.689146904926,241.79737601604,177.713177810087,153.625042974014,294.879543249389
2015-09-13 00:00:00,43.7288509773366,18.9148983275409,15.3019630813922,34.0367552702049,398.642758394331,152.035780152418,140.593700263843,259.519936276263
2015-09-14 00:00:00,73.0154198043253,50.3346191537458,47.0324589870652,97.6018870604859,161.672549738784,101.68631500429,94.9579865886927,187.370881803082
2015-09-15 00:00:00,66.3301783106304,54.5382435070725,63.3351201667934,140.222897221726,179.004845296864,149.373021136833,147.037130573648,367.305602700266
2015-09-16 00:00:00,42.4724524018641,21.0362490228722,22.2557340568027,40.0999095213459,156.058015596913,80.7640915607877,75.1970153404983,147.959932000082
2015-09-17 00:00:00,128.953043415503,136.508263390973,135.125468533892,216.299319420879,260.424724787707,217.139412481836,213.084622045714,325.698850603626
2015-09-18 00:00:00,74.524524050038,62.0380397830214,52.0818008242425,120.646628702128,426.890320920964,390.004751147766,369.244768813182,721.571393429792
2015-09-19 00:00:00,64.7249865369811,30.9501151364855,33.1043053306679,61.2844422549089,237.833484605941,116.197077798903,108.257961190149,221.084047297747
2015-09-20 00:00:00,49.1949573495036,75.6595933101634,64.1915438555802,124.801435990751,147.32449766747,145.700955979401,148.567622653155,227.981055131578
2015-09-21 00:00:00,61.4866693089055,41.4520393030848,34.3764270171456,75.8110914199764,141.463481021436,144.501605532413,132.709120941407,251.135254856881
2015-09-22 00:00:00,66.3301783106304,40.1860741631061,36.3511724336406,70.301658726465,207.902488483801,241.712706930512,235.275801160102,404.414828540087
2015-09-23 00:00:00,39.141279664463,10.5181245114361,8.09299420247372,22.0060479080557,53.0149239587599,63.0969465318654,54.9714601662466,126.871130716534
2015-09-24 00:00:00,68.3710767102331,66.9158153877319,56.7202145471099,128.412994645293,139.815043986321,116.144336908889,100.133392679739,210.988893659765
2015-09-25 00:00:00,59.2112656835918,71.3437457504746,83.5980617933168,135.660431385059,180.363426461299,114.707279749343,115.810786372917,207.510727522293
2015-09-26 00:00:00,28.5551411192564,18.5700690818913,18.0225313674711,35.3564089932167,150.627873583762,102.526833351973,110.816169172795,187.571307096505
2015-09-27 00:00:00,36.4407091477805,25.2198644367211,27.1453157432635,41.1110612675416,91.8611573691285,50.6785933841393,52.8846712723515,78.3648435030284
2015-09-28 00:00:00,66.2903153486638,59.2171990044068,47.9729716331054,120.63971148206,137.421667277966,131.121827242374,121.479147561333,253.843229944415
2015-09-29 00:00:00,53.7812256572679,66.0199789822457,58.0129450466986,113.162338108762,126.025832787478,86.9079395705212,71.8820577165666,142.470051956467
2015-09-30 00:00:00,35.8101069270619,36.8134357900264,38.2533389942662,77.0211676781949,82.1357976825857,83.2879694220624,81.8054279163066,167.469892545825
2015-10-01 00:00:00,32.0218966870712,29.4429587706021,31.799917608992,62.7796862710322,93.7221723424787,68.1716760117393,61.1640757079709,137.601452386803
2015-10-02 00:00:00,44.9188912082421,31.0190198915107,24.1287427867908,63.9572489505256,106.042818572724,71.6920498433394,76.4477961888594,140.632270158181
2015-10-03 00:00:00,34.2661693431076,30.9501151364855,33.1043053306679,74.1344059535189,146.663982173663,20.5053666703946,17.7259664970016,47.1953611404109
2015-10-04 00:00:00,102.033985613785,69.3546272009831,59.0908894951161,110.456443348136,176.789397200964,88.6875384222438,74.0385397812921,133.985867483626
2015-10-05 00:00:00,53.8008356452924,26.6477395519831,24.7160041007638,41.2379013768003,112.362422068455,61.5469801341757,52.7496962213301,90.5088596563974
2015-10-06 00:00:00,47.5067493305867,51.6678096382792,45.7952503402197,110.98254623545,97.9309019112886,48.8857160084182,43.993981401676,100.427860991465
2015-10-07 00:00:00,36.6429001114122,28.9248424064493,26.3022311580396,70.8909114752365,68.6953944254353,37.8581679191193,39.8776834774723,89.1722804464781
2015-10-08 00:00:00,77.8911000496327,50.8560196946763,57.4027003400057,112.608318381257,99.8678885616577,75.7463066797103,71.6481746051993,158.770906600158
2015-10-09 00:00:00,30.6265167328923,15.5095099457554,13.4758123653773,31.597926564843,99.6983764358939,51.6182758872044,45.6773880893354,100.049815055391
2015-10-10 00:00:00,22.8441128954051,0,0,0,178.375113454455,82.0214666815785,74.3602078846016,164.851402293266
2015-10-11 00:00:00,41.9068155199475,31.5248305459014,35.7045805232485,55.2917754389405,135.191891977208,88.6875384222438,84.6154740357624,147.554056595892
2015-10-12 00:00:00,43.2328143578242,35.5303194026441,37.0275832637185,84.0929753566124,124.487863298864,48.1672018441375,45.2965414986464,108.332855036302
2015-10-13 00:00:00,38.543211721042,37.3156402943128,32.825115269444,74.496127440397,113.985148126254,54.3174622315758,48.4866100089614,103.709817233016
2015-10-14 00:00:00,45.8036251392652,44.7020291736035,36.4184739111317,88.1506631719242,120.963629314354,75.7163358382385,82.6166482284745,143.495623706976
2015-10-15 00:00:00,26.8291566837624,21.4130609240742,18.2000733466146,48.029795399798,79.1260963219288,32.8233995612078,29.3554769122393,69.6942421179913
2015-10-16 00:00:00,28.5847489506995,12.4076079566043,9.65149711471631,26.5422583144681,104.230120819344,34.4121839248029,38.4105481935607,70.0348705387739
2015-10-17 00:00:00,32.3624932684906,12.3800460545942,10.0545159754645,21.6298031487914,124.862579418119,41.0107333407893,35.4519329940032,68.8497033107171
2015-10-18 00:00:00,41.9068155199475,6.30496610918029,5.10065436046407,11.9672609854145,204.521067350135,63.3482417301742,52.8846712723515,114.058419482147
2015-10-19 00:00:00,39.3898975260176,29.6085995022034,25.3120639398391,54.1507795856974,129.338039791027,69.5748471081986,60.9054434927869,120.916974560721
2015-10-20 00:00:00,35.8541504381786,28.7043386879329,26.4891925637657,50.2154705189036,81.073943385575,40.7380966736818,36.6641805425732,68.159802562936
2015-10-21 00:00:00,32.4789341896608,26.2953112785903,29.5988245780562,57.1043015335622,81.389108612744,47.9536793642177,41.3553038976492,100.083656534866
2015-10-22 00:00:00,24.232786682108,5.35326523101856,4.23998901453227,11.0068281124537,83.735383486313,40.3980302291788,42.6489997970065,78.6294013638876
2015-10-23 00:00:00,40.8353556438564,34.1209218806618,29.3644990094336,76.8328530155656,96.9793298058241,40.1475479122701,33.6570228026682,86.0077357493715
2015-10-24 00:00:00,22.8441128954051,12.3800460545942,10.0545159754645,27.8565646613223,200.17651621,123.032200022368,127.538107375606,266.010217336862
2015-10-25 00:00:00,23.6864609460573,31.5248305459014,30.6039261627844,55.2917754389405,202.787837965812,88.6875384222438,82.4205618642563,147.554056595892
2015-10-26 00:00:00,58.6044816850506,56.2563390541864,60.7624620481608,104.069084445156,79.2195493720041,21.4076452640611,18.7362668257153,37.6328691824701
2015-10-27 00:00:00,64.5374707887215,28.7043386879329,23.5483065633654,48.7090064033365,142.882791313192,86.9079395705212,81.9721715767137,141.045351436902
2015-10-28 00:00:00,34.9773137427116,49.9610914293216,41.9922960570008,109.889175130611,73.1755288444854,50.4775572254923,41.3553038976492,106.701874038521
2015-10-29 00:00:00,31.1564400198531,26.7663261550928,27.9201686641646,53.7542768282623,69.9075219931604,75.7463066797103,66.5842762086084,144.001519939678
2015-10-30 00:00:00,18.3759100397354,21.7133139240575,18.3015609227354,46.4489520503192,67.9761657517459,68.8243678496058,60.5103385510709,140.069741077548
2015-10-31 00:00:00,55.2066061638956,18.5700690818913,15.0817739631968,35.3564089932167,39.6389141009901,34.1756111173244,29.5432774950027,62.5237690321683
2015-11-01 00:00:00,71.0593828381719,31.5248305459014,25.5032718023204,66.1825796920652,90.1279279848053,50.6785933841393,61.5781506938771,100.924419662991
2015-11-02 00:00:00,30.7433346544528,14.8042997511017,11.3304538466331,32.197760834739,60.627206152044,29.435512238084,29.6485258042149,60.8355672426079
2015-11-03 00:00:00,45.7140418086777,37.3156402943128,28.9210269099105,75.3829861004017,61.8088479276166,40.7380966736818,33.6947145546406,78.7083434357713
2015-11-04 00:00:00,46.6364183236155,63.1087470686167,50.9250142783427,115.180591178334,54.5083020984432,40.3820457803939,37.9225035153298,70.8318823404648
2015-11-05 00:00:00,51.9274000330885,42.8261218481485,37.2800239120098,91.3159073033196,71.4439510479551,40.3980302291788,34.7756774128768,81.541601414402
2015-11-06 00:00:00,36.7518200794708,40.3247258589639,42.3754830213295,58.4829420488281,72.5079101351956,54.4859578809379,48.4899732644037,75.1786745896443
2015-11-07 00:00:00,22.8441128954051,6.19002302729711,12.9952733797388,11.3489707879461,93.1514481373267,47.8458555642541,41.3605884930037,84.2913034359602
2015-11-08 00:00:00,30.9746027756134,37.8297966550817,30.6039261627844,66.3501305267286,74.5288635258967,69.6830659031916,58.1731383995866,115.935330182487
2015-11-09 00:00:00,35.546980694211,44.4128992533051,37.9680959097587,75.2410832138111,93.7700788484947,58.8710244761681,54.0263486814461,94.7754100200628
2015-11-10 00:00:00,48.4031030915411,57.4086773758658,45.7952503402197,108.242236451859,92.3119157360507,73.3285740126273,63.2785054632821,132.230016972096
2015-11-11 00:00:00,13.3246909496044,13.1476556392952,12.1394913037106,23.7433674797443,43.3079660508179,25.2387786127462,20.6776519488246,43.8039272368664
2015-11-12 00:00:00,27.6946133509805,29.4429587706021,27.362537168575,52.9703602911835,72.2121655753525,42.9229071185025,40.5521800175608,73.1007715804893
2015-11-13 00:00:00,32.6682845150852,37.2228238698129,34.1902475667918,69.2406738638299,115.106307339623,83.1627778182737,83.9618007723408,147.1747279438
2015-11-14 00:00:00,13.3257325223196,0,0,0,154.591764993861,88.8565889050434,76.812521487007,176.108616107274
2015-11-15 00:00:00,60.1271700938378,31.5248305459014,25.5032718023204,44.5719414252684,202.787837965812,101.357186768279,90.8025839472206,135.939014239947
2015-11-16 00:00:00,71.093961388422,74.0214987555085,71.537468726,147.076191467326,83.2613631154737,80.2786697402292,76.7070805022731,151.576834207171
2015-11-17 00:00:00,37.6468579600875,34.4452064255195,36.0393199859035,60.8862580041706,61.0061356168683,46.1698428968394,44.7171330859659,78.0524405738065
2015-11-18 00:00:00,26.6493818992089,26.2953112785903,25.8063076520534,55.0151197701392,76.1622851238522,85.811847283337,88.7291335281011,172.544737774486
2015-11-19 00:00:00,37.2146366903801,48.179387079167,50.3602310253115,92.4573561446111,65.2982348287762,70.6965529010629,72.1144914330563,128.428022227683
2015-11-20 00:00:00,33.6891684061816,31.0190198915107,28.7298300571896,61.0166857803865,67.0698168750559,57.3536398746715,50.8940463217371,107.333134925324
2015-11-21 00:00:00,19.0367607461709,30.9501151364855,28.0770473429356,56.0528435258313,122.880633713069,54.680977787719,47.2692439920043,95.1581265270074
2015-11-22 00:00:00,21.8644254886683,25.2198644367211,20.4026174418563,41.6004786635838,91.8611573691285,63.3482417301742,52.8846712723515,99.1221978832948
2015-11-23 00:00:00,27.8611470305978,32.5694594524237,27.1930892319195,60.9511100452966,70.327559136371,34.7874235540993,28.3718733440989,61.8644986124617
2015-11-24 00:00:00,30.4760278724518,40.1860741631061,33.7484468606183,77.4916010962171,73.8495325888406,67.8968277894697,69.0341072702101,125.217819102363
2015-11-25 00:00:00,20.8198296087569,7.88859338357709,6.06974565185529,15.7368830970398,64.2152600063852,45.4298015029431,41.706668901372,87.0985064826065
2015-11-26 00:00:00,20.7709600132354,16.0597956930557,13.9600843320823,31.8818469464176,48.3975152260341,30.2985226718841,25.161837353348,56.9385320221255
2015-11-27 00:00:00,19.3967939308318,15.5095099457554,14.8872533373591,30.5083428901932,54.3809326013967,37.2798659185365,35.4718275079371,69.7665377014606
2015-11-28 00:00:00,38.0735214923418,30.9501151364855,25.1362899386613,54.7182520133115,99.0972852524753,47.8458555642541,44.8169303895989,81.2808997418188
2015-11-29 00:00:00,14.5762836591122,12.6099322183606,13.1850002509395,20.5555306337708,95.3276161377749,44.3437692111219,37.019269890646,68.5692380651498
2015-11-30 00:00:00,23.0575009908396,14.8042997511017,11.3304538466331,27.7050500205894,73.5610101311467,48.1672018441375,39.2841323225985,85.6585365403316
2015-12-01 00:00:00,46.6103955696322,48.7973757694859,45.5159824926218,87.1634851428127,85.8902172500646,73.3285740126273,68.1528390318539,125.270542394617
2015-12-02 00:00:00,29.98055463661,34.1839046621674,28.66928022154,69.8168067559147,57.49505837781,47.9536793642177,47.9099644860194,94.126296026838
2015-12-03 00:00:00,34.6182666887256,24.0896935395835,22.4400623611468,41.605810265075,96.0268159246709,63.1219222330919,59.0672559285253,103.201089290103
2015-12-04 00:00:00,22.459445604121,24.8152159132086,22.4926405278496,49.9618980037047,81.571398902095,63.0890038621387,54.2958998488699,120.844482498277
2015-12-05 00:00:00,36.1698454177247,24.7600921091884,23.0497893552033,53.2908193520947,71.3500453817822,0,0,0
2015-12-06 00:00:00,20.0423900312793,25.2198644367211,20.4026174418563,52.1558239961349,164.656791510702,164.705428498453,148.975722346807,323.108776383755
2015-12-07 00:00:00,14.4109381192747,5.92171990044068,4.53218153865325,10.0321444285082,69.5191963876771,45.4912461861299,39.6549854471306,73.2355441064122
2015-12-08 00:00:00,26.890612828634,25.8339048191396,25.5658609725915,57.6817181092143,82.6793680070715,43.4539697852606,37.2550384907478,92.792994366383
2015-12-09 00:00:00,33.3117273740111,34.1839046621674,33.3671178741611,58.6461176749684,86.6159321016358,55.5253129480416,52.396859879507,91.5502079250508
2015-12-10 00:00:00,44.1382900281252,37.4728566171299,35.1600294047436,77.0477967871759,102.17253214385,55.5472915651209,48.5831570312969,108.115426875346
2015-12-11 00:00:00,132.714905842533,102.362765641985,95.9953221054851,182.478025911968,131.420587120042,108.971915761876,95.5736539412732,184.814241699542
2015-12-12 00:00:00,34.2661693431076,30.9501151364855,28.0770473429356,68.6019875987787,204.140407620099,157.207811139692,153.887352531485,334.828781026
2015-12-13 00:00:00,34.6186736903914,0,0,0,183.722314738257,82.3527142492264,74.9371825655151,140.573298816309
2015-12-14 00:00:00,73.0154198043253,53.2954791039661,57.0880222050457,95.3053720708274,91.3449906024129,80.2786697402292,68.9326581268134,136.419150786454
2015-12-15 00:00:00,25.9942590676795,22.9634709503463,27.074363727562,46.3895299079395,87.4956418715611,59.7492084547334,56.3304095654658,115.438903705798
2015-12-16 00:00:00,28.3149682679094,28.9248424064493,28.9768202600422,53.3587505727587,112.750049546095,68.1447022544146,65.6616511443816,120.814057379099
2015-12-17 00:00:00,27.6946133509805,24.0896935395835,19.0799505653952,46.2286780723056,102.17253214385,80.7960604583577,72.0044767092459,146.774882545924
2015-12-18 00:00:00,80.6498273966165,40.3247258589639,37.0131295107555,72.6419701238075,68.8825146284358,51.6182758872044,50.6958012641701,88.4650996279249
2015-12-19 00:00:00,57.1102822385127,43.3301611910797,54.0675941024132,80.435830459568,134.772307943366,75.1863444581137,64.9952104890059,134.113484574001
2015-12-20 00:00:00,69.2373473807829,31.5248305459014,28.4869633323317,63.3050762271928,157.723873973409,76.017890076209,68.7500726540569,144.804602125161
2015-12-21 00:00:00,37.4684391101143,44.4128992533051,49.365959936669,78.5483835748578,177.839804712662,107.038226320306,89.8513767482287,179.893385652467
2015-12-22 00:00:00,38.543211721042,54.5382435070725,45.7952503402197,114.255694032518,95.5227649790438,65.1809546778909,56.539562552354,130.597547626761
2015-12-23 00:00:00,30.8133478209602,34.1839046621674,27.4857556897898,66.6433155397368,59.7351255873351,37.8581679191193,32.2260430225395,70.9324958096985
2015-12-24 00:00:00,18.174590011581,24.0896935395835,23.1225481540427,34.6715085542292,56.0796605000078,15.1492613359421,12.580918676674,20.6402178580205
2015-12-25 00:00:00,6.12530334657847,6.20380397830214,4.82574855735816,9.5647777709795,45.3174438344972,11.4707279749343,9.61629222933377,16.8251941234292
2015-12-26 00:00:00,20.940436820788,6.19002302729711,7.96801539200654,12.5926936140224,136.754253648416,82.0214666815785,78.7146836951459,160.334925518108
2015-12-27 00:00:00,23.6864609460573,12.6099322183606,10.2013087209282,25.3220304908771,90.1279279848053,44.3437692111219,37.019269890646,84.4693512396773
2015-12-28 00:00:00,18.2538549510813,11.8434398008814,9.0643630773065,23.8263430177069,48.5017649216352,29.435512238084,26.189421548399,56.2728996994123
2015-12-29 00:00:00,24.2015515457706,20.093037081553,21.5805137020249,40.5908386694471,57.7952863738752,46.1698428968394,43.993981401676,89.2027892272074
2015-12-30 00:00:00,31.6461410053105,31.5543735343084,26.3022311580396,63.6880915927259,51.5215458190765,42.9059236416685,37.8854452177472,83.2274617500462
2015-12-31 00:00:00,36.3491800231619,21.4130609240742,16.9599560581291,36.6167747107371,56.0796605000078,25.2487688932368,20.9681977944567,40.8717185307337
2016-01-01 00:00:00,15.3132583664462,9.30570596745321,11.5995430399141,17.3101684659575,52.5682348480168,34.4121839248029,30.2551692755355,60.8998874250208
2016-01-02 00:00:00,34.2661693431076,24.7600921091884,35.6305041814314,41.3153543291521,132.790362238317,61.5161000111839,56.6342413876,98.6330019338925
2016-01-03 00:00:00,43.7288509773366,44.134762764262,35.7045805232485,63.7007329536127,147.32449766747,88.6875384222438,74.0385397812921,121.424692407036
2016-01-04 00:00:00,35.546980694211,35.5303194026441,32.110336247819,62.1556774374961,96.1951670945764,82.9546253982368,73.6684148427454,137.901967642829
2016-01-05 00:00:00,35.8541504381786,17.2226032127597,22.7985067220857,28.3741784873805,96.3254772897921,84.1920664589425,80.1075622343574,132.657945829611
2016-01-06 00:00:00,54.131556982768,44.7020291736035,44.8552686264874,73.7414201534366,157.551393736596,118.622259479907,117.623107939171,188.062052992893
2016-01-07 00:00:00,91.7384067251229,85.6522436962969,86.3519712114509,152.506979207606,127.523611547963,98.4701986836234,98.1976413635595,165.972885868619
2016-01-08 00:00:00,82.6915951788093,83.7513537070789,71.3847950536752,144.775954442553,112.387260709553,48.7505938934708,46.0859002070702,80.1745992699769
2016-01-09 00:00:00,57.1102822385127,43.3301611910797,61.105406428165,65.6619024159739,172.429276339307,123.032200022368,132.896611480341,179.149738206458
2016-01-10 00:00:00,151.228942963289,195.453949384589,184.490285676265,318.610724823448,259.984407648477,234.388494401644,198.76683866343,362.437401201506
2016-01-11 00:00:00,56.6830232691473,29.6085995022034,22.6609076932663,50.6943468461848,143.080206518824,115.066093294329,98.5811839310283,187.213515440985
2016-01-12 00:00:00,45.7140418086777,60.2791112446591,61.2271497631581,108.81799302873,83.4820803178198,59.7492084547334,59.2998755533984,103.158169269011
2016-01-13 00:00:00,47.4692115079658,28.9248424064493,31.1770278774534,48.1782893521025,76.1622851238522,47.9536793642177,42.5648689969518,76.7631928762562
2016-01-14 00:00:00,42.4073766936889,24.0896935395835,19.0799505653952,42.0260709748233,82.1989544315183,60.5970453437682,59.3093908420867,100.073783554039
2016-01-15 00:00:00,98.0048535452555,80.6494517179279,75.2091103043361,168.316760042969,103.323771942654,100.368869780675,87.9529226515381,199.286216980251
2016-01-16 00:00:00,32.3624932684906,37.1401381637826,39.2495873949749,52.0339604051114,156.573710698911,95.6917111285083,86.1775188826027,128.822558081373
2016-01-17 00:00:00,52.8390282642817,88.269525528524,106.522935422966,167.541653795803,155.990644589086,133.031307633366,125.626941666361,239.52268091251
2016-01-18 00:00:00,52.8401064373407,29.6085995022034,26.9820948700905,51.2394473499072,97.0035298432703,96.334403688275,88.3715175013019,158.422239622979
2016-01-19 00:00:00,82.4645460078108,63.1495451134524,55.0720590462982,124.604434985279,72.2441079673441,78.7603202357849,81.0801251438184,148.630639232201
2016-01-20 00:00:00,63.292282010621,31.5543735343084,27.4857556897898,50.593343788614,98.5629572191029,113.574503757358,105.614861557011,175.011017698695
2016-01-21 00:00:00,94.3347767267774,88.3288763118062,88.6449864534081,221.093677737114,113.69575005481,126.243844466184,130.667790627929,299.133592145225
2016-01-22 00:00:00,56.1486140103026,43.426627848115,50.4341211879361,84.4526400914895,126.888842736592,97.5011877869415,89.3592152390722,180.392848357448
2016-01-23 00:00:00,45.6882257908102,24.7600921091884,20.1090319509291,39.5383498418767,166.483439224158,95.6917111285083,89.6338607791978,146.830012436834
2016-01-24 00:00:00,40.0847800625585,69.3546272009831,56.1071979651048,105.601215069097,149.057727051794,101.357186768279,87.7090289914915,146.395861489174
2016-01-25 00:00:00,69.1725029725187,71.0606388052881,63.6246126565627,96.1062575504142,86.4948141102494,77.6027140822215,65.4735538709975,99.7350093985
2016-01-26 00:00:00,61.8484095058581,51.6678096382792,48.892731082629,105.633989790368,118.801421990744,114.066670686309,111.123221091247,223.038582844499
2016-01-27 00:00:00,78.282559328926,102.551713986502,87.4626447604927,191.237340244462,197.872603508047,136.289404508829,123.717913219096,244.254507309918
2016-01-28 00:00:00,49.331030031434,42.8261218481485,39.2026269933911,77.858826227041,128.29182607536,128.768721355508,131.452830548658,221.610760159799
2016-01-29 00:00:00,69.4201045945559,68.2418437613236,59.4625267277736,137.395219510188,117.825353969693,131.913371711744,124.241774394945,252.674827041851
2016-01-30 00:00:00,32.3624932684906,30.9501151364855,25.1362899386613,45.9633316911817,178.375113454455,88.8565889050434,76.812521487007,126.798203597237
2016-01-31 00:00:00,32.7966382330024,18.9148983275409,18.2856546114036,30.4747692535556,133.458662592885,133.031307633366,137.102518705054,203.315764030386
2016-02-01 00:00:00,42.2720851498726,29.6085995022034,29.0226287683647,39.7105716961781,109.937333822373,120.418004610344,112.04674782976,153.471544634761
2016-02-02 00:00:00,60.9520557449037,83.2425821950054,77.3190028231525,188.341491426234,58.5979986846235,46.1698428968394,43.0616767304978,99.9071239344723
2016-02-03 00:00:00,64.1250751949713,49.9610914293216,42.832020075869,80.8618458508272,90.3493774508443,70.6685801156893,59.1069905560115,109.92306268874
2016-02-04 00:00:00,86.5456667218141,37.4728566171299,32.1601576786969,80.9001866265348,86.8082415959024,65.6467991224156,59.0672559285253,134.161416077133
2016-02-05 00:00:00,109.234576347316,58.9361377938703,60.1404389908491,115.931702982734,173.11263544778,131.913371711744,117.984250116592,246.866210328245
2016-02-06 00:00:00,51.3992540146615,37.1401381637826,30.1635479263936,69.8177190245798,198.194570504951,191.383422257017,189.530852867941,345.701041939888
2016-02-07 00:00:00,41.9068155199475,37.8297966550817,30.6039261627844,61.6665919013125,207.987526118782,82.3527142492264,85.9266305405459,127.342870692421
2016-02-08 00:00:00,72.0546905963737,56.2563390541864,47.5879061558591,96.3192590077511,167.331088979641,123.093960268351,110.235149158592,200.274923495007
2016-02-09 00:00:00,64.5374707887215,51.6678096382792,40.0444987983376,76.9089574789523,121.209558922988,105.919051351573,88.9202674745301,150.788615845372
2016-02-10 00:00:00,108.263113965536,131.476556392952,138.271796520111,245.17607723649,159.04477187628,108.526748034809,107.321340262342,194.498959524565
2016-02-11 00:00:00,78.7565567168508,99.0354067738433,79.6799140573324,146.193255442334,171.311839609613,164.116997806039,159.999163257276,229.335753978006
2016-02-12 00:00:00,53.0859623370134,55.8342358047193,46.2546189601872,91.0020285067479,125.982493859902,77.4274138308065,69.1288503106053,120.05977806647
2016-02-13 00:00:00,45.6882257908102,37.1401381637826,38.1315633184001,58.6765936483171,148.645927878713,75.1863444581137,64.9952104890059,114.13913580766
2016-02-14 00:00:00,63.7712410086158,69.3546272009831,70.1589269156029,118.638402114665,155.990644589086,107.692010941296,96.0910510744557,174.748763675735
2016-02-15 00:00:00,81.6619826758902,62.1780589546271,55.5007622252964,102.112898647315,101.04534358674,56.1950688181604,51.2698369744034,87.6980255055776
2016-02-16 00:00:00,74.3973621592206,60.2791112446591,52.8473646686128,91.3293870062559,140.474654380947,114.066670686309,126.520409914074,165.28752121512
2016-02-17 00:00:00,135.745289049095,123.587963009374,118.14145887633,207.870854504036,91.096066520686,60.5730686705908,63.9452509532219,97.9146608824073
2016-02-18 00:00:00,77.8911000496327,85.6522436962969,74.3626563981348,143.623077506192,130.596469657552,108.569706240918,94.356890075055,172.335799591239
2016-02-19 00:00:00,57.169497901399,52.7323338155682,54.3465233080046,85.946360256373,96.0729809291342,77.4274138308065,72.5307038377381,120.05977806647
2016-02-20 00:00:00,102.798508029323,99.0403684367537,109.66350573619,144.198687658609,261.616833066535,198.218544480481,199.793984177485,277.311305001499
2016-02-21 00:00:00,81.9915955825061,63.0496610918029,53.9902351346521,90.0628919520887,213.187214271751,120.361659287331,109.761540284655,163.091781259524
2016-02-22 00:00:00,67.2510445566154,47.3737592035254,42.5002774484119,74.7493114280999,131.763128037109,42.8152905281222,41.8374372428305,64.1972474289196
2016-02-23 00:00:00,81.5681922468564,63.1495451134524,52.8473646686128,99.2220500808706,104.352600397275,95.0555589052576,91.5482867394591,142.84106771677
2016-02-24 00:00:00,76.6169729602255,36.8134357900264,34.7390258733953,56.8985202667746,76.1622851238522,50.4775572254923,47.9099644860194,74.9796952703119
2016-02-25 00:00:00,183.476813450246,136.508263390973,120.805144132105,248.175008598693,116.7686081644,90.8955680156523,83.1636008033933,156.431124818682
2016-02-26 00:00:00,151.090815882269,77.5475497287768,74.5196206638954,131.397318388456,207.553892761997,91.7658237994744,85.0857167526954,147.928439421833
2016-02-27 00:00:00,87.5690994323862,49.5201842183769,46.8637374760883,69.3786138734818,152.609819288812,88.8565889050434,80.2688633836021,119.620946789847
2016-02-28 00:00:00,107.500091985952,50.4397288734423,45.9058892441767,91.9589528352905,152.52418582044,76.017890076209,63.4616055268218,131.467336139949
2016-02-29 00:00:00,110.48385891444,56.2563390541864,46.6473935098189,83.833429136376,138.23003002666,82.9546253982368,73.6684148427454,117.472046510558
2016-03-01 00:00:00,74.3973621592206,60.2791112446591,66.326551393644,114.931363423603,95.5227649790438,84.1920664589425,77.1380962464248,153.525487870224
2016-03-02 00:00:00,64.1250751949713,49.9610914293216,59.2103532610041,94.190721540524,108.269915127045,93.3834808671608,97.2730507121877,169.198685975369
2016-03-03 00:00:00,53.6583133675247,37.4728566171299,44.8319582849088,70.3479883708998,92.9539578150814,68.1716760117393,70.8710022350616,121.149104818816
2016-03-04 00:00:00,45.9397750993385,40.3247258589639,32.7788065948099,65.1036524694501,99.6983764358939,51.6182758872044,44.6796076195361,79.2847591004988
2016-03-05 00:00:00,327.43228483414,315.691174392152,267.298930170626,538.880440517303,124.862579418119,54.680977787719,50.7255858885995,89.6892686806276
2016-03-06 00:00:00,133.008588389399,94.5744916377043,76.5098154069611,159.806716817426,124.792515671269,133.031307633366,117.244919583396,213.23360617821
2016-03-07 00:00:00,55.7222940611956,47.3737592035254,41.5597648023717,85.6677501760247,75.9860983772284,58.8710244761681,56.208800477146,101.164763504561
2016-03-08 00:00:00,69.0192395934938,43.0565080318993,43.7414471894118,97.418012806673,110.774298883261,95.0555589052576,104.051259931523,205.691137512149
2016-03-09 00:00:00,60.7939024575702,44.7020291736035,41.767652115137,80.7274494311306,158.298082806438,133.765526647555,117.00441601272,232.160814355392
2016-03-10 00:00:00,94.3347767267774,88.3288763118062,80.8718649084331,139.958383154687,128.29182607536,90.8955680156523,104.581187169458,136.339053741053
2016-03-11 00:00:00,57.169497901399,62.0380397830214,59.5057700386051,105.117854710765,124.169796106522,100.368869780675,93.5780930016746,161.79673061763
2016-03-12 00:00:00,39.9771975669589,24.7600921091884,23.0497893552033,36.4065993593518,140.718145058515,102.526833351973,92.0861743816032,144.857049044826
2016-03-13 00:00:00,87.4577019546731,50.4397288734423,43.7889264137239,81.2660513428149,162.923562126379,145.700955979401,130.915408793596,222.679170128518
2016-03-14 00:00:00,48.0364603975825,29.6085995022034,23.9864858165527,58.1130317505045,84.8780886128616,66.898891450191,57.446339236971,124.773613524196
2016-03-15 00:00:00,43.0249805258143,37.3156402943128,31.5237524829328,71.9564867322016,84.2847926285681,89.6238126821,78.0704009176029,165.28752121512
2016-03-16 00:00:00,102.433561675084,73.6268715800528,83.6846435769188,125.064074249742,120.216940244512,123.670015202456,113.173270843266,201.888397314469
2016-03-17 00:00:00,62.3128800397061,61.5625501567134,60.0897516371075,106.325959566303,81.4307399041209,65.6467991224156,59.0672559285253,107.329132861707
2016-03-18 00:00:00,44.9188912082421,34.1209218806618,32.5541453078506,53.5715305429632,94.2602831757543,80.2950958245401,70.1266307804047,119.937392971601
2016-03-19 00:00:00,51.3992540146615,37.1401381637826,33.1043053306679,61.9730314937281,146.663982173663,95.6917111285083,89.6338607791978,153.429114119388
2016-03-20 00:00:00,32.7966382330024,69.3546272009831,64.1915438555802,118.638402114665,103.993763059391,76.017890076209,69.64871543828,123.352068476989
2016-03-21 00:00:00,88.3870871315517,71.0606388052881,60.0329437639496,108.920425223803,91.3449906024129,61.5469801341757,60.5737040685458,89.6468705168127
2016-03-22 00:00:00,43.0249805258143,43.0565080318993,41.4768820437674,64.0907978991269,105.958025018771,59.7492084547334,49.4189146801395,85.0602448358511
2016-03-23 00:00:00,46.6364183236155,57.8496848128987,48.9017657277243,112.780995528785,70.1887725651187,63.0969465318654,67.4243027208072,118.220826349497
2016-03-24 00:00:00,44.1382900281252,21.4130609240742,16.9599560581291,35.2218499598519,70.6757365205577,40.3980302291788,34.7756774128768,62.9035210911101
2016-03-25 00:00:00,19.3967939308318,12.4076079566043,9.65149711471631,20.6153462636646,52.5682348480168,28.6768199373358,26.4448036306679,45.3300132937048
2016-03-26 00:00:00,15.2294085969367,30.9501151364855,33.1043053306679,50.5091557045953,83.2417196120792,88.8565889050434,80.2688633836021,139.338685271689
2016-03-27 00:00:00,20.0423900312793,25.2198644367211,20.4026174418563,45.3823403602733,114.39313936533,88.6875384222438,80.2256496927503,151.386629494487
2016-03-28 00:00:00,32.6647930703561,41.4520393030848,35.3169396631858,76.6824832753784,81.6446376180859,72.2508027662063,71.8568161715775,127.010933490837
2016-03-29 00:00:00,89.6353760954466,106.206053145352,100.074998254262,165.342498800317,79.4685187640785,65.1809546778909,60.0998864884613,97.0495537409877
2016-03-30 00:00:00,43.3052455862144,49.9610914293216,45.8504096907536,89.2849547936217,59.7351255873351,68.1447022544146,60.6679206590369,117.038618086003
2016-03-31 00:00:00,77.0256433824145,66.9158153877319,64.122923931509,111.126629981504,60.688947664392,40.3980302291788,33.5491164711307,63.5083626400631
2016-04-01 00:00:00,53.0859623370134,49.6304318264171,71.9892025269816,83.2698300061745,64.3507702449861,43.0152299060036,45.7841147955891,68.6616377831117
2016-04-02 00:00:00,190.367607461709,179.510667791616,182.221716203034,341.778620267761,99.0972852524753,75.1863444581137,68.4515523856011,137.55229187077
2016-04-03 00:00:00,80.169560125117,88.269525528524,91.925868971411,140.580927897628,116.126368749653,38.0089450381045,31.7308027634109,57.4225146358397
2016-04-04 00:00:00,61.4866693089055,47.3737592035254,40.5786394860502,92.9808508008073,74.3693728798406,53.5191131601528,46.2023408342303,99.8188908193566
2016-04-05 00:00:00,77.086423442084,77.5017144574188,64.3089969844179,130.212195335652,142.882791313192,111.35079757473,95.0683524372836,178.925105473793
2016-04-06 00:00:00,48.302004692316,47.3315603014625,39.0930630131344,87.3143191190596,74.6689069841688,70.6685801156893,59.1069905560115,125.288652096844
2016-04-07 00:00:00,201.651403461827,128.478365544445,129.223332068464,177.518123797653,102.17253214385,58.0721684544446,54.3220806248069,75.9560017175155
2016-04-08 00:00:00,54.1068462281098,37.2228238698129,33.1888142600946,64.3448686411348,76.1333056419554,80.2950958245401,81.3338859045255,132.05228115055
2016-04-09 00:00:00,43.7845497161931,61.900230272971,68.2951112447937,124.225220786978,110.988959482772,88.8565889050434,80.2688633836021,171.34892378005
2016-04-10 00:00:00,63.7712410086158,37.8297966550817,30.6039261627844,49.9205743963006,117.859598133976,63.3482417301742,52.8846712723515,79.2977583066358
2016-04-11 00:00:00,56.6830232691473,23.6868796017627,29.165414688915,33.7364148923283,63.8606571468196,40.1393348701146,35.2900818557308,54.3262104901808
2016-04-12 00:00:00,122.800465250762,60.2791112446591,58.9362766378728,105.452488089698,87.4956418715611,86.9079395705212,80.3167152212456,145.40757880093
2016-04-13 00:00:00,74.1185934071746,52.5906225571806,46.8785171771059,93.9841629406545,76.1622851238522,45.4298015029431,39.9532104126296,78.0257453906683
2016-04-14 00:00:00,128.953043415503,56.2092849256948,51.922594036988,116.964125243183,118.305037219195,47.9726608971499,45.9348015070242,94.4973829644312
2016-04-15 00:00:00,73.5036401589416,46.5285298372661,46.0299576732278,91.5250286705797,162.2364489275,134.781053705478,127.235115804343,252.232867074511
2016-04-16 00:00:00,72.3396908354495,80.4702993548624,121.485984867844,170.720946281532,124.862579418119,123.032200022368,106.35579898201,250.809633489041
2016-04-17 00:00:00,81.9915955825061,69.3546272009831,79.0185880474628,126.443560148525,155.990644589086,69.6830659031916,61.2666933553157,120.511724794953
2016-04-18 00:00:00,75.8976074281803,47.3737592035254,39.8491212018391,73.3118246698673,92.9617160998008,74.9267584242139,73.2620012691239,110.184698712136
2016-04-19 00:00:00,39.4395654819965,25.8339048191396,24.2644981860803,47.1377481322611,89.1010664930577,51.601589119997,49.2500199315341,90.0491155007104
2016-04-20 00:00:00,47.4692115079658,26.2953112785903,21.4160100379345,46.0330593995042,73.9222179143271,58.0491908093162,59.9314988838802,97.6648785842379
2016-04-21 00:00:00,61.447423372488,29.4429587706021,27.15152208737,56.501717643929,73.7485946301472,63.1219222330919,58.1969970908257,114.667876989003
2016-04-22 00:00:00,42.8771234260493,31.0190198915107,24.1287427867908,53.6207238676124,101.511074189274,100.368869780675,93.1695808839398,165.065351438188
2016-04-23 00:00:00,26.6514650446393,24.7600921091884,20.1090319509291,45.9633316911817,99.0972852524753,68.3512222346488,59.0865549900054,121.921349612728
2016-04-24 00:00:00,38.2627446051695,18.9148983275409,18.2856546114036,34.0367552702049,79.7285516788663,95.0223625952612,79.3270069085272,162.199960172664
2016-04-25 00:00:00,40.3506267339693,41.4520393030848,40.2341866790853,72.5149570104122,86.4948141102494,82.9546253982368,77.4592585228024,137.901967642829
2016-04-26 00:00:00,40.3359192429509,34.4452064255195,26.6963325322251,53.6245942055081,57.7952863738752,46.1698428968394,42.1293720593196,68.7434338998663
2016-04-27 00:00:00,116.591045809039,94.6631206029251,78.4107699681325,154.671079582334,58.2417474476517,37.8581679191193,41.0097596852218,59.4481869643187
2016-04-28 00:00:00,61.447423372488,58.8859175412041,60.9120371242573,119.650696187144,92.185743287684,50.4975377864735,53.3492671694141,97.13043697892
2016-04-29 00:00:00,130.673138060341,127.177981555194,113.760278075005,224.377853792411,62.5380724916062,48.7505938934708,44.6796076195361,81.8276837910073
2016-04-30 00:00:00,26.6514650446393,30.9501151364855,30.1635479263936,51.6441929114401,126.844525123168,150.372688916227,136.903104771202,241.102893616182
2016-05-01 00:00:00,40.0847800625585,44.134762764262,51.8732723041993,89.9304465227473,173.322938432318,107.692010941296,106.004119385573,208.156615554919
2016-05-02 00:00:00,47.0757311896308,41.4520393030848,31.7252707705728,70.225010999557,81.6446376180859,72.2508027662063,60.2028509440138,116.315275933714
2016-05-03 00:00:00,118.318696445989,88.983449932592,70.2668884947593,149.502890940934,75.4549572103371,70.6127009010485,66.7475347282846,113.464701032161
2016-05-04 00:00:00,64.9578683793216,31.5543735343084,33.3671178741611,66.8331825355765,70.9354616349604,45.4298015029431,49.9069796156081,92.4749575000513
2016-05-05 00:00:00,136.742153420466,109.74193723588,102.108005735635,184.017068054809,132.901113239745,85.845814237005,74.9715553263911,136.265515955864
2016-05-06 00:00:00,51.0441945548205,37.2228238698129,33.7802399015071,87.2622191160596,92.4475854223744,88.8981418057408,87.1398124889917,198.272236228492
2016-05-07 00:00:00,62.821310462364,30.9501151364855,28.0770473429356,47.8784705116476,122.880633713069,129.867322245833,115.720796377605,193.04213688682
2016-05-08 00:00:00,80.169560125117,37.8297966550817,46.7726179437353,55.7623437405485,86.661469216159,69.6830659031916,76.6396887126604,97.4350115363451
2016-05-09 00:00:00,65.3295861407121,41.4520393030848,43.0557246172059,59.0387260615745,113.170784817149,93.6584480302674,89.0424654381571,126.761157810422
2016-05-10 00:00:00,65.433824549676,40.1860741631061,31.1457212875959,61.9932808769737,130.842106651968,122.214290021046,113.079125104708,180.313659507403
2016-05-11 00:00:00,55.7971433514685,34.1839046621674,27.4857556897898,65.1623529721871,103.789780707995,50.4775572254923,43.7744340962544,92.4749575000513
2016-05-12 00:00:00,135.01124008603,93.6821415428247,86.5629862926559,144.464618975955,108.318248363029,78.271183569034,68.681095988054,114.258348856899
2016-05-13 00:00:00,69.4201045945559,43.426627848115,42.6156500878515,82.575914756123,128.701540489972,80.2950958245401,93.9624353750634,145.257509265605
2016-05-14 00:00:00,45.6882257908102,61.900230272971,50.2725798773227,112.105687051663,134.772307943366,82.0214666815785,77.8165497811967,142.737189790511
2016-05-15 00:00:00,109.322127443341,88.269525528524,110.579534702137,147.355912374622,105.726992443714,95.0223625952612,84.6154740357624,150.47466184693
2016-05-16 00:00:00,110.48385891444,76.9823587057288,64.7761196644319,134.670634447908,148.738745759681,133.797782900382,119.499902552444,222.422528456175
2016-05-17 00:00:00,77.086423442084,68.890412851039,72.415463362904,115.744173631691,126.025832787478,160.236513583149,157.245658480782,257.477590803751
2016-05-18 00:00:00,69.9546274854232,65.7382781964758,54.1317873607114,107.410471932177,92.5894446603694,70.6685801156893,65.4691227586647,110.969949000062
2016-05-19 00:00:00,57.1201400363973,37.4728566171299,36.87161740492,55.7932321562309,116.7686081644,95.9453217942997,91.8561282857669,135.229013552548
2016-05-20 00:00:00,51.0441945548205,21.7133139240575,20.7144352014145,34.7281884488368,106.949167449414,57.3536398746715,58.2909358009903,87.2708667149831
2016-05-21 00:00:00,140.872029521665,123.800460545942,108.513175146652,206.576771645761,93.1514481373267,20.5053666703946,21.1823083935968,32.8776673112975
2016-05-22 00:00:00,63.7712410086158,63.0496610918029,53.9902351346521,104.00119665896,175.056167816641,126.696483460348,111.956452456161,198.24439576659
2016-05-23 00:00:00,73.976149012277,47.3737592035254,55.7608719355808,80.2571554280652,116.404235811924,82.9546253982368,83.1008145743182,133.547168664634
2016-05-24 00:00:00,72.6046546373117,54.5382435070725,64.4798882112955,72.8717418632593,113.182435815506,92.3396857936788,86.0320587898908,118.000540080085
2016-05-25 00:00:00,56.6299365358188,18.4067178950132,16.5297889178294,30.6589114058834,100.803024428628,90.8596030058862,86.690668096929,145.446049660275
2016-05-26 00:00:00,58.8510533708336,24.0896935395835,31.2158884907784,40.3939905486165,82.1989544315183,45.4477840078262,37.742756030022,72.1405672707513
2016-05-27 00:00:00,61.2530334657847,46.5285298372661,46.9531620303243,78.8383910330736,83.3840966554749,68.8243678496058,64.7292163136733,110.946329566375
2016-05-28 00:00:00,60.9176343877469,24.7600921091884,20.1090319509291,35.699675099947,77.2958824969307,75.1863444581137,68.4515523856011,104.16581326136
2016-05-29 00:00:00,102.033985613785,69.3546272009831,84.1192424079269,96.0971057128786,81.4617810631895,88.6875384222438,82.4205618642563,116.567704710755
2016-05-30 00:00:00,36.5077099021627,14.8042997511017,12.6560319699196,22.2676102969223,59.0104806546561,26.7595565800764,21.8245179569992,38.2483600335853
2016-05-31 00:00:00,35.8541504381786,31.5747725567262,25.7730009410508,56.9999011102874,69.033258724351,43.4539697852606,37.2550384907478,75.0241231047352
2016-06-01 00:00:00,39.141279664463,18.4067178950132,17.7133134495796,24.6708427719218,108.269915127045,100.955114450985,94.2120190856014,130.042908984447
2016-06-02 00:00:00,90.0074933906867,56.2092849256948,54.9224657630347,85.1580911858261,159.020407171255,113.619460019565,104.13179859785,162.949088352794
2016-06-03 00:00:00,82.6915951788093,58.9361377938703,61.0438082985182,84.0504846624824,123.263447229833,97.5011877869415,84.5510691244053,132.288088795462
2016-06-04 00:00:00,55.2066061638956,30.9501151364855,25.1362899386613,48.8971613735976,136.754253648416,82.0214666815785,74.3602078846016,124.515420881084
2016-06-05 00:00:00,260.55107040663,277.418508803933,238.480520810917,446.963282385482,142.124809514501,88.6875384222438,81.0295130556725,135.543842686924
2016-06-06 00:00:00,325.687201495609,349.381474126,317.645152030713,585.730932518627,134.996579031885,128.445871584367,123.612013885277,204.628726179681
2016-06-07 00:00:00,132.660356621261,106.206053145352,101.124210902863,183.901350706475,103.549888086527,59.7492084547334,49.4189146801395,98.9476317478267
2016-06-08 00:00:00,84.1121116193779,47.3315603014625,46.6901337096219,73.8202879824777,114.243427685778,75.7163358382385,76.8116974309618,113.491993295518
2016-06-09 00:00:00,55.389226701961,34.7962240016206,38.1253583487258,66.0409686747222,116.7686081644,68.1716760117393,67.2593014055275,122.480413662979
2016-06-10 00:00:00,89.8377824164842,65.1399417721725,59.7304313255644,99.5334686792555,106.949167449414,77.4274138308065,77.2842292286306,112.556041937315
2016-06-11 00:00:00,87.5690994323862,30.9501151364855,40.6577621691637,54.0745078719785,192.248733389802,102.526833351973,95.5425162781984,172.124258276793
2016-06-12 00:00:00,76.525489210339,44.134762764262,35.7045805232485,65.755595306955,180.255855969611,101.357186768279,84.6154740357624,143.247563392633
2016-06-13 00:00:00,105.680212874681,53.2954791039661,50.028068040603,87.5253416976987,198.857236178704,165.909250796474,155.072138360659,258.917980064086
2016-06-14 00:00:00,105.769743792627,54.5382435070725,51.1174254603144,107.61292112365,236.800131670739,130.361909355782,132.80481903463,246.009333901573
2016-06-15 00:00:00,114.092666255988,65.7382781964758,72.2950559544285,134.263089915221,163.52490629533,98.4312365897101,90.2823050972542,193.206607634036
2016-06-16 00:00:00,84.8147533873778,40.1494892326392,33.0400348974775,72.9926495878509,182.835057520573,154.017490248744,150.801529665201,265.063850387211
2016-06-17 00:00:00,84.7333629610021,65.1399417721725,50.6703598522607,114.925242186357,159.51740229743,129.045689718011,121.146812612697,216.602692387961
2016-06-18 00:00:00,93.2801276562375,43.3301611910797,38.1315633184001,63.7115488788657,243.779321721089,170.878055586622,163.994068663799,241.428415074709
2016-06-19 00:00:00,178.559474824124,69.3546272009831,64.1915438555802,110.456443348136,209.720755503105,164.705428498453,155.966695621188,248.830896755306
2016-06-20 00:00:00,86.4656287156484,38.4911793528644,42.2892830865829,57.3597146722573,165.714363482254,117.742048952336,125.794465680977,166.734517627888
2016-06-21 00:00:00,284.144142222566,307.136423960882,283.302132932494,496.367970014953,215.929611591284,187.395244698936,204.260458766912,289.646703843638
2016-06-22 00:00:00,129.082943574293,89.404058347207,83.2277641917718,159.773076999113,157.551393736596,95.9073587284354,90.779218703282,164.721018046966
2016-06-23 00:00:00,403.302806923654,259.6333637044,258.954108286613,457.569568674861,576.929110075423,560.522669429856,555.704862517402,935.128237649092
2016-06-24 00:00:00,1476.19810652541,1560.25670054299,1662.11182981244,2038.28334842404,1229.91542566826,1293.32457917384,1297.20173810567,1607.41611262021
2016-06-25 00:00:00,529.221948743551,284.741059255667,279.44813161158,491.700757626595,582.692037284554,553.644900100655,570.562644581594,918.663192430789
2016-06-26 00:00:00,557.542849961041,340.468169895735,329.342461520251,530.055537129259,1428.1810126823,1197.28176870029,1167.03359386624,1768.1618130283
2016-06-27 00:00:00,447.699810905469,281.281695270932,268.816330098081,439.515065375175,1109.07369120806,992.779549120834,927.886554058138,1474.12150315848
2016-06-28 00:00:00,333.443599075061,186.578201471564,196.883962486563,293.156057057118,439.88634629005,353.063504505243,343.129108605423,530.552537233717
2016-06-29 00:00:00,224.854159774575,157.771867671542,143.162315089342,220.060479080557,197.872603508047,159.004305260301,168.969239337382,213.143499603777
2016-06-30 00:00:00,324.546250206803,176.657752623612,177.279800815945,328.074489545394,202.808635232905,123.71896757686,113.745638657379,217.499069901721
2016-07-01 00:00:00,160.278770902137,99.2608636528343,99.0250594574003,180.713248098506,171.2999376944,137.648735699212,128.767543902432,238.416580557528
2016-07-02 00:00:00,148.486733820133,74.2802763275653,79.2038840410746,159.872458056284,178.375113454455,123.032200022368,109.812140878605,254.44455571352
2016-07-03 00:00:00,291.525673182244,119.794356074425,132.533904292605,251.493802829848,599.69736697582,310.406384477853,288.413150642936,618.16207043582
2016-07-04 00:00:00,158.520319312022,91.7866584568305,75.5511263422711,139.361628971493,204.515775419562,109.714181978313,101.13448885126,158.297693837112
2016-07-05 00:00:00,216.021256390026,155.003428914838,143.951457532995,268.396565895936,274.527610275907,225.41746826104,222.47927666305,373.302428866801
2016-07-06 00:00:00,151.56835955175,131.476556392952,139.975170352874,177.607866974465,284.488535609683,222.101251792166,221.621279418807,288.347111574963
2016-07-07 00:00:00,150.589460095957,93.6821415428247,82.1601486343035,173.978895971042,142.88790209591,90.8955680156523,90.0055958865573,159.795235029836
2016-07-08 00:00:00,164.362306466522,93.0570596745321,86.8241591238128,159.253549886809,156.798355667361,120.44264373681,130.935366033085,196.097637508567
2016-07-09 00:00:00,116.124240551643,92.8503454094566,84.4949092845653,146.691484120793,210.086244735248,170.878055586622,160.537726767204,259.407126835592
2016-07-10 00:00:00,136.652659304177,113.489389965245,100.762853078387,172.801988294887,114.39313936533,63.3482417301742,62.969199502461,91.4974134307336
2016-07-11 00:00:00,158.520319312022,68.0997788550678,69.2955055784726,115.369660927844,145.505294764906,93.6584480302674,93.4517789672324,150.779061395555
2016-07-12 00:00:00,113.836927641217,83.2425821950054,83.9425407297584,137.141862689006,169.372297567884,143.941274913676,137.146688063781,226.802294482883
2016-07-13 00:00:00,105.764734412485,52.5906225571806,49.8969067919905,99.1481279373937,205.339494206464,159.004305260301,147.781385766828,288.095059904006
2016-07-14 00:00:00,128.087586748285,93.6821415428247,102.259728483002,140.6959767418,64.5300203013788,50.4975377864735,44.3895174724056,71.7920621148539
2016-07-15 00:00:00,99.0257374363519,80.6494517179279,69.508525728212,135.313473760034,77.9460033953353,60.2213218684051,61.5796338076511,96.1262928963563
2016-07-16 00:00:00,106.605860178557,154.750575682428,151.294009510959,236.92439016073,172.429276339307,191.383422257017,179.267721558396,281.5503331263
2016-07-17 00:00:00,140.296730218955,56.7446949826226,69.2921982160443,86.4009941474433,109.19345121236,82.3527142492264,71.843627609786,118.946637459954
2016-07-18 00:00:00,111.444588122391,82.9040786061695,83.284230533932,153.364966550757,86.4948141102494,64.2229357921834,59.6679047329619,112.89860754741
2016-07-19 00:00:00,153.276493123214,126.299090226905,131.550846033762,191.356810870251,91.5092034253025,73.3285740126273,67.7711340705675,106.256263638291
2016-07-20 00:00:00,74.9513865915249,49.9610914293216,51.7317718751249,100.839478355149,89.6026883810026,85.811847283337,70.3040166260036,166.454923500092
2016-07-21 00:00:00,101.258430064523,72.2690806187505,68.560304371926,141.837989540029,112.159321000016,78.271183569034,80.8104327490897,145.419716726963
2016-07-22 00:00:00,124.547834713762,102.362765641985,101.301404795887,175.17890487549,50.7555370946369,28.6768199373358,30.0313274650535,46.6899136925159
2016-07-23 00:00:00,59.0139583131298,30.9501151364855,25.1362899386613,47.8784705116476,105.043122367624,54.680977787719,57.6382696817898,81.2808997418188
2016-07-24 00:00:00,276.949389523132,189.148983275409,176.29005252852,297.821608614293,110.926680596684,114.026835114314,107.566628113149,170.309958181297
2016-07-25 00:00:00,97.0336500031166,85.8649385563898,72.3445229269043,155.272797194045,156.014010497927,90.9824923722597,86.7631256169449,156.345543597959
2016-07-26 00:00:00,88.7390223344921,94.7243176701786,94.7867447705877,180.60642823709,76.2576695210854,70.6127009010485,66.8388293993894,128.763312407284
2016-07-27 00:00:00,129.915736758643,97.2926517307841,85.475656684254,162.054246002527,98.5629572191029,103.478992312259,100.766679673972,165.646889890869
2016-07-28 00:00:00,104.720256733395,53.5326523101856,51.922594036988,108.773360170131,106.781819308234,70.6965529010629,61.1640757079709,135.982611770488
2016-07-29 00:00:00,82.6915951788093,58.9361377938703,54.9046827682063,103.979981025751,75.2269567652654,74.559731837073,67.3140456053364,125.148222268599
2016-07-30 00:00:00,66.6286626115982,68.0902533002682,58.2405952693292,123.316255756829,23.7833484605941,54.680977787719,50.7255858885995,95.1581265270074
2016-07-31 00:00:00,109.322127443341,50.4397288734423,48.889580774188,90.7646807205465,53.7301109140186,63.3482417301742,71.3512215854252,108.133306781776
2016-08-01 00:00:00,73.0154198043253,76.9823587057288,77.1436213558293,152.959239126019,96.1951670945764,90.9824923722597,91.7810362853618,171.787078768127
2016-08-02 00:00:00,65.433824549676,63.1495451134524,64.5966121853456,113.999802220575,52.9790125093856,46.1698428968394,38.187343161926,79.7131307987811
2016-08-03 00:00:00,80.7809388819768,44.7020291736035,40.2765875448846,85.21230773286,47.0414114000264,27.7626564740208,23.9549822430097,50.8612266250282
2016-08-04 00:00:00,160.974940102574,91.0055089273154,88.682980799922,206.812507165578,73.7485946301472,53.0224146757972,68.7569455343502,114.064361846955
2016-08-05 00:00:00,130.673138060341,93.0570596745321,95.5203301192183,189.587559389058,52.5682348480168,37.2798659185365,32.6592423328689,72.2581997622271
2016-08-06 00:00:00,150.39040989475,210.460782928102,205.535272813996,332.500697340463,51.5305883312871,34.1756111173244,29.5432774950027,51.8814253671184
2016-08-07 00:00:00,45.5508864347256,6.30496610918029,11.8433526618713,9.29372395675808,57.1965696826649,50.6785933841393,42.3077370178812,70.8618265718874
2016-08-08 00:00:00,53.8008356452924,44.4128992533051,35.3169396631858,85.0940822060959,37.1846864399203,34.7874235540993,29.6485258042149,63.3374628651394
2016-08-09 00:00:00,45.7140418086777,20.093037081553,22.0398038083949,31.8657051236781,38.5301909159168,27.1587311157879,26.7466186568242,41.1931517047027
2016-08-10 00:00:00,55.7971433514685,31.5543735343084,29.1192353656775,60.1498642820189,50.7748567492348,42.9059236416685,45.2227789665399,78.6037138750436
2016-08-11 00:00:00,141.069436756557,147.21479385301,171.290453159497,267.639715155453,91.4175287602866,47.9726608971499,44.3895174724056,82.560871432082
2016-08-12 00:00:00,55.1277301192062,71.3437457504746,78.1037688480344,135.660431385059,50.7555370946369,40.1475479122701,49.8599477789625,72.6287546328026
2016-08-13 00:00:00,55.2066061638956,49.5201842183769,52.7452522846369,74.2841724301927,99.0972852524753,68.3512222346488,85.0392454834629,98.5223027173561
2016-08-14 00:00:00,51.0169928068927,63.0496610918029,71.6356001049817,107.853092831514,60.6630284513113,50.6785933841393,57.6807323752258,82.2347123179927
2016-08-15 00:00:00,50.9186480214374,68.0997788550678,79.0913094792489,116.596997746225,44.4599511781656,53.5191131601528,47.4789932943463,87.0760536934813
2016-08-16 00:00:00,35.8541504381786,20.093037081553,16.8742234303091,37.8847827581506,74.6522448995889,78.7603202357849,76.3380853113619,142.024833044103
2016-08-17 00:00:00,56.6299365358188,39.4429669178855,40.6203880577666,69.0495890992564,54.5083020984432,78.2402136995131,82.2955693183082,131.635271135277
2016-08-18 00:00:00,95.2002333939955,53.5326523101856,60.2657470859021,97.3235327838012,65.2982348287762,60.5970453437682,54.8736163696339,104.287416545788
2016-08-19 00:00:00,60.2321495746883,68.2418437613236,66.3343852093577,111.224701508247,95.1666320524442,86.0304598120072,87.2659479995469,133.399753407188
2016-08-20 00:00:00,51.3992540146615,30.9501151364855,25.1362899386613,52.2310587399792,41.6208598060396,34.1756111173244,29.5432774950027,55.4187952785128
2016-08-21 00:00:00,45.5508864347256,25.2198644367211,20.4026174418563,45.9794764176453,34.6645876864636,25.3392966920697,24.2474234646697,43.822445379983
2016-08-22 00:00:00,56.6830232691473,53.2954791039661,60.4854194214731,99.7381800741217,48.5017649216352,42.8152905281222,38.7491861115467,76.1409213691837
2016-08-23 00:00:00,43.9213342867688,43.0565080318993,43.0252555666969,73.8015248535401,48.162738644896,27.1587311157879,28.7693445532468,44.5218912363959
2016-08-24 00:00:00,42.4724524018641,28.9248424064493,28.415300046306,49.1323148838273,62.7218818667018,65.62082439314,54.9714601662466,107.124455717881
2016-08-25 00:00:00,43.272833360907,66.9158153877319,61.7919143430379,122.94861189443,57.6160895548025,55.5472915651209,64.4756166038825,96.6137857183939
2016-08-26 00:00:00,55.1277301192062,49.6304318264171,59.1246508524443,87.5620892848433,97.885678682514,80.2950958245401,71.124411250204,134.775008596953
2016-08-27 00:00:00,22.8441128954051,18.5700690818913,15.0817739631968,32.0674407147779,49.5486426262376,34.1756111173244,29.5432774950027,56.7076044710364
2016-08-28 00:00:00,52.8390282642817,56.7446949826226,99.9818576447091,113.949137208947,72.7956341415735,82.3527142492264,82.4205618642563,156.871652302258
2016-08-29 00:00:00,43.2328143578242,56.2563390541864,53.619736933216,127.521272489135,55.7770296598805,53.5191131601528,51.2698369744034,115.283789397003
2016-08-30 00:00:00,51.988518135359,54.5382435070725,56.6847238980456,98.4543746450418,44.1491770911547,40.7380966736818,33.6947145546406,70.3351154106892
2016-08-31 00:00:00,47.4692115079658,28.9248424064493,25.8063076520534,59.7875157020067,55.2549911682849,47.9536793642177,44.1257990999772,95.2603477861975
2016-09-01 00:00:00,64.0437933741424,56.2092849256948,51.9225940369879,126.07821292447,35.3378682602789,30.2985226718841,37.0335656555886,64.3331465704535
2016-09-02 00:00:00,26.5429811685067,21.7133139240575,28.7730733680211,38.7074600419327,28.0968151773883,17.2060919624014,14.4244383440007,29.1811960578225
2016-09-03 00:00:00,34.2661693431076,30.9501151364855,36.8092215006238,60.4780680147128,27.7472398706931,41.0107333407893,35.4519329940032,77.0029576501441
2016-09-04 00:00:00,118.432304730287,50.4397288734423,48.889580774188,94.444329938947,25.9984407648477,31.6741208650871,26.4423356361757,56.2585447445727
2016-09-05 00:00:00,75.8976074281803,38.4911793528644,39.2936740330451,77.4356148075473,39.6097746860021,8.02786697402292,6.54735538709975,15.3471544634761
2016-09-06 00:00:00,71.7083008763572,37.3156402943128,30.2223896964217,66.654429815092,74.6522448995889,62.4650815663121,63.4510574376803,106.71194352134
2016-09-07 00:00:00,74.9513865915249,57.8496848128987,63.9494852462118,106.717501145517,59.7351255873351,50.4775572254923,65.2865216852452,89.4918943548884
2016-09-08 00:00:00,75.2947300479783,40.1494892326392,37.082632486125,73.7691671366578,49.9339442808288,35.3482764505315,38.7740833309877,61.4815000026143
2016-09-09 00:00:00,70.4409884856524,58.9361377938703,59.4275410890044,96.0576967571227,85.1967944088548,91.7658237994744,76.9303378346702,142.293070301001
2016-09-10 00:00:00,32.3624932684906,43.3301611910797,63.3803020237769,66.3388292450045,51.5305883312871,88.8565889050434,82.7211769860075,130.719797522925
2016-09-11 00:00:00,147.584872048511,113.489389965245,104.521859849783,187.202153986127,41.5975052237563,38.0089450381045,34.82435771914,59.4733187299769
2016-09-12 00:00:00,40.3506267339693,26.6477395519831,23.9864858165527,46.1155026149165,80.836274869392,82.9546253982368,82.309522853498,136.419150786454
2016-09-13 00:00:00,60.0557019839492,77.5017144574188,86.5832496519577,120.655336962393,115.590572747751,116.782543797888,109.900506129887,173.880450452603
2016-09-14 00:00:00,65.7906615636719,36.8134357900264,49.7471852228395,63.1573574961198,307.635896774776,239.768396821089,216.93734781484,395.330443312719
2016-09-15 00:00:00,63.1783367069243,48.179387079167,45.2023704454847,85.7851758042784,89.1128851780945,63.1219222330919,57.4367529769367,106.392875556807
2016-09-16 00:00:00,54.1068462281098,49.6304318264171,50.4889418761328,89.40550169084,78.8523522720252,68.8243678496058,62.9144116084043,117.953466170567
2016-09-17 00:00:00,32.3624932684906,30.9501151364855,28.0770473429356,57.4541646139771,65.4042082666337,88.8565889050434,90.531994693147,158.497754496547
2016-09-18 00:00:00,63.7712410086158,56.7446949826226,88.0957632048745,90.3734536484752,60.6630284513113,44.3437692111219,37.019269890646,66.992933741813
2016-09-19 00:00:00,56.6830232691473,53.2954791039661,44.3813027404923,88.4276648079842,73.5610101311467,56.1950688181604,63.9832228526057,88.6021288613052
2016-09-20 00:00:00,38.543211721042,31.5747725567262,30.0152497279623,57.6128032727636,59.4007109953718,70.6127009010485,64.5925150957467,123.225105422025
2016-09-21 00:00:00,74.9513865915249,44.7020291736035,43.175820588751,65.547929025277,62.7218818667018,53.001435086767,46.7003993867167,74.6913118269645
2016-09-22 00:00:00,79.622013384069,69.5924480032412,66.8005499343648,139.761119753482,46.092871643842,37.8731533398552,35.6459362505763,72.000759969839
2016-09-23 00:00:00,39.81447175276,18.6114119349064,14.4772456720745,30.6256826705401,38.9730016976676,40.1475479122701,40.9759686809222,62.8518068937715
2016-09-24 00:00:00,20.940436820788,18.5700690818913,15.0817739631968,30.3054934227572,43.6028055110891,54.680977787719,47.2692439920043,85.7468832441165
2016-09-25 00:00:00,36.4407091477805,37.8297966550817,30.6039261627844,50.8899059379763,109.19345121236,63.3482417301742,55.9782262280806,80.8375206038521
2016-09-26 00:00:00,52.8401064373407,29.6085995022034,31.1698236017788,46.2647437237026,136.613304529272,147.17756119042,138.607022502691,218.535532813252
2016-09-27 00:00:00,58.2629944620403,40.1860741631061,36.6893328610186,63.7314102473561,50.5708755771408,54.3174622315758,52.0469339450686,82.3863034094054
2016-09-28 00:00:00,63.292282010621,63.1087470686167,64.3378504514515,86.6158045661072,44.8013441905013,27.7626564740208,22.7454171437071,36.6200831700203
2016-09-29 00:00:00,47.6001166969977,45.5027544636577,56.8143298363047,79.3825785079995,59.1525186095972,35.3482764505315,45.1021216804987,58.376373739856
2016-09-30 00:00:00,69.4201045945559,43.426627848115,55.0018967997644,70.1116257363309,41.6920483277375,48.7505938934708,60.5641124077241,74.8800502615822
2016-10-01 00:00:00,38.0735214923418,49.5201842183769,43.1588213061324,79.0766996837535,41.6208598060396,27.3404888938595,34.3136595948635,41.9514321248097
2016-10-02 00:00:00,69.2373473807829,69.3546272009831,65.8335877965233,107.974276081886,51.9968815296954,44.3437692111219,40.1128248463751,65.4874745566038
2016-10-03 00:00:00,57.6437524770989,41.4520393030848,33.0508488938592,53.8014197174026,92.9617160998008,88.3065367142521,75.8508666384453,108.915289740798
2016-10-04 00:00:00,83.3608997687653,43.0565080318993,35.9731412383037,70.9354462184512,78.6658064533302,59.7492084547334,90.2109332515257,94.144348653272
2016-10-05 00:00:00,75.7841797758752,68.3678093243348,64.8993706651878,90.2247964230283,89.6026883810026,93.3834808671608,108.76117398679,118.439080182758
2016-10-06 00:00:00,64.9092500413606,37.4728566171299,29.6799231017259,44.3288693844026,50.7021588082262,68.1716760117393,68.7434708060687,76.3405318036375
2016-10-07 00:00:00,91.879550198677,58.9361377938703,53.4932417962244,84.0504846624824,86.1031432855448,71.6920498433394,71.5329233679388,97.2706535260749
2016-10-08 00:00:00,47.5919018654273,24.7600921091884,23.0497893552033,26.4537160812557,87.2056110221782,54.680977787719,63.5469251807903,56.1364487425511
2016-10-09 00:00:00,58.3051346364488,63.0496610918029,76.6239058900187,87.361005193526,105.726992443714,82.3527142492264,71.843627609786,108.241440088558
2016-10-10 00:00:00,65.3295861407121,56.2563390541864,49.9545980292763,69.114582799455,101.853706335434,104.362270662298,118.508957296014,121.840004900879
2016-10-11 00:00:00,50.1958106134501,45.9269419006926,50.7935615178049,57.30471341569,122.012271233737,135.79365557894,127.280162610854,162.046589426588
2016-10-12 00:00:00,49.9675910610166,31.5543735343084,25.4625071391714,40.3991625774754,71.6821507048021,45.4298015029431,42.9162340006746,55.8990414739116
2016-10-13 00:00:00,85.680210054596,48.179387079167,50.7204710950164,63.5203210153817,78.3578817945314,45.4477840078262,40.1958779135143,56.7212093808197
2016-10-14 00:00:00,104.130156891834,93.0570596745321,97.3417787564848,116.243467070663,85.1967944088548,54.4859578809379,52.3003389092712,64.7524350480148
2016-10-15 00:00:00,125.642620924728,92.8503454094566,84.4949092845653,111.201608930278,67.3861539716832,61.5161000111839,65.9992387831957,70.7930417106164
2016-10-16 00:00:00,193.135758483237,119.794356074425,96.9124328488174,150.896281697909,93.5943867534517,82.3527142492264,89.5063145599376,98.4013091714163
2016-10-17 00:00:00,82.6227118838418,53.2954791039661,52.0831644481005,60.4048132843272,105.08715733021,72.2508027662063,74.9450673028614,77.8165578429773
2016-10-18 00:00:00,90.531729856401,83.2425821950054,90.0713234669774,108.658552745905,83.4820803178198,67.8968277894697,66.8388293993894,84.7628313923691
2016-10-19 00:00:00,111.594286702937,76.2564027079119,69.7855917852928,113.761699837731,60.4818146571768,70.6685801156893,61.8404274607569,101.320388217448
2016-10-20 00:00:00,85.680210054596,61.5625501567134,61.0850578589484,87.1524258740187,71.4439510479551,58.0721684544446,55.2299184736805,77.8237722515527
2016-10-21 00:00:00,52.065078445917,31.0190198915107,32.7788065948099,42.130568753124,60.7253747382263,48.7505938934708,51.6679849810545,62.994327997839
2016-10-22 00:00:00,57.1102822385127,43.3301611910797,84.0977096158276,51.0703685457574,51.5305883312871,41.0107333407893,44.8169303895989,46.4462284238965
2016-10-23 00:00:00,103.856021071174,113.489389965245,113.081124629768,160.458989130966,48.530422761049,6.33482417301741,5.28846712723515,8.4961883899967
2016-10-24 00:00:00,56.6830232691473,50.3346191537458,42.1152119711657,60.9094483159423,154.397285000539,109.714181978313,102.207934524566,126.162071779954
2016-10-25 00:00:00,65.433824549676,54.5382435070725,49.6594679317942,78.4297560731689,69.033258724351,65.1809546778909,63.6199521862857,89.6474691336242
2016-10-26 00:00:00,99.1023889376829,94.6631206029251,103.430913464586,118.543528147045,48.5347895397097,45.4298015029431,48.3831078101653,54.6749748722931
2016-10-27 00:00:00,137.607610087684,64.2391827722227,58.6428176284912,76.5164326714023,66.0664493561735,47.9726608971499,44.033215368359,54.0916054210193
2016-10-28 00:00:00,71.4618723767488,46.5285298372661,41.428870402829,71.0953347708968,121.450749476453,172.060919624015,172.873332390449,250.124537638478
2016-10-29 00:00:00,60.9176343877469,43.3301611910797,35.1908059141259,71.4985159640604,107.025068072673,211.888788927411,243.659336039281,335.961052266184
2016-10-30 00:00:00,51.0169928068927,50.4397288734423,57.7492419060479,66.5607658617341,161.190332742056,171.04025267147,188.06975003126,214.103947427917
2016-10-31 00:00:00,60.5259401009539,35.5303194026441,31.5142764087437,49.2958821056004,239.2753736134,208.724541324596,186.669778681799,275.190355896813
2016-11-01 00:00:00,57.3666407010858,74.6312805886255,86.8834267301588,133.308859630184,191.848242268836,233.565087595776,219.810999159839,399.009875775447
2016-11-02 00:00:00,61.6266956419205,70.9973404521938,74.3907571892912,102.355861488309,268.808065143008,302.865343352954,284.064726773225,419.634260924603
2016-11-03 00:00:00,133.280326751594,66.9158153877319,61.320443631347,96.30974598397,215.100067671263,222.189166260484,204.069957636809,302.723195250967
2016-11-04 00:00:00,99.0257374363519,83.7513537070789,82.1349395066468,113.752535633435,221.149125912347,197.870057567617,194.36840517535,255.682860697111
2016-11-05 00:00:00,87.5690994323862,105.230391464051,102.854841029256,131.323804831948,156.573710698911,198.218544480481,185.176377057396,237.695404287
2016-11-06 00:00:00,143.940801133733,176.539051057048,218.681271163259,232.962680516069,190.65523227555,304.071560304836,322.599215573741,380.629239871852
2016-11-07 00:00:00,71.093961388422,68.0997788550678,76.5001416664853,110.708260486315,143.080206518824,195.344763034558,193.247264560863,301.775697194277
2016-11-08 00:00:00,145.209309274623,183.707767602771,179.765723705537,299.74773171284,608.455931547187,1268.31274310729,1239.76958457853,1979.21211301182
2016-11-09 00:00:00,453.872285470901,491.722320909639,511.454164219437,473.933621660289,685.46056611467,1118.07789254466,1107.90296054064,1035.66757177726
2016-11-10 00:00:00,155.782200099265,163.274589546066,153.845179029583,223.805504953225,273.484371753463,328.233995612078,310.788997124854,425.909257387725
2016-11-11 00:00:00,147.007280317883,158.197001446705,141.839933400388,196.181909280851,145.015820270391,180.663965605215,195.292948972095,213.149605987573
2016-11-12 00:00:00,97.0874798054717,117.610437518645,138.137461840795,176.424909521708,132.790362238317,177.713177810087,169.9027241628,256.157987065126
2016-11-13 00:00:00,114.788233815509,132.404288292786,155.771547829393,197.266785920865,133.458662592885,171.04025267147,165.739766512736,241.730263225067
2016-11-14 00:00:00,110.48385891444,97.7083783572712,85.3450077037888,148.352701808363,146.313657513599,125.769915926359,113.234701117829,181.463210008397
2016-11-15 00:00:00,104.873390031672,103.335619276558,103.321787570861,163.880769207487,107.563449640268,92.3396857936788,93.0348483463218,140.056715795989
2016-11-16 00:00:00,99.9351821220332,105.181245114361,95.4035159698622,178.662963213917,80.6424195429023,63.0969465318654,63.5469061660872,103.004284344117
2016-11-17 00:00:00,95.2002333939955,101.712039389353,101.763187913224,181.102037809032,92.9539578150814,113.619460019565,118.419069772409,191.507176002252
2016-11-18 00:00:00,67.3783368123631,46.5285298372661,40.0174294308471,78.8383910330736,62.5380724916062,54.4859578809379,48.4899732644037,87.8325109067132
2016-11-19 00:00:00,79.9543951339178,68.0902533002682,77.8815422232982,144.456185315143,51.5305883312871,68.3512222346488,84.7292335743871,139.338685271689
2016-11-20 00:00:00,289.703637724855,239.588712148851,273.380984925874,353.161510356807,116.126368749653,76.017890076209,76.1132975750992,106.292739857831
2016-11-21 00:00:00,110.48385891444,109.551818158153,89.1476709582308,189.585955194657,71.9442846337588,58.8710244761681,61.276296617319,96.8135908807093
2016-11-22 00:00:00,70.8119471154028,40.1860741631061,45.1133524978812,63.7314102473561,81.8766556963233,89.6238126821,96.3715838752089,135.937400625519
2016-11-23 00:00:00,159.063498210903,65.7382781964758,69.4010306383493,112.780995528785,57.49505837781,58.0491908093162,51.1872947802044,95.7115810125531
2016-11-24 00:00:00,102.989343398959,58.8859175412041,73.5639948055537,79.4555404367752,74.5168091575446,30.2985226718841,29.7117790162859,38.7004084837884
2016-11-25 00:00:00,62.2739173568811,27.9171179023597,37.6045551521681,39.4843512116055,48.942839341257,25.8091379436022,35.543342294718,34.7280349779044
2016-11-26 00:00:00,91.3764515816204,49.5201842183769,46.0995787104067,60.7779592610667,41.6208598060396,61.5161000111839,60.0905832841951,72.5482410918713
2016-11-27 00:00:00,74.70345375295,63.0496610918029,86.0498993695624,100.414948498306,51.9968815296954,31.6741208650871,32.6294455476339,47.8520955298665
2016-11-28 00:00:00,89.3478163395034,74.0214987555085,70.1384205913869,110.307143600495,80.0279121206981,74.9267584242139,77.563294366101,106.10378394502
2016-11-29 00:00:00,99.4952674659457,94.7243176701786,80.4670287920122,139.773670548705,115.590572747751,103.203178239994,94.2941643201717,145.644656375062
2016-11-30 00:00:00,91.6072502785304,86.774527219348,77.3826624817803,144.534868056307,94.0828228000527,103.478992312259,99.7629309760867,165.646889890869
2016-12-01 00:00:00,48.4655733642159,53.5326523101856,63.3542773547144,88.901303985203,75.285023684942,75.7463066797103,81.2143747589322,119.078179950118
2016-12-02 00:00:00,62.2739173568811,65.1399417721725,63.5547465762254,85.0973167334092,61.6317236149163,65.9566858558722,60.9188506688057,81.9746576280814
2016-12-03 00:00:00,62.821310462364,74.2802763275653,98.8448309950435,107.099025299841,53.5125340363366,109.361955575438,101.451171777199,151.513910198342
2016-12-04 00:00:00,131.18655293201,69.3546272009831,76.1263099756256,88.9788015859987,105.726992443714,95.0223625952612,96.9896938586788,115.642564197177
2016-12-05 00:00:00,191.185112382378,159.886437311898,150.810032982151,276.693015689499,92.9617160998008,82.9546253982368,85.1492626410589,136.419150786454
2016-12-06 00:00:00,86.9463148125831,77.5017144574188,77.6066180240802,136.994080509384,54.5844371308822,65.1809546778909,66.6296764125012,110.19168081008
2016-12-07 00:00:00,88.2760775411293,52.5906225571806,50.7366308108587,102.528177753441,53.7616130286016,60.5730686705908,56.532390269272,113.491993295518
2016-12-08 00:00:00,78.7565567168508,80.2989784652783,89.4034609393318,110.068281124537,67.6028784109683,60.5970453437682,63.3367450337128,78.6294013638876
2016-12-09 00:00:00,52.065078445917,43.426627848115,51.7391268203022,69.4563768976736,74.3206078885755,63.0890038621387,58.5147776114723,95.9979533864814
2016-12-10 00:00:00,118.02791662626,86.6603223821595,73.322369232526,118.070943793861,39.6389141009901,68.3512222346488,77.8165497811967,89.4835593487914
2016-12-11 00:00:00,41.9068155199475,75.6595933101634,66.308506686033,93.6010769930636,57.1965696826649,63.3482417301742,87.3739408147927,74.3416484124711
2016-12-12 00:00:00,82.6227118838418,74.0214987555085,64.5651253026029,143.532186853656,64.6690198955136,74.9267584242139,77.7097678633694,138.062755012797
2016-12-13 00:00:00,61.8484095058581,63.1495451134524,60.9538310470989,112.799804302463,46.5573140233995,35.3063504505243,39.0102179915284,60.3154463381489
2016-12-14 00:00:00,137.410875417796,107.81077624222,118.679508043147,201.044383333922,67.2020162857519,80.7640915607877,75.1422770232141,144.743411739211
2016-12-15 00:00:00,70.1019900446694,61.5625501567134,58.6048232819773,93.2683855844762,52.2385878630209,47.9726608971499,46.2911036110708,68.8007261934017
2016-12-16 00:00:00,64.3156851390739,49.6304318264171,38.6059884588653,82.4613850546582,43.5047460811174,37.2798659185365,36.835034519319,58.9290172818162
2016-12-17 00:00:00,51.3992540146615,49.5201842183769,40.2180639018581,96.7649088235404,33.6930769858416,47.8458555642541,44.8169303895989,89.8367839251681
2016-12-18 00:00:00,112.96619835812,132.404288292786,118.181778990232,241.392251192638,46.7971933767259,57.0134175571567,53.7833140565745,98.6005021049617
2016-12-19 00:00:00,89.3478163395034,88.8257985066102,72.0783533855705,140.154958927687,58.2021179059622,48.1672018441375,41.8374372428305,72.2219033575345
2016-12-20 00:00:00,66.3301783106304,68.890412851039,65.988390966266,109.253846138325,94.7200526682955,143.941274913676,156.74370314531,218.323704034924
2016-12-21 00:00:00,52.4659706140674,47.3315603014625,44.9744251975057,87.3143191190596,63.4685709365435,90.8596030058862,80.1360075085589,161.085409838799
2016-12-22 00:00:00,39.8110066920345,69.5924480032412,71.5601760979728,96.9310991838665,56.8478750274051,83.3209373476813,84.0714386522669,109.859224083012
2016-12-23 00:00:00,51.0441945548205,49.6304318264171,49.4442652586041,102.331598320841,40.7856994510475,34.4121839248029,28.8488766880013,67.5034896759267
2016-12-24 00:00:00,53.3029300892786,43.3301611910797,35.1908059141259,61.8737157381292,49.5486426262376,20.5053666703946,17.7259664970016,28.1356960644757
2016-12-25 00:00:00,29.1525673182244,50.4397288734423,46.7726179437353,53.7606185806314,51.9968815296954,44.3437692111219,40.1128248463751,44.8337325810595
2016-12-26 00:00:00,51.879377229389,50.3346191537458,59.9554078472565,112.513286472505,42.0348629320838,56.1950688181604,47.1081401698143,119.366756938147
2016-12-27 00:00:00,75.2937159201751,83.2425821950054,66.7408313305627,196.189053568994,32.911204740679,59.7492084547334,54.2932482487113,134.678720990098
2016-12-28 00:00:00,121.58780491514,113.069838497938,109.338691491238,215.537013677234,36.5877644222427,53.001435086767,50.3290946846246,97.0987053750539
2016-12-29 00:00:00,58.8510533708336,45.5027544636577,46.8027278036751,92.4573561446111,54.543231445213,68.1716760117393,62.0343345456705,131.126089921542
2016-12-30 00:00:00,51.0441945548205,43.426627848115,38.6059884588653,85.4233600925411,57.0999792314665,63.0890038621387,62.4512787668951,118.066448417856
2016-12-31 00:00:00,55.2066061638956,30.9501151364855,25.1362899386613,42.1681942120933,69.3680996767327,61.5161000111839,60.0905832841951,80.5352034139122
2017-01-01 00:00:00,107.500091985952,94.5744916377043,98.3681709209432,144.001656912406,117.859598133976,120.361659287331,126.310650651584,173.845085518394
2017-01-02 00:00:00,64.3688569327605,35.5303194026441,32.4547890547839,66.4921200494145,84.0697258641676,72.2508027662063,64.9386076599457,128.487804810497
2017-01-03 00:00:00,67.2265320715849,54.5382435070725,46.1732815355566,100.594687137325,71.4413956565958,84.1920664589425,97.9357455595722,148.519221961412
2017-01-04 00:00:00,190.709639216213,205.103427973004,240.549762351955,351.87670604981,95.5762009397361,90.8596030058862,80.450314214699,149.809431150083
2017-01-05 00:00:00,81.3529267185052,93.6821415428247,104.219731391396,149.815160419509,96.0268159246709,136.343352023479,125.099996392307,206.402178580205
2017-01-06 00:00:00,103.109273000738,83.7513537070789,88.1731582106953,131.493756787273,79.7587011487151,88.8981418057408,90.5416660161244,132.787827932844
2017-01-07 00:00:00,116.124240551643,129.990483573239,141.035175794293,180.416815984078,47.5666969211881,61.5161000111839,81.8452131443384,82.0405343188451
2017-01-08 00:00:00,103.856021071174,81.9645594193437,108.164979363909,135.201555656647,64.1294872199577,95.0223625952612,107.130529689733,148.683296824942
2017-01-09 00:00:00,71.093961388422,53.2954791039661,44.7663682177386,84.0929753566124,60.627206152044,66.898891450191,72.2276692961096,100.308199107687
2017-01-10 00:00:00,82.4645460078108,66.0199789822457,63.5422601352527,121.772516008341,118.801421990744,130.361909355782,129.908181875783,229.965246907993
2017-01-11 00:00:00,90.7744570941802,49.9610914293216,43.175820588751,96.307366968401,72.4288397746438,80.7640915607877,72.2163117327518,149.622403146151
2017-01-12 00:00:00,130.683956749939,131.154998159955,130.04809958794,174.246555810998,116.000393637002,143.91798269145,142.183216826123,180.99883352418
2017-01-13 00:00:00,159.25788701104,117.872275587741,105.853674628153,170.950138296574,75.2269567652654,114.707279749343,133.040195521688,158.270893872935
2017-01-14 00:00:00,119.931592700877,123.800460545942,114.3946899552,155.807904037904,65.4042082666337,95.6917111285083,86.1775188826027,115.721958954454
2017-01-15 00:00:00,134.830623846788,119.794356074425,145.491954447263,150.896281697909,67.595945988604,82.3527142492264,68.7500726540569,98.4013091714163
2017-01-16 00:00:00,108.562400498536,65.1389189048475,65.5462506189244,91.9613239279914,80.0279121206981,32.1114678960917,33.1076300600308,43.0797318273013
2017-01-17 00:00:00,142.52024799176,117.687788620525,112.434991217882,156.021036135687,268.105911789921,233.565087595776,233.695230095585,296.140142177089
2017-01-18 00:00:00,121.58780491514,99.9221828586431,93.5686508867277,186.333818699732,99.3096462889445,80.7640915607877,81.8054279163066,144.743411739211
2017-01-19 00:00:00,115.971193407231,85.6522436962969,72.8002933864583,143.623077506192,229.696143691813,191.890643588599,185.860130090435,304.593506254283
2017-01-20 00:00:00,113.318111911702,102.362765641985,108.075199278443,159.253549886809,115.106307339623,131.913371711744,134.092596715262,195.248729986885
2017-01-21 00:00:00,70.4360147608324,86.6603223821595,86.3176426122648,129.997301752837,75.3139367918812,123.032200022368,128.542135669796,177.340144891241
2017-01-22 00:00:00,74.70345375295,75.6595933101634,67.1752353855916,85.9288575674026,110.926680596684,133.031307633366,136.203875920831,143.320948414862
2017-01-23 00:00:00,108.562400498536,103.630098257712,111.559046186264,133.427520899158,200.473961676092,243.511964878695,247.618117992308,297.939425317616
2017-01-24 00:00:00,82.4645460078108,80.3721483262121,72.6624740993223,125.124053146186,167.766872946388,165.668259806306,167.835335617999,246.667615758344
2017-01-25 00:00:00,81.6137320663271,70.9973404521938,73.9285356303162,110.730431973717,80.6424195429023,113.574503757358,103.341279960711,170.237989943276
2017-01-26 00:00:00,96.0656900612136,88.3288763118062,80.2030027708575,148.111298678261,72.2121655753525,106.044829351594,107.682735546568,168.32799029842
2017-01-27 00:00:00,98.0048535452555,124.076079566043,136.671979697835,193.034605923405,70.6952123818157,83.1627778182737,82.2537227733256,123.091590643906
2017-01-28 00:00:00,78.0507190593007,142.370529627833,164.289282890698,193.973693375629,65.4042082666337,47.8458555642541,41.3605884930037,62.6384915441539
2017-01-29 00:00:00,107.500091985952,81.9645594193437,66.308506686033,110.261462865615,110.926680596684,171.04025267147,159.060250576917,218.261305630401
2017-01-30 00:00:00,91.2692747554067,79.9432186559491,66.4461505946833,98.2154597676466,239.2753736134,353.226146857008,359.103401500225,412.381555049128
2017-01-31 00:00:00,178.374398429939,117.687788620525,118.648612961927,162.363354677788,188.637393025843,244.428580042091,258.078067503855,322.512236517307
2017-02-01 00:00:00,149.90277318305,165.660461055119,163.972616801319,275.930202652951,92.5894446603694,123.670015202456,124.239279048852,197.968234259819
2017-02-02 00:00:00,70.9674467118876,77.6223458497691,81.8473282053584,105.561548354084,165.934337917831,156.542367138068,152.600788438662,201.526536566499
2017-02-03 00:00:00,78.6080596144236,71.3437457504746,74.1251187781734,102.600326257608,69.7888635051258,77.4274138308065,78.6474362400125,105.935098293944
2017-02-04 00:00:00,76.1470429846837,86.6603223821595,70.3816118282517,126.173851701283,41.6208598060396,61.5161000111839,64.9952104890059,86.0621291383964
2017-02-05 00:00:00,71.0593828381719,63.0496610918029,80.360235636531,77.3106240650672,46.7971933767259,88.6875384222438,99.1846060301848,103.157260805978
2017-02-06 00:00:00,195.028029214185,183.573316913661,160.418970142897,252.518507196209,235.233559869931,267.595565800764,250.123459723663,349.792694324241
2017-02-07 00:00:00,138.934832947942,137.780825702078,142.104794350646,185.558119631758,157.33161290666,176.531752252621,173.678574870239,227.37965881445
2017-02-08 00:00:00,88.2760775411293,102.551713986502,107.877061765212,187.168460664793,109.763293266728,85.811847283337,78.9264424092562,150.517749973488
2017-02-09 00:00:00,72.6983600463238,66.9158153877319,65.5604326458793,91.7235676037809,119.841466273989,116.144336908889,107.294110855776,150.706352614118
2017-02-10 00:00:00,88.8168985253878,99.2608636528343,92.6513409878682,146.440045872928,115.106307339623,123.310325730544,120.572993481178,173.074680067085
2017-02-11 00:00:00,62.821310462364,68.0902533002682,77.8815422232982,108.730462065161,124.862579418119,164.042933363157,169.246678388293,251.708592748858
2017-02-12 00:00:00,65.5932764660049,56.7446949826226,62.6635903976947,70.2008077447977,64.1294872199577,88.6875384222438,84.1230680114016,104.07830777746
2017-02-13 00:00:00,95.1121915872133,82.9040786061695,100.913877776744,136.150531529753,75.1777356285345,123.093960268351,142.702299436397,192.100436821742
2017-02-14 00:00:00,166.721799537531,177.966899865184,166.648560384325,267.252955487333,101.141751154282,130.361909355782,139.875988899879,187.228342615357
2017-02-15 00:00:00,64.9578683793216,70.9973404521938,82.6286035266875,104.105534334263,93.336133730211,184.243083873047,189.509101217774,259.641226827067
2017-02-16 00:00:00,83.9492967201597,72.2690806187505,73.4827791793542,103.154901483657,74.5168091575446,103.519952462271,103.26153976015,139.875856558486
2017-02-17 00:00:00,73.5036401589416,68.2418437613236,78.9969745229179,96.5173029617023,97.885678682514,108.971915761876,111.322127793427,146.629481017819
2017-02-18 00:00:00,106.605860178557,43.3301611910797,43.1588213061324,54.9988584338926,59.4583711514852,6.83512222346488,5.90865549900053,8.33650253762244
2017-02-19 00:00:00,71.0593828381719,63.0496610918029,81.6962030333055,73.4126094063244,57.1965696826649,57.0134175571567,72.1550849483474,62.9717492435049
2017-02-20 00:00:00,83.5834410917935,65.1389189048475,60.0329437639496,90.3757838602674,44.4599511781656,45.4912461861299,45.6282809228875,59.9773852595617
2017-02-21 00:00:00,110.251512597399,71.7608467198322,77.3190028231525,94.3972992312722,62.6115602383648,59.7492084547334,75.4057806401837,75.1695186921474
2017-02-22 00:00:00,92.4400434628807,81.5154649636299,78.0340030331645,114.629864307946,79.149041403219,95.9073587284354,91.1405051928341,129.616538791056
2017-02-23 00:00:00,83.9492967201597,72.2690806187505,73.8430192490591,98.2814415710433,92.185743287684,100.995075572947,95.125001739536,130.017120365484
2017-02-24 00:00:00,60.2321495746883,55.8342358047193,52.0269801360458,85.3144017250761,96.0729809291342,65.9566858558722,69.5373624283402,95.8810727614167
2017-02-25 00:00:00,85.6654233577691,49.5201842183769,66.5046844300573,57.9065596109376,81.2597739070297,75.1863444581137,85.6273674883363,84.480935164725
2017-02-26 00:00:00,72.8814182955609,50.4397288734423,68.1769896854607,58.7300875250595,45.0639639924027,44.3437692111219,42.3077370178812,48.9780271893927
2017-02-27 00:00:00,104.71948366673,88.8257985066102,92.4877328187336,91.6397808373341,59.0104806546561,58.8710244761681,54.5612948924979,57.7157945634998
2017-02-28 00:00:00,85.1536072906742,103.335619276558,102.299692631948,165.426814200011,73.8495325888406,105.919051351573,119.707410386015,162.168888739363
2017-03-01 00:00:00,95.7712162002818,70.9973404521938,63.7158461334375,87.6283994036606,76.1622851238522,100.955114450985,103.201552149701,119.751743525246
2017-03-02 00:00:00,88.2765800562504,66.9158153877319,61.431674273333,113.305583510553,76.8214527397367,83.3209373476813,76.1981162681372,133.554350846015
2017-03-03 00:00:00,82.6915951788093,62.0380397830214,65.5027925014231,103.076731318323,59.8190258615364,80.2950958245401,78.1127886117224,126.924037222373
2017-03-04 00:00:00,59.0139583131298,55.710207245674,57.272118762446,94.0159057319626,31.7111312807921,27.3404888938595,23.6346219960021,44.3350362228103
2017-03-05 00:00:00,143.940801133733,81.9645594193437,99.4212054893191,106.139539020172,51.9968815296954,44.3437692111219,46.5774069831943,54.4708900517545
2017-03-06 00:00:00,61.4866693089055,50.3346191537458,39.8491212018391,78.6500643302945,85.6864513615555,155.205428164443,155.18262732474,230.455652784884
2017-03-07 00:00:00,48.4031030915411,37.3156402943128,56.1995418049539,55.5453581792434,77.8630941425819,105.919051351573,114.015087001679,150.788615845372
2017-03-08 00:00:00,79.1153525132763,49.9610914293216,40.8087715252506,72.0281988251066,59.7351255873351,73.1924579769639,75.6939289465261,101.411613056779
2017-03-09 00:00:00,100.392973397304,80.2989784652783,77.2456283321714,99.7741253359113,80.6625253767235,55.5472915651209,53.1330986942348,65.3359414210721
2017-03-10 00:00:00,49.0024267726277,34.1209218806618,30.3659323161308,47.0911034611531,47.1301415878771,45.8829118997372,49.4331330104286,60.245049925827
2017-03-11 00:00:00,53.3029300892786,24.7600921091884,23.0497893552033,35.0196812885194,87.2056110221782,82.0214666815785,77.8165497811967,111.470948217352
2017-03-12 00:00:00,69.2373473807829,44.134762764262,43.7889264137239,74.576467848132,51.9968815296954,82.3527142492264,71.843627609786,132.001756205558
2017-03-13 00:00:00,469.796582688356,109.551818158153,127.824968756121,125.046055553923,75.1777356285345,69.5748471081986,75.8996833121551,75.4659132010171
2017-03-14 00:00:00,171.203568342303,57.4086773758658,57.0896134555243,72.7000095572186,60.20342330612,62.4650815663121,67.5109446508573,75.6539898099055
2017-03-15 00:00:00,73.2858002228243,44.7020291736035,56.593566654776,58.5428068393695,58.2417474476517,80.7640915607877,80.8934758332886,101.651861679446
2017-03-16 00:00:00,68.3710767102331,34.7962240016206,44.2743267893192,51.3651978581173,50.7021588082262,63.1219222330919,54.8736163696339,88.2060592223099
2017-03-17 00:00:00,52.065078445917,37.2228238698129,30.3659323161308,50.9611359637788,43.5047460811174,45.8829118997372,41.2777540924033,59.7630895264204
2017-03-18 00:00:00,45.6882257908102,37.1401381637826,33.1043053306679,48.3824544117702,35.6750226908911,20.5053666703946,17.7259664970016,25.667652550048
2017-03-19 00:00:00,72.8814182955609,63.0496610918029,57.7492419060479,69.334131105973,41.5975052237563,50.6785933841393,50.6897591008454,52.8651722044239
2017-03-20 00:00:00,72.0546905963737,41.4520393030848,40.8902349519698,59.0387260615745,75.9860983772284,88.3065367142521,90.3507625101911,119.517663078398
2017-03-21 00:00:00,34.0614429162697,43.0565080318993,42.8181155982375,54.1211182259294,147.699065177681,225.41746826104,219.460306363499,270.98991132553
2017-03-22 00:00:00,63.292282010621,34.1839046621674,38.0059852251707,53.3146524317895,155.311326527071,133.765526647555,136.165954689975,200.502521488748
2017-03-23 00:00:00,72.6983600463238,61.5625501567134,73.679423808614,101.262818634574,95.2586013972735,128.768721355508,140.582279446592,200.504973477913
2017-03-24 00:00:00,49.0024267726277,49.6304318264171,44.9852810556992,64.8360508445023,137.765029256872,212.208467536285,234.320401873327,263.744550629479
2017-03-25 00:00:00,34.2661693431076,24.7600921091884,20.1090319509291,36.4065993593518,73.3319910868317,88.8565889050434,80.2688633836021,125.542775838849
2017-03-26 00:00:00,43.7288509773366,50.4397288734423,58.6159706056065,69.1968357968523,48.530422761049,63.3482417301742,59.0717811838097,82.4382635861066
2017-03-27 00:00:00,86.4656287156484,88.8257985066102,76.4916389883113,120.132821938018,109.128971073679,149.853516848428,133.336319575707,192.591742286759
2017-03-28 00:00:00,94.1171449002189,63.1495451134524,61.5744672739122,100.149358960131,83.4820803178198,86.9079395705212,88.16051477775,131.818085455049
2017-03-29 00:00:00,64.9578683793216,34.1839046621674,31.5322527910267,48.4678658470813,55.2549911682849,42.9059236416685,51.4068902111654,58.4655723037515
2017-03-30 00:00:00,56.2546833691792,53.5326523101856,53.1627113254735,73.9658849156889,66.8346638835709,35.3482764505315,30.5820378539855,46.2340880019659
2017-03-31 00:00:00,50.0233106637241,52.7323338155682,50.4889418761328,81.3006110533258,47.1301415878771,51.6182758872044,54.83054747716,75.7133735554313
2017-04-01 00:00:00,62.821310462364,68.0902533002682,64.8862688435594,100.118148238218,118.91674230297,177.713177810087,171.613319028486,251.085551677698
2017-04-02 00:00:00,67.4153119233939,69.3546272009831,65.0582725551388,106.774561903198,60.6630284513113,76.017890076209,87.2166229671307,111.01686162929
2017-04-03 00:00:00,77.8190658440836,56.2563390541864,55.3758064583345,99.4946191948199,79.2195493720041,104.362270662298,111.922488208624,175.396051011155
2017-04-04 00:00:00,57.3666407010858,43.0565080318993,37.391227998865,69.5842948619093,72.2441079673441,105.919051351573,108.903801103831,163.713354346404
2017-04-05 00:00:00,59.1283160888696,44.7020291736035,46.0387931582377,75.1873303525236,49.2814786095514,55.5253129480416,68.7152155465625,89.7551058088734
2017-04-06 00:00:00,65.7747067085787,42.8261218481485,49.6457187035265,64.8823551892008,79.1260963219288,123.71896757686,146.447451511069,177.433451761931
2017-04-07 00:00:00,44.9188912082421,31.0190198915107,56.9245052931385,38.7478223568878,64.3507702449861,103.236551774409,115.214750517676,122.688824301502
2017-04-08 00:00:00,34.2661693431076,37.1401381637826,40.2180639018581,49.690088314791,47.5666969211881,75.1863444581137,82.1710255917411,96.6583672605413
2017-04-09 00:00:00,49.1949573495036,18.9148983275409,20.4026174418563,22.9897382088226,38.13104645511,31.6741208650871,56.2130030689503,36.5187044833191
2017-04-10 00:00:00,35.546980694211,14.8042997511017,11.3304538466331,21.660311834279,71.1359218850649,90.9824923722597,86.5990325304251,126.497758001985
2017-04-11 00:00:00,60.0557019839492,28.7043386879329,24.4716381545397,40.5908386694471,61.8088479276166,84.1920664589425,78.7935526018928,113.864736837082
2017-04-12 00:00:00,68.2890411167227,63.1087470686167,77.7320882240974,120.299728564038,73.9222179143271,88.3357251446116,93.8136742984667,161.83117562509
2017-04-13 00:00:00,47.6001166969977,48.179387079167,55.0473200603409,85.7851758042784,72.9803801027499,106.044829351594,99.0679002012591,178.740030935435
2017-04-14 00:00:00,58.1903817924954,65.1399417721725,56.9075493816007,109.291651883104,42.5983972044274,54.4859578809379,56.6999729062033,86.9714078586081
2017-04-15 00:00:00,55.2066061638956,68.0902533002682,114.43236692392,82.2108371712193,51.5305883312871,95.6917111285083,111.642968879783,111.017814281509
2017-04-16 00:00:00,41.9068155199475,18.9148983275409,18.2856546114036,28.8003313824811,133.458662592885,126.696483460348,118.143562367619,182.994826861467
2017-04-17 00:00:00,30.7433346544528,41.4520393030848,34.3764270171456,62.3493088313824,74.3693728798406,90.9824923722597,86.228179405893,130.04442411419
2017-04-18 00:00:00,65.433824549676,63.1495451134524,66.7045825889809,85.7278512698722,113.985148126254,59.7492084547334,52.0469339450686,77.5749432902962
2017-04-19 00:00:00,43.3052455862144,47.3315603014625,60.558068518332,68.8155226955301,118.723562104828,131.24164878628,124.370296913258,183.382542839085
2017-04-20 00:00:00,71.8329033791057,58.8859175412041,63.4404381386132,95.0496184664227,64.5300203013788,80.7960604583577,88.1798592941883,123.455508683487
2017-04-21 00:00:00,72.4827562678452,46.5285298372661,52.090854253939,63.195853129686,103.323771942654,120.44264373681,147.721665826843,155.63304564172
2017-04-22 00:00:00,36.1698454177247,30.9501151364855,28.0770473429356,45.5082491991898,45.5847512161386,34.1756111173244,29.5432774950027,48.2856830149419
2017-04-23 00:00:00,40.0847800625585,56.7446949826226,83.2525137083683,82.7630575517615,50.2636521453722,82.3527142492264,107.351694314149,113.938357987956
2017-04-24 00:00:00,54.761564853244,44.4128992533051,54.7871683657273,59.5658575442671,89.7282651050251,90.9824923722597,90.9248224215339,115.956278168486
2017-04-25 00:00:00,58.2629944620403,48.7973757694859,44.4433423272582,67.321390963961,87.4956418715611,100.487305128415,93.7946010431019,132.588363901559
2017-04-26 00:00:00,46.6364183236155,60.4792159407577,51.764738297211,104.806581703518,59.7351255873351,65.62082439314,63.7156642699224,109.288586136424
2017-04-27 00:00:00,51.9274000330885,40.1494892326392,35.8425151976395,66.0409686747222,52.2385878630209,70.6965529010629,67.0505930364655,110.081161909443
2017-04-28 00:00:00,85.7542468520985,124.076079566043,126.343448542608,194.805565610775,58.0063281081565,83.1627778182737,76.8757171108958,124.220871292015
2017-04-29 00:00:00,53.3029300892786,68.0902533002682,104.452622746451,72.2280926575713,43.6028055110891,54.680977787719,62.5428968866005,55.7354741086758
2017-04-30 00:00:00,54.6610637216707,63.0496610918029,61.2078523255689,91.0010470765896,27.7316701491709,12.6696483460348,10.5769342544703,17.3463846295766
2017-05-01 00:00:00,48.0364603975825,50.3346191537458,53.2346714559698,63.7870600474042,30.7177844503689,56.1950688181604,57.0650143409739,67.6724921224142
2017-05-02 00:00:00,54.6775794182224,68.890412851039,71.4598746605502,107.249188411016,69.8359710350993,97.7714320168364,97.3959240442196,145.574330611482
2017-05-03 00:00:00,46.6364183236155,55.2201536850396,46.0387931582377,81.6689967622239,73.1755288444854,75.7163358382385,99.3663120522297,107.621717780232
2017-05-04 00:00:00,43.272833360907,56.2092849256948,52.4802255325776,85.1580911858261,75.285023684942,136.343352023479,146.559455697162,195.538906023352
2017-05-05 00:00:00,28.5847489506995,24.8152159132086,20.7144352014145,31.2261862523154,92.4475854223744,106.104233768142,104.966104360125,127.024029898757
2017-05-06 00:00:00,47.5919018654273,43.3301611910797,40.2180639018581,69.1921122232843,51.5305883312871,75.1863444581137,102.349305691148,115.366438343227
2017-05-07 00:00:00,52.8390282642817,75.6595933101634,93.6130583837142,84.5429082517994,60.6630284513113,133.031307633366,126.525584450584,141.009320214623
2017-05-08 00:00:00,60.5259401009539,38.4911793528644,32.110336247819,61.9484918460378,55.7770296598805,66.898891450191,58.3912522728459,102.314363089841
2017-05-09 00:00:00,58.2629944620403,74.6312805886255,72.6624740993223,102.962127356646,59.4007109953718,89.6238126821,90.0653823583892,118.254486723012
2017-05-10 00:00:00,49.9675910610166,36.8134357900264,30.3487282592765,62.5320371248711,87.3626211714775,131.24164878628,120.633111310628,214.248911435763
2017-05-11 00:00:00,95.2002333939955,69.5924480032412,57.6000917658905,93.9020023343707,100.636103089055,116.144336908889,105.19729107633,148.351565854522
2017-05-12 00:00:00,47.9815428815313,40.3247258589639,35.6016885387736,54.3384815886749,93.3539342990643,137.648735699212,124.957178257565,176.465815530769
2017-05-13 00:00:00,39.9771975669589,18.5700690818913,15.0817739631968,27.0372539359892,31.7111312807921,54.680977787719,65.9992387831957,76.4996703452412
2017-05-14 00:00:00,29.1525673182244,18.9148983275409,18.2856546114036,31.2003589976879,20.7987526118782,25.3392966920697,21.1538685089406,39.6488791533179
2017-05-15 00:00:00,69.1725029725187,56.2563390541864,54.8718450451758,79.4211433923562,37.1846864399203,48.1672018441375,44.9256883741143,64.6195977409519
2017-05-16 00:00:00,56.4702869401313,51.6678096382792,58.7716479603894,71.2814727853705,80.2712310748267,114.066670686309,111.281337645313,150.505710374743
2017-05-17 00:00:00,51.6331774297172,47.3315603014625,41.9922960570008,71.2301024392329,309.875963984301,416.439847110312,402.987534761033,602.303999506913
2017-05-18 00:00:00,49.331030031434,61.5625501567134,71.685030395279,87.8726938564486,170.543625082215,199.465274256571,194.330293064093,269.5168943444
2017-05-19 00:00:00,94.9422018719662,105.464667631136,113.310955501086,133.69433817658,118.731702846383,140.516417692945,147.776286550618,169.467094143206
2017-05-20 00:00:00,47.5919018654273,61.900230272971,63.2678532570615,73.5413307058907,87.2056110221782,150.372688916227,148.720415769203,171.665260254721
2017-05-21 00:00:00,71.0593828381719,37.8297966550817,45.4309703546671,40.3204639354735,83.1950104475126,126.696483460348,124.608144504439,128.096378803027
2017-05-22 00:00:00,70.1332321804704,74.0214987555085,61.91396905603,105.426296538526,88.1115396076372,147.17756119042,170.637128766066,199.196105130663
2017-05-23 00:00:00,58.2629944620403,57.4086773758658,49.6993386997531,74.3648952722694,61.8088479276166,65.1809546778909,67.3528280967911,80.7511554028066
2017-05-24 00:00:00,52.4659706140674,39.4429669178855,48.1811982798743,51.2640888767206,64.9619490762269,131.24164878628,130.297026031194,163.932879204636
2017-05-25 00:00:00,39.8110066920345,37.4728566171299,32.1601576786969,56.7720607905507,57.6160895548025,88.3706911263287,91.9930924661405,126.738179829951
2017-05-26 00:00:00,46.9606589904349,49.6304318264171,47.031390979925,61.9965157710204,47.1301415878771,43.0152299060036,51.8985942947133,51.1203434589591
2017-05-27 00:00:00,38.0735214923418,55.710207245674,45.2453218895904,63.1557229344481,45.5847512161386,61.5161000111839,53.1778994910048,67.0102074207361
2017-05-28 00:00:00,18.2203545738902,12.6099322183606,10.2013087209282,17.8287765701073,32.9313583021404,63.3482417301742,55.9782262280806,84.961883899967
2017-05-29 00:00:00,45.1542727737275,38.4911793528644,33.7803671780703,66.6112815548794,42.0348629320838,45.4912461861299,43.1140897029465,74.8105020441845
2017-05-30 00:00:00,69.9155933544483,63.1495451134524,64.7268989477137,97.418012806673,108.366161951016,152.088894248412,145.250677039996,224.390331831435
2017-05-31 00:00:00,64.1250751949713,73.6268715800528,61.0412570314349,73.4387877861858,87.3626211714775,106.002870173534,102.532971463896,101.614924229708
2017-06-01 00:00:00,87.4111233890322,115.095202466899,104.402819569566,156.522295835365,94.4903868698761,118.669213798213,114.101940761425,152.770116429443
2017-06-02 00:00:00,87.7960146342913,89.9551576853811,97.7797380343814,115.74819415332,69.7888635051258,68.8243678496058,73.5805902900167,84.252475836119
2017-06-03 00:00:00,51.3992540146615,30.9501151364855,25.1362899386613,30.2390340073564,41.6208598060396,68.3512222346488,62.5428968866005,64.1691313751201
2017-06-04 00:00:00,92.9238083268402,94.5744916377043,103.433361652523,100.801159838684,17.3322938432318,25.3392966920697,24.2474234646697,25.6192757606054
2017-06-05 00:00:00,100.876566834923,103.630098257712,87.8220928349444,137.838348036321,88.9199023563312,99.0103593462826,98.8633378835134,125.144840804103
2017-06-06 00:00:00,64.5374707887215,54.5382435070725,48.0199447179051,72.3024313799526,149.304489799178,258.007945599985,295.88488383417,327.131552404924
2017-06-07 00:00:00,136.578082233445,105.181245114361,95.0467135172175,150.374660705047,108.269915127045,169.099816705399,179.273037265489,232.343330718879
2017-06-08 00:00:00,202.516860129045,133.831630775464,121.400769974209,140.941091683858,212.795424089071,143.91798269145,139.645184690678,143.47468511063
2017-06-09 00:00:00,269.513347249453,148.891295479251,126.656242176335,193.034605923405,238.369754569456,154.854827661613,142.476578383813,191.004192378474
2017-06-10 00:00:00,110.413212327791,30.9501151364855,49.3041033704394,43.7746016106492,75.3139367918812,123.032200022368,126.98795598134,167.206422326027
2017-06-11 00:00:00,102.033985613785,113.489389965245,111.7394770407,121.899077014222,147.32449766747,240.723318574662,244.359433597902,245.269810576339
2017-06-12 00:00:00,113.366046538295,79.9432186559491,82.6110805067138,103.759880883562,194.815422435235,200.696674350573,226.693334335462,247.534749410905
2017-06-13 00:00:00,70.8119471154028,54.5382435070725,51.9240330774386,67.0631247582169,116.393285058499,168.384132917885,178.449189165243,198.025629281883
2017-06-14 00:00:00,66.6234547480221,47.3315603014625,37.6019984428819,67.6685973172712,89.6026883810026,111.050625896083,107.284281964759,152.583679875085
2017-06-15 00:00:00,78.7565567168508,32.1195913861113,35.2848837020498,41.7100854787719,64.5300203013788,93.420444904976,101.164719980705,114.840309886731
2017-06-16 00:00:00,44.9188912082421,18.6114119349064,20.0797662491705,26.5422583144681,99.6983764358939,157.722509655347,176.381912623836,213.995437757365
2017-06-17 00:00:00,51.3992540146615,30.9501151364855,39.7499789048981,40.6755147709573,116.934796597921,170.878055586622,167.450410560395,215.789999314563
2017-06-18 00:00:00,40.0847800625585,56.7446949826226,51.8732723041993,84.5429082517994,39.8642758394331,76.017890076209,95.1625466266789,107.435672544474
2017-06-19 00:00:00,85.5048995076968,74.0214987555085,75.9961802533266,116.795799106406,88.9199023563312,144.501605532413,136.489492849999,216.665710072604
2017-06-20 00:00:00,49.2994568524956,57.4086773758658,51.3388619136423,74.93693292821,99.5363265327851,152.088894248412,146.999302956124,189.868742318907
2017-06-21 00:00:00,47.4692115079658,44.7020291736035,42.832020075869,61.8476427093339,99.3096462889445,179.195328150498,189.607967934113,238.27216871989
2017-06-22 00:00:00,57.1201400363973,53.5326523101856,53.1627113254735,79.0233813201805,88.3446706506972,176.741382252657,182.405984441111,246.976965822468
2017-06-23 00:00:00,86.7751307431949,37.2228238698129,51.49037518283,47.5383731005399,87.0094921622347,97.5011877869415,93.5780930016746,118.466945189966
2017-06-24 00:00:00,131.353649148579,80.4702993548624,75.408869815984,97.9546413090757,126.844525123168,307.58050005592,325.33365485061,359.767916890018
2017-06-25 00:00:00,45.5508864347256,31.5248305459014,28.4869633323317,33.0912898460326,93.5943867534517,171.04025267147,169.422251032387,170.309958181297
2017-06-26 00:00:00,72.0546905963737,62.1780589546271,70.2525032729949,66.2719474664694,63.8606571468196,120.418004610344,108.013583662601,121.964141431598
2017-06-27 00:00:00,98.5989137049912,109.076487014145,114.532212101717,131.272499526722,77.8630941425819,138.509528690518,137.737546011956,159.426261597562
2017-06-28 00:00:00,76.6169729602255,76.2564027079119,73.7498600503012,102.207777197962,77.6556632635356,128.717770925006,137.226261124817,165.80470895517
2017-06-29 00:00:00,61.447423372488,58.8859175412041,69.0453987389371,73.6978925790379,78.3578817945314,141.393105802126,138.099591991042,167.514811601326
2017-06-30 00:00:00,53.0859623370134,65.1399417721725,56.3161237401881,79.6267749434044,90.6348876689945,160.59019164908,152.092870613147,186.759654770064
2017-07-01 00:00:00,45.6882257908102,74.2802763275653,63.2678532570615,82.3223851185344,69.3680996767327,143.537566692762,143.815788564392,152.856617424913
2017-07-02 00:00:00,67.4153119233939,56.7446949826226,53.9902351346521,54.2240721890851,58.9297990669881,101.357186768279,104.47307315742,91.8760234173436
2017-07-03 00:00:00,44.1935435657759,35.5303194026441,34.7614924943919,42.0464876783062,52.5435786651048,77.6027140822215,74.3710073915185,87.2681332236875
2017-07-04 00:00:00,47.5067493305867,22.9634709503463,19.0989178079946,27.4416937483586,43.3464647804064,48.8857160084182,51.2469230100058,55.8718381572235
2017-07-05 00:00:00,74.9513865915249,39.4429669178855,39.1293234875142,46.9920814703272,100.803024428628,148.908793815202,137.877962877133,170.50070289072
2017-07-06 00:00:00,61.447423372488,48.179387079167,42.2024987194379,57.785847590382,79.1260963219288,83.3209373476813,77.4246772098833,94.6009985159273
2017-07-07 00:00:00,54.1068462281098,52.7323338155682,62.2504230329681,73.368844121294,54.3809326013967,54.4859578809379,57.1084850239381,72.1226309071384
2017-07-08 00:00:00,43.7845497161931,61.900230272971,87.548115455555,83.5696939839667,47.5666969211881,68.3512222346488,71.9078942821962,88.6700724456205
2017-07-09 00:00:00,76.525489210339,69.3546272009831,64.1915438555802,78.7681194367857,65.8627166042809,88.6875384222438,82.4205618642563,95.5472989432415
2017-07-10 00:00:00,49.9579188134858,38.4911793528644,46.7386936747341,56.3168107691253,80.0279121206981,141.825649874405,150.592727154496,197.187681591329
2017-07-11 00:00:00,34.0614429162697,14.3521693439665,20.4002805945057,19.962707542351,88.2983541823094,103.203178239994,119.449391595343,137.287995763378
2017-07-12 00:00:00,99.9351821220332,99.9221828586431,124.526069925006,127.930681495339,91.096066520686,138.813282370104,141.915215757472,170.802626725841
2017-07-13 00:00:00,45.8692033625615,40.1494892326392,38.1117346934056,55.0341405622685,185.139701102765,159.067244027392,147.069118503199,206.402178580205
2017-07-14 00:00:00,50.0233106637241,55.8342358047193,51.3589995252313,76.4417039456682,85.1967944088548,74.559731837073,72.0675709962289,97.1150204804332
2017-07-15 00:00:00,43.7845497161931,30.9501151364855,28.0770473429356,39.2848988813519,105.043122367624,170.878055586622,169.9027241628,208.412563440561
2017-07-16 00:00:00,61.9492055512268,81.9645594193437,74.3928525765084,124.801435990751,74.5288635258967,139.366131806383,183.537311343496,201.294309547614
2017-07-17 00:00:00,58.6044816850506,47.3737592035254,44.7663682177386,65.7278428074672,84.8780886128616,115.066093294329,123.007823481969,151.707503891833
2017-07-18 00:00:00,106.666097553581,88.983449932592,83.3573695659622,104.859666562738,219.140460834277,391.085728067346,415.232203019601,440.766723240319
2017-07-19 00:00:00,54.131556982768,49.9610914293216,46.6901337096219,69.1238359692555,98.5629572191029,176.671450289223,158.906979829681,234.916222681582
2017-07-20 00:00:00,50.1964866986522,74.9457132342598,65.8826783690703,101.125233283168,56.0796605000078,73.2214297903866,73.231037650992,93.5259871691554
2017-07-21 00:00:00,57.169497901399,43.426627848115,39.0159961241499,48.8936337371781,71.6015612585056,117.574961743077,109.534959443765,125.939898775865
2017-07-22 00:00:00,28.5551411192564,61.900230272971,56.1540946858712,87.5492032212985,65.4042082666337,109.361955575438,110.494455974322,148.627930956469
2017-07-23 00:00:00,56.4830991790597,44.134762764262,43.7889264137239,48.5338917741811,50.2636521453722,76.017890076209,63.4616055268218,79.2977583066358
2017-07-24 00:00:00,70.1332321804704,74.0214987555085,68.7528540342912,72.6412896881307,55.7770296598805,56.1950688181604,56.120101305099,52.4049176801622
2017-07-25 00:00:00,48.4031030915411,45.9269419006926,49.4921987312938,53.7478691347161,126.828545098226,206.406356479988,196.537858288284,231.022558388029
2017-07-26 00:00:00,78.282559328926,55.2201536850396,51.9416973640037,69.6588501795439,77.6556632635356,100.955114450985,119.024473026045,122.393326103009
2017-07-27 00:00:00,92.6038633923411,53.5326523101856,64.951396485432,63.3269562634323,106.781819308234,133.818475134155,138.118283623323,149.853636503437
2017-07-28 00:00:00,66.3574529212667,43.426627848115,42.2056424225669,45.5940633622765,99.6983764358939,143.384099686679,145.366014484882,143.220594148822
2017-07-29 00:00:00,41.880873641576,43.3301611910797,46.0995787104067,53.1807143534334,105.043122367624,184.548300033552,159.533698473015,217.644723275614
2017-07-30 00:00:00,60.1271700938378,75.6595933101634,79.0185880474628,81.9009423689306,128.258974439915,253.392966920697,300.349104221624,260.195769443649
2017-07-31 00:00:00,49.9579188134858,50.3346191537458,53.9313323991356,68.0752657648767,72.7526473824528,139.149694216397,169.095427742634,178.835189266276
2017-08-01 00:00:00,51.988518135359,37.3156402943128,32.4470840741071,55.5453581792434,123.617695855233,236.280960707355,253.003800717078,336.374604578138
2017-08-02 00:00:00,51.6331774297172,52.5906225571806,47.7182411959741,64.909925484193,77.6556632635356,138.813282370104,151.263804064285,164.658647347214
2017-08-03 00:00:00,122.029390077758,56.2092849256948,49.9999909556066,66.951878587477,85.2718125411077,138.868228912802,147.784613487607,156.580963060845
2017-08-04 00:00:00,95.9630857630626,49.6304318264171,43.8417446815081,67.4089100049984,78.8523522720252,77.4274138308065,88.6722405870811,100.049815055391
2017-08-05 00:00:00,39.9771975669589,12.3800460545942,12.9952733797388,15.1944898152667,59.4583711514852,88.8565889050434,95.5425162781984,104.79190379937
2017-08-06 00:00:00,47.3729218921146,37.8297966550817,30.6039261627844,41.9332824928925,62.3962578356345,76.017890076209,71.843627609786,79.9321403730889
2017-08-07 00:00:00,50.9186480214374,29.6085995022034,32.7290209378488,40.3836322334014,71.1359218850649,88.3065367142521,89.7130921044256,114.453355320839
2017-08-08 00:00:00,45.7140418086777,40.1860741631061,36.896472829478,59.2979208388444,105.958025018771,190.111117810515,188.932615971646,268.292788059325
2017-08-09 00:00:00,34.1445205583613,23.6657801507313,22.5995345696847,24.3120708924328,73.1755288444854,83.2879694220624,76.8586772143738,82.2307256811834
2017-08-10 00:00:00,51.9274000330885,26.7663261550928,25.0315275801039,42.0260709748233,149.801832842487,189.365766699276,181.004940062906,281.457516245734
2017-08-11 00:00:00,58.1903817924954,43.426627848115,42.4303037095262,53.4664196262667,97.885678682514,146.251781680412,152.013466964019,171.308316425778
2017-08-12 00:00:00,62.821310462364,111.420414491348,116.481190538658,126.311445868896,99.0972852524753,136.702444469298,125.085793773201,148.91157204608
2017-08-13 00:00:00,54.6610637216707,56.7446949826226,60.7329334360592,64.446643175552,46.7971933767259,31.6741208650871,31.7308027634109,34.124035336872
2017-08-14 00:00:00,38.429168318066,38.4911793528644,38.3531613870049,44.5672603208905,42.0348629320838,50.8431575021451,51.8438968857462,55.9416661498409
2017-08-15 00:00:00,44.8176880477233,45.9269419006926,47.9693994914548,56.0679210398118,49.7681632663926,78.7603202357849,83.6678861704646,91.9585249925846
2017-08-16 00:00:00,41.6396592175138,28.9248424064493,27.8295562026718,36.2216336004858,46.2947223301847,70.6685801156893,69.6046531484296,85.049960912456
2017-08-17 00:00:00,74.4292733807601,91.0055089273154,84.5542224273757,123.761815311684,80.6625253767235,126.243844466184,115.082214322935,162.521400456854
2017-08-18 00:00:00,46.9606589904349,58.9361377938703,51.0803675175453,67.2403877299859,76.1333056419554,103.236551774409,116.538786025828,112.055792862038
2017-08-19 00:00:00,24.7477889700222,30.9501151364855,35.1908059141259,32.3685434444942,85.2236653171287,102.526833351973,88.629832485008,103.032126433291
2017-08-20 00:00:00,173.093368451957,138.709254401966,140.226440373032,145.601675322543,74.5288635258967,63.3482417301742,61.2666933553157,63.0777622893694
2017-08-21 00:00:00,33.6255222783077,23.6868796017627,24.7160041007638,23.6783533095223,50.9268531677169,53.5191131601528,46.2023408342303,50.8394350756972
2017-08-22 00:00:00,27.7869665895884,22.9634709503463,22.2469437768542,28.0339605199059,46.5573140233995,62.4650815663121,58.5767238691085,72.9326232699809
2017-08-23 00:00:00,82.4465252506774,70.9973404521938,70.8385353453335,92.9797520389986,49.2814786095514,45.4298015029431,53.5223868978151,57.1791721946882
2017-08-24 00:00:00,72.6983600463238,64.2391827722227,53.3601027513582,83.4201709575439,49.1657297534315,83.3209373476813,90.2477308001188,102.425141250327
2017-08-25 00:00:00,38.7935878616636,43.426627848115,38.0145628174527,61.4201018847196,35.3476061909079,54.4859578809379,55.4783506259221,73.3147405089093
2017-08-26 00:00:00,41.880873641576,43.3301611910797,48.7666130575401,48.7489881573139,23.7833484605941,47.8458555642541,87.8090428682345,51.724208926612
2017-08-27 00:00:00,72.8814182955609,94.5744916377043,108.639898253418,122.468698869429,39.8642758394331,69.6830659031916,77.1320947370212,85.5971129384714
2017-08-28 00:00:00,35.546980694211,32.5694594524237,26.2525765858793,37.4413961706822,36.3763236912264,42.8152905281222,42.3227979821263,46.7722802696414
2017-08-29 00:00:00,43.9213342867688,40.1860741631061,32.4470840741071,47.3559784476882,35.3193416729238,21.7269848926303,22.8448479977134,24.4870401800177
2017-08-30 00:00:00,46.6364183236155,23.6657801507313,25.4625071391714,31.231660300279,29.1208737238258,25.2387786127462,28.603168515927,32.0105622115562
2017-08-31 00:00:00,28.5600700181987,29.4429587706021,42.0581682003987,33.9010305863574,38.4107263698683,40.3980302291788,53.70846546468,44.0324647637771
2017-09-01 00:00:00,60.2321495746883,55.8342358047193,59.5057700386051,66.3556457861703,38.0666528209777,20.073773956135,20.6388770462017,22.6964858227508
2017-09-02 00:00:00,47.5919018654273,24.7600921091884,31.0178047472099,29.1830677404328,55.4944797413861,68.3512222346488,66.8973726971449,77.4103807064941
2017-09-03 00:00:00,69.2373473807829,69.3546272009831,103.072107858481,81.4382251804056,62.3962578356345,63.3482417301742,65.8912945391976,70.5615645948878
2017-09-04 00:00:00,68.2117737645671,50.3346191537458,50.028068040603,61.8393635574071,59.0104806546561,50.8431575021451,46.6877015735261,59.3579511055564
2017-09-05 00:00:00,77.9827772030385,80.3721483262121,66.1955309347254,110.882290999465,91.5092034253025,103.203178239994,100.741905646443,136.171833196196
2017-09-06 00:00:00,41.6396592175138,31.5543735343084,29.5090042404082,49.6650255539605,65.7086381460686,90.8596030058862,108.805239109889,137.439845091819
2017-09-07 00:00:00,55.389226701961,58.8859175412041,49.120113736826,75.3356235252387,50.7021588082262,60.5970453437682,66.1803341987659,73.3874412729618
2017-09-08 00:00:00,37.7727039705672,34.1209218806618,35.6016885387736,41.7092630655928,59.8190258615364,83.1627778182737,95.2951914070169,96.7148212202116
2017-09-09 00:00:00,49.4955779400444,43.3301611910797,49.3041033704394,54.0745078719785,93.1514481373267,150.372688916227,164.998096957989,180.320651528069
2017-09-10 00:00:00,36.4407091477805,31.5248305459014,30.6039261627844,36.4004188306358,41.5975052237563,50.6785933841393,47.5962041451163,55.5084308146451
2017-09-11 00:00:00,42.2720851498726,26.6477395519831,36.1470590514875,30.2024066421636,48.5017649216352,61.5469801341757,66.1489710951647,66.288178903277
2017-09-12 00:00:00,52.8848718963135,31.5747725567262,24.4716381545397,38.2713621740501,122.814983544485,138.509528690518,133.046542612321,160.565020608973
2017-09-13 00:00:00,39.9740728488133,23.6657801507313,20.2324855061843,30.7584533260324,86.6159321016358,85.811847283337,80.595862817004,107.186882556878
2017-09-14 00:00:00,52.7928567003066,21.4130609240742,27.2056563423797,25.8621975229682,69.9075219931604,93.420444904976,94.9977500944598,106.809518985561
2017-09-15 00:00:00,46.9606589904349,18.6114119349064,14.4772456720745,26.5422583144681,63.4444213682962,80.2950958245401,80.3361054347261,108.943131949204
2017-09-16 00:00:00,36.1698454177247,43.3301611910797,35.1908059141259,62.4744314249072,53.5125340363366,88.8565889050434,82.7211769860075,123.105052036153
2017-09-17 00:00:00,60.1271700938378,56.7446949826226,84.9723312727163,77.8464402714588,41.5975052237563,44.3437692111219,40.1128248463751,57.7067845102746
2017-09-18 00:00:00,56.6830232691473,32.5694594524237,29.8442454784924,51.8989649890644,45.2683139268595,40.1393348701146,35.2900818557308,60.7808097563409
2017-09-19 00:00:00,43.9213342867688,28.7043386879329,24.8496693498766,37.1824476361347,61.0061356168683,92.3396857936788,90.2342771069946,114.397470153976
2017-09-20 00:00:00,39.9740728488133,36.8134357900264,29.5090042404082,40.2276162395668,64.2152600063852,113.574503757358,112.872252152827,119.275024801022
2017-09-21 00:00:00,39.8110066920345,24.0896935395835,27.362537168575,33.28464821206,52.2385878630209,88.3706911263287,84.3901617451394,115.585220004915
2017-09-22 00:00:00,64.3156851390739,37.2228238698129,37.0131295107555,49.7667343396277,77.0396545186453,129.045689718011,153.569571833959,164.144227825251
2017-09-23 00:00:00,91.3764515816204,24.7600921091884,31.7819635128915,33.126725543194,156.573710698911,225.559033374341,200.894286966018,289.975101781624
2017-09-24 00:00:00,89.2797374120622,56.7446949826226,57.7492419060479,75.6008698790129,135.191891977208,190.044725190522,164.841123728513,240.180710255676
2017-09-25 00:00:00,49.9579188134858,41.4520393030848,58.5783439683348,48.3433046736081,78.4111866233102,77.6027140822215,95.4484335668813,86.003377669721
2017-09-26 00:00:00,62.7447632668126,66.0199789822457,62.4623338020694,109.834034046739,54.5844371308822,57.0333353431546,68.0105079279271,90.7460900788892
2017-09-27 00:00:00,47.4692115079658,42.0724980457445,39.4368635260164,55.0991123194066,61.2285037270184,70.6685801156893,68.2362514311212,88.945378969515
2017-09-28 00:00:00,47.6001166969977,26.7663261550928,27.9201686641646,37.5842911156956,51.4703733356236,50.4975377864735,49.258182228216,67.1226597008797
2017-09-29 00:00:00,29.6056328417959,18.6114119349064,21.2510401546304,25.2783412518744,62.5380724916062,60.2213218684051,61.916631138605,77.8165228208599
2017-09-30 00:00:00,43.7845497161931,37.1401381637826,33.1043053306679,47.1418786576223,41.6208598060396,34.1756111173244,32.9996193915978,41.6825126881122
2017-10-01 00:00:00,54.6610637216707,31.5248305459014,30.6039261627844,41.208021317701,24.2652113805245,50.6785933841393,51.5884018850685,62.8397329977114
2017-10-02 00:00:00,57.6437524770989,29.6085995022034,27.1930892319195,38.742021167003,48.5017649216352,34.7874235540993,31.8309775999148,43.2548526883879
2017-10-03 00:00:00,60.9520557449037,34.4452064255195,31.5237524829328,51.2726383193016,49.7681632663926,67.8968277894697,73.2957904943437,96.6593691316489
2017-10-04 00:00:00,58.2955229045194,28.9248424064493,22.2557340568027,35.4454557376183,61.9751927968601,50.4775572254923,42.5648689969518,59.4481869643187
2017-10-05 00:00:00,77.8911000496327,48.179387079167,46.1202420107792,66.56929642412,46.092871643842,45.4477840078262,38.9693169717681,59.4438274310991
2017-10-06 00:00:00,54.1068462281098,49.6304318264171,50.3575662185341,64.3448686411348,93.3539342990643,80.2950958245401,86.472600535928,99.0392108629126
2017-10-07 00:00:00,62.821310462364,55.710207245674,51.1268366981389,64.1348814295559,61.4403168565347,95.6917111285083,93.090202675793,105.854195012601
2017-10-08 00:00:00,54.6610637216707,31.5248305459014,25.5032718023204,37.0173750820025,32.9313583021404,31.6741208650871,29.5358905919048,35.2807822974439
2017-10-09 00:00:00,60.5259401009539,26.6477395519831,27.4860562832492,38.6373130016868,34.7595981938385,26.7595565800764,24.3778228772312,36.8700407530957
2017-10-10 00:00:00,116.525988924081,57.4086773758658,62.3535248888646,64.0907978991269,106.76073732952,84.1920664589425,93.9671530175,89.8932132924335
2017-10-11 00:00:00,163.227464132654,76.2564027079119,78.8737270520327,109.021629011159,112.003360476253,88.3357251446116,84.4523905173068,121.373381718817
2017-10-12 00:00:00,72.6983600463238,58.8859175412041,68.188093619377,80.0811746134427,70.6757365205577,103.519952462271,140.574056153408,133.267548374621
2017-10-13 00:00:00,44.9188912082421,21.7133139240575,16.8901199507536,29.0305950314495,63.4444213682962,83.1627778182737,82.5340323002293,105.781835709606
2017-10-14 00:00:00,64.7249865369811,55.710207245674,48.1860792938647,80.3242689748806,114.952850892871,259.734644491665,309.046496853747,359.845536721062
2017-10-15 00:00:00,60.1271700938378,18.9148983275409,15.3019630813922,26.4730318768261,57.1965696826649,101.357186768279,87.7090289914915,134.565892883988
2017-10-16 00:00:00,45.1542727737275,17.765159701322,13.5965446159598,21.660311834279,104.278794581516,88.3065367142521,79.844917105313,102.314363089841
2017-10-17 00:00:00,82.4645460078108,51.6678096382792,48.0199447179051,67.443239635389,85.8902172500646,119.498416909467,123.07794429375,149.18258325057
2017-10-18 00:00:00,56.6299365358188,28.9248424064493,24.6227831203032,37.3110060395982,55.2549911682849,58.0491908093162,58.6001554641544,71.9635947462805
2017-10-19 00:00:00,44.1382900281252,26.7663261550928,24.560056868413,33.4990420813809,65.2982348287762,45.4477840078262,44.033215368359,53.8440465861404
2017-10-20 00:00:00,63.2948012479775,46.5285298372661,47.2560522668844,78.0654656307886,57.0999792314665,57.3536398746715,69.5373624283402,91.5488503774822
2017-10-21 00:00:00,53.3029300892786,24.7600921091884,42.9285543416572,35.699675099947,45.5847512161386,41.0107333407893,38.9082748905984,56.8177163243782
2017-10-22 00:00:00,85.6356664972841,37.8297966550817,59.7503174792304,55.1753717011743,36.3978170707868,12.6696483460348,10.5769342544703,17.5289781519932
2017-10-23 00:00:00,63.4081277248089,38.4911793528644,36.2059665535908,51.6237432050315,50.9268531677169,26.7595565800764,25.9862147615883,34.1047876966135
2017-10-24 00:00:00,62.7447632668126,57.4086773758658,49.6993386997531,65.3812166487738,105.155312708023,108.634924463152,103.543268180245,118.326637111495
2017-10-25 00:00:00,64.1250751949713,36.8134357900264,32.1835933424109,43.5567982731861,53.7616130286016,65.62082439314,59.9182108681794,74.6177243276276
2017-10-26 00:00:00,50.1964866986522,24.0896935395835,21.8824308655572,35.5605215940812,59.1525186095972,32.8233995612078,35.6459362505763,45.8671507956011
2017-10-27 00:00:00,63.2948012479775,46.5285298372661,50.615539164064,53.4407885526204,67.0698168750559,54.4859578809379,50.8940463217371,59.5374738360942
2017-10-28 00:00:00,57.1102822385127,18.5700690818913,20.1090319509291,25.7738308548683,45.5847512161386,47.8458555642541,41.3605884930037,63.8093044702129
2017-10-29 00:00:00,76.525489210339,50.4397288734423,43.7889264137239,67.8532079173018,107.460221828037,285.067087785784,258.642483210161,363.768842717334
2017-10-30 00:00:00,56.6830232691473,20.7260196515424,15.8626353852864,32.7028237497937,68.7108336389832,74.9267584242139,66.5469995443028,112.345183000609
2017-10-31 00:00:00,38.543211721042,22.9634709503463,21.7016433810169,29.2986504681723,65.0196971706097,73.3285740126273,65.5248197669249,89.4789588532979
2017-11-01 00:00:00,35.8101069270619,26.2953112785903,37.2295526495624,38.5576053089864,47.0414114000264,53.001435086767,50.3290946846246,74.6913118269645
2017-11-02 00:00:00,51.0619433658703,13.3831630775464,13.0802071133017,18.0580773719944,46.092871643842,27.7736457825604,23.0650175739024,35.4753744434727
2017-11-03 00:00:00,44.9188912082421,21.7133139240575,23.5373171453782,34.4066311483846,49.849188217947,22.9414559498686,26.8533157484027,34.5851212537155
2017-11-04 00:00:00,34.2661693431076,12.3800460545942,12.9952733797388,15.7139595525408,71.3500453817822,68.3512222346488,68.4515523856011,83.3650253762244
2017-11-05 00:00:00,49.1949573495036,50.4397288734423,48.889580774188,58.7300875250595,88.3946986004822,158.370604325435,152.873140665459,174.921525676403
2017-11-06 00:00:00,59.5652108930022,29.6085995022034,28.5186673552059,36.9400666941192,35.5679609425325,24.0836009220688,19.6420661612993,28.5528455134439
2017-11-07 00:00:00,40.3359192429509,37.3156402943128,35.0498096471294,52.7680902702812,46.5573140233995,48.8857160084182,48.8683149702477,66.1150084860479
2017-11-08 00:00:00,69.121834301073,44.7020291736035,50.9702699236331,42.8441770723877,93.336133730211,128.717770925006,136.627238785714,118.5642611523
2017-11-09 00:00:00,79.622013384069,40.1494892326392,48.7117072297362,48.4916203555653,86.0400270685051,116.144336908889,137.018625967328,132.790212792859
2017-11-10 00:00:00,83.7124790699057,43.426627848115,60.0561613138253,47.3365116436374,100.604725312584,86.0304598120072,82.1469960670719,89.2163955907948
2017-11-11 00:00:00,47.5919018654273,37.1401381637826,30.1635479263936,38.0386193306331,71.3500453817822,75.1863444581137,68.4515523856011,73.9936466615178
2017-11-12 00:00:00,92.9238083268402,63.0496610918029,51.0065436046407,84.0009665322366,64.1294872199577,95.0223625952612,125.006303290758,120.090355127838
2017-11-13 00:00:00,65.3295861407121,44.4128992533051,54.0048024104623,70.0774794638437,206.940863665643,171.261162112489,156.181144483054,256.788989715678
2017-11-14 00:00:00,66.3301783106304,40.1860741631061,51.9517735746423,50.890006690053,89.1010664930577,103.203178239994,112.778677446715,124.993548381583
2017-11-15 00:00:00,66.6234547480221,52.5906225571806,52.7598793614772,52.1530615162013,72.4288397746438,73.1924579769639,72.8449251450321,69.7571211199809
2017-11-16 00:00:00,55.389226701961,32.1195913861113,31.2802804599163,36.0223465498485,76.0532382123393,88.3706911263287,89.2453517726683,93.8191720819114
2017-11-17 00:00:00,60.2321495746883,43.426627848115,59.1497330940471,48.5740675036018,79.7587011487151,94.633505793208,104.707404524796,100.703735415231
2017-11-18 00:00:00,79.9543951339178,80.4702993548624,84.2311420288068,87.2296805818047,83.2417196120792,82.0214666815785,70.9038659880064,85.4339384147584
2017-11-19 00:00:00,67.4153119233939,81.9645594193437,72.2758897460556,81.7045372313552,121.326056902623,158.370604325435,145.389761366717,149.752960830877
2017-11-20 00:00:00,109.523129706488,65.1389189048475,91.383726302327,85.9310731786149,139.846755524048,115.066093294329,97.6753845954444,144.246479110267
2017-11-21 00:00:00,98.5989137049912,74.6312805886255,86.7268319881497,106.423039200567,118.801421990744,141.225401802097,144.659819091821,192.603946289887
2017-11-22 00:00:00,114.925459440338,42.0724980457445,56.7019105388533,57.7438697107381,65.7086381460686,53.001435086767,75.9055661392392,69.9110678700388
2017-11-23 00:00:00,68.3710767102331,24.0896935395835,19.0799505653952,25.5250369724387,66.8346638835709,108.569706240918,99.030321190085,108.899308944157
2017-11-24 00:00:00,89.8377824164842,49.6304318264171,47.031390979925,56.2484944412569,77.0396545186453,83.1627778182737,85.6904343253053,89.6693706677459
2017-11-25 00:00:00,83.761747283152,55.710207245674,79.78441780475,59.0957121743765,99.0972852524753,129.867322245833,172.11870296117,132.371751008105
2017-11-26 00:00:00,89.2797374120622,44.134762764262,38.6882720532599,51.8243251148036,64.1294872199577,114.026835114314,145.78845895077,127.010816270798
2017-11-27 00:00:00,89.3478163395034,62.1780589546271,56.6007834775304,67.1615038083012,79.2195493720041,88.3065367142521,105.795571417812,90.6409122675098
2017-11-28 00:00:00,52.8848718963135,63.1495451134524,98.5937919588497,69.1353639273163,66.6251217921062,76.0444471242061,89.2509360029945,79.6223758111544
2017-11-29 00:00:00,61.6266956419205,70.9973404521938,59.3618089936985,74.2704116896879,72.4288397746438,95.9073587284354,90.6556861019541,96.4220593445657
2017-11-30 00:00:00,54.5237700347429,48.179387079167,71.758658219365,57.3873245035517,60.688947664392,70.6965529010629,86.2917478838046,79.7139448309757
2017-12-01 00:00:00,76.5662918322308,120.974177576892,108.807932229715,138.946050236813,193.052310734958,332.651111273095,331.912065662847,363.491945525627
2017-12-02 00:00:00,98.9911558800887,129.990483573239,152.10335720892,137.889995073545,95.1333938423762,150.372688916227,141.807731976013,153.272553798858
2017-12-03 00:00:00,89.2797374120622,81.9645594193437,109.622514210247,112.444858169885,102.260533675068,183.709901017505,199.957840790514,239.070964399709
2017-12-04 00:00:00,97.9943792110682,76.9823587057288,74.3996193344019,94.5778501466226,65.4773826442075,74.9267584242139,72.5594087203507,87.4748753134515
2017-12-05 00:00:00,68.1228858325394,77.5017144574188,91.9179866493259,132.842744736372,57.7952863738752,67.8968277894697,66.7475347282846,111.30472809099
2017-12-06 00:00:00,74.1185934071746,52.5906225571806,57.8593200227547,66.3417620757561,74.6689069841688,65.62082439314,65.1177577549419,79.5556619669559
2017-12-07 00:00:00,73.563816713542,53.5326523101856,58.8282383715318,66.9980841627617,61.4571621917894,85.845814237005,81.3855041168201,101.705421329376
2017-12-08 00:00:00,80.6498273966165,74.4456477396257,73.5181873571982,71.9790055985576,69.7888635051258,68.8243678496058,61.916631138605,63.3083575491742
2017-12-09 00:00:00,64.7249865369811,80.4702993548624,81.2903846245325,101.275137624638,87.2056110221782,102.526833351973,111.820197466984,123.987813165486
2017-12-10 00:00:00,58.3051346364488,88.269525528524,81.1355508779155,110.185051595438,91.8611573691285,190.044725190522,201.860393619159,225.034178978291
2017-12-11 00:00:00,88.3870871315517,56.2563390541864,52.2941588099296,69.114582799455,71.1359218850649,85.6305810562445,76.1826060626864,99.971286072516
2017-12-12 00:00:00,67.2265320715849,57.4086773758658,64.3316408226163,62.8503308430148,71.4413956565958,100.487305128415,89.6836773971028,105.215282321883
2017-12-13 00:00:00,64.1250751949713,57.8496848128987,58.3337015073462,53.9387369920278,59.7351255873351,47.9536793642177,41.706668901372,42.9707003600782
2017-12-14 00:00:00,70.9674467118876,40.1494892326392,38.8803812702002,40.0826688488199,87.5764561232998,113.619460019565,110.103534843314,107.376855908777
2017-12-15 00:00:00,89.8377824164842,77.5475497287768,95.254714927466,80.4310858014186,125.982493859902,154.854827661613,170.744678455353,152.803353902779
2017-12-16 00:00:00,72.3396908354495,61.900230272971,50.2725798773227,58.1814325204832,67.3861539716832,116.197077798903,152.30892136725,104.944959160323
2017-12-17 00:00:00,61.9492055512268,94.5744916377043,92.9789035397868,81.9009423689306,72.7956341415735,101.357186768279,87.7090289914915,83.2626462219676
2017-12-18 00:00:00,87.4263579236001,79.9432186559491,83.0789169344621,86.9339542537953,50.118490419023,50.8431575021451,56.6445757446858,52.5398080731614
2017-12-19 00:00:00,64.5374707887215,57.4086773758658,63.3520571746789,62.4474441068416,69.8359710350993,73.3285740126273,67.3894291092812,76.2865482531322
2017-12-20 00:00:00,106.597527596835,92.033589475066,80.0209911094032,83.101786179105,65.7086381460686,90.8596030058862,97.2809952031477,78.8470690263596
2017-12-21 00:00:00,60.5819667052699,34.7962240016206,49.8264012495508,38.2785232445842,57.6160895548025,73.2214297903866,88.6073428352711,76.2504863544707
2017-12-22 00:00:00,86.7751307431949,52.7323338155682,51.6169724707612,53.7164751602331,89.7285387923045,97.5011877869415,101.155738715258,94.4914919967584
2017-12-23 00:00:00,68.5323386862153,80.4702993548624,74.1766260533423,65.3030942060505,55.4944797413861,88.8565889050434,89.6338607791978,69.2886358454849
2017-12-24 00:00:00,58.3051346364488,88.269525528524,77.3765441065197,77.9015332935901,25.9984407648477,50.6785933841393,45.4012919736103,42.4268261003657
2017-12-25 00:00:00,17.2931257431297,11.8434398008814,9.0643630773065,12.8791043338956,16.1672549738784,24.0836009220688,24.3778228772312,24.8872775083396
2017-12-26 00:00:00,25.097905306725,14.3521693439665,17.3689785996962,16.7962091045988,43.3464647804064,65.1809546778909,57.8535721848186,72.9544921225356
2017-12-27 00:00:00,35.8101069270619,31.5543735343084,43.648491261151,33.2115815054092,30.6142518635092,50.4775572254923,55.1302967842524,51.0597924846909
2017-12-28 00:00:00,51.9274000330885,48.179387079167,47.5257241962604,48.0992026185838,35.3378682602789,42.9229071185025,45.4208447733713,40.5645900099825
2017-12-29 00:00:00,61.2530334657847,46.5285298372661,37.6045551521681,47.6807035589248,51.6618859713269,25.8091379436022,24.0407305733344,25.1622289360864
2017-12-30 00:00:00,51.3992540146615,37.1401381637826,40.2180639018581,38.0386193306331,39.6389141009901,27.3404888938595,23.6346219960021,26.9067806041883
2017-12-31 00:00:00,52.8390282642817,37.8297966550817,64.8509718396945,31.38718749468,45.0639639924027,69.6830659031916,79.2068525308282,54.8436591881224
2018-01-01 00:00:00,24.0182301987912,20.7260196515424,20.7798824011859,14.9582422532689,17.7839804712662,29.435512238084,28.3718733440989,20.187587336112
2018-01-02 00:00:00,63.6411170277671,51.6678096382792,58.9161539666526,56.5652977587133,51.3735878878891,65.1809546778909,64.0016571475721,68.2477506952752
2018-01-03 00:00:00,49.9675910610166,52.5906225571806,46.3825936711197,56.3904977643927,41.8145879111345,60.5730686705908,50.8359297764817,62.4205963125346
2018-01-04 00:00:00,64.0437933741424,48.179387079167,42.7601302150275,49.8273176827246,68.3710929383657,136.343352023479,158.647270272669,133.481648423127
2018-01-05 00:00:00,55.1277301192062,34.1209218806618,40.2460191200039,26.7857652714816,53.4745837247068,65.9566858558722,60.5103385510709,49.2600006847645
2018-01-06 00:00:00,55.2066061638956,43.3301611910797,41.8364794883561,43.7746016106492,61.4403168565347,54.680977787719,82.1710255917411,53.0814039130245
2018-01-07 00:00:00,80.169560125117,94.5744916377043,88.7121997010718,86.7824554902576,41.5975052237563,76.017890076209,79.561783749397,66.1689903750736
2018-01-08 00:00:00,76.8583366361319,62.1780589546271,63.7841212627565,63.3358485280815,54.9686669111865,58.8710244761681,63.4587484130189,56.9852148854808
2018-01-09 00:00:00,59.1593482229947,63.1495451134524,69.1364169351257,59.2043171753261,76.2576695210854,84.1920664589425,81.5394301826053,75.4904332621541
2018-01-10 00:00:00,54.131556982768,49.9610914293216,55.4707289378596,46.5834546749331,67.9487053555936,65.62082439314,75.6939289465261,58.8020110190544
2018-01-11 00:00:00,57.9855967036154,34.7962240016206,37.8056288787103,30.8191187148704,57.6160895548025,50.4975377864735,43.1629565306595,42.3389084267087
2018-01-12 00:00:00,54.1068462281098,52.7323338155682,48.0760675974537,44.0213064727764,67.0698168750559,68.8243678496058,73.2500217732811,54.661362371726
2018-01-13 00:00:00,59.0139583131298,99.0403684367537,95.049816769953,86.0132522875915,49.5486426262376,61.5161000111839,81.2728916777919,51.3353051000961
2018-01-14 00:00:00,71.0593828381719,69.3546272009831,85.7285081710604,63.2217800742622,50.2636521453722,82.3527142492264,77.1320947370212,71.2114737424723
2018-01-15 00:00:00,51.879377229389,53.2954791039661,82.758106555056,45.8688956490613,37.9930491886142,34.7874235540993,30.5543251397988,28.4510528378166
2018-01-16 00:00:00,82.4645460078108,77.5017144574188,92.6883455248682,73.0635096050047,151.712626731423,108.634924463152,108.075661047228,97.9481607200709
2018-01-17 00:00:00,69.9546274854232,55.2201536850396,57.084580267846,51.7683258164916,80.6424195429023,103.478992312259,102.927676037532,93.2329489549698
2018-01-18 00:00:00,74.4292733807601,69.5924480032412,70.1226673836025,62.9290905696306,66.8346638835709,73.2214297903866,78.9699612445019,62.6771013489628
2018-01-19 00:00:00,91.879550198677,102.362765641985,102.160735035091,88.4741943815604,75.2269567652654,83.1627778182737,98.3316183925671,68.384217024392
2018-01-20 00:00:00,68.5323386862153,68.0902533002682,106.576222132885,58.4504796072831,208.104299030198,246.064400044736,225.53293725621,202.967333459339
2018-01-21 00:00:00,56.4830991790597,81.9645594193437,82.4771984669838,72.8008376612717,98.7940749064213,164.705428498453,166.91588152232,138.771077036613
2018-01-22 00:00:00,103.758754458778,50.3346191537458,56.0192861476785,43.0901948192571,75.9860983772284,82.9546253982368,74.3710073915185,67.483941612448
2018-01-23 00:00:00,78.879130963993,45.9269419006926,58.0791237942984,43.7833765423249,67.4278341028545,78.7603202357849,85.8229058030025,71.8103088425239
2018-01-24 00:00:00,77.4497661445757,81.5154649636299,77.1812770745336,75.5937483544291,63.4685709365435,75.7163358382385,75.9164390377994,67.4817257432807
2018-01-25 00:00:00,83.0838400529415,37.4728566171299,51.9605883835019,43.1467662008185,66.8346638835709,60.5970453437682,78.370785593879,66.0486971456656
2018-01-26 00:00:00,101.067505218545,68.2418437613236,57.6843214013385,76.8328530155656,60.7253747382263,63.0890038621387,66.5645765728915,67.5775066602204
2018-01-27 00:00:00,62.821310462364,61.900230272971,68.7348095120993,57.4541646139771,35.6750226908911,47.8458555642541,55.0800616991438,42.6724723644549
2018-01-28 00:00:00,67.4153119233939,56.7446949826226,48.889580774188,54.6006282459538,57.1965696826649,50.6785933841393,42.3077370178812,46.2570256788709
2018-01-29 00:00:00,69.1725029725187,62.1780589546271,60.6290036030249,55.5948003746493,67.0941081415953,93.6584480302674,92.533214305891,79.5778379587649
2018-01-30 00:00:00,96.8062061830823,71.7608467198322,59.6381717757192,83.4058328824255,102.747175775778,154.804767359991,206.194353765899,172.080159073275
2018-01-31 00:00:00,77.4497661445757,49.9610914293216,54.0332242308753,44.4111692237704,60.4818146571768,60.5730686705908,69.7335080608791,51.7476446114277
2018-02-01 00:00:00,62.3128800397061,45.5027544636577,39.7602584889808,48.5115757548886,46.8610861712394,47.9726608971499,52.2252608453612,48.4153258398012
2018-02-02 00:00:00,85.7542468520985,127.177981555194,112.589004169545,134.349702579407,219.336428158967,461.696800991106,449.895744905554,464.01704348735
2018-02-03 00:00:00,70.4360147608324,30.9501151364855,25.1362899386613,24.3192231170274,109.007013777723,198.218544480481,214.630393129605,149.660069365889
2018-02-04 00:00:00,74.70345375295,69.3546272009831,68.8172793265347,65.8199354197799,109.19345121236,190.044725190522,161.747568772784,171.087629223221
2018-02-05 00:00:00,112.405317330343,153.964717411458,153.609824749563,137.663315213417,255.442628587279,532.51517594352,535.366542554616,452.456850108406
2018-02-06 00:00:00,93.2207911392644,111.946920882938,128.342607495161,115.130378771523,173.385859121626,271.587311157879,291.320198487907,267.131347418375
2018-02-07 00:00:00,71.6202138541238,49.9610914293216,59.0255999822359,47.6186425565983,117.976873034987,174.147572427949,185.230017559866,159.519301687589
2018-02-08 00:00:00,115.971193407231,107.065304620371,136.124052971122,101.601490268803,130.596469657552,199.465274256571,214.880174473149,179.184308877321
2018-02-09 00:00:00,85.7542468520985,86.85325569623,72.796236025657,75.0690134146573,131.420587120042,220.811513517485,214.909575921625,181.571886582006
2018-02-10 00:00:00,45.6882257908102,37.1401381637826,30.1635479263936,32.8309512079869,97.1153395474257,95.6917111285083,82.7211769860075,81.2808997418188
2018-02-11 00:00:00,91.1017728694512,63.0496610918029,59.9576181946747,56.0006443548244,86.661469216159,158.370604325435,175.297903605284,133.43372791982
2018-02-12 00:00:00,60.5259401009539,35.5303194026441,31.5142764087437,26.230836349769,77.6028238746163,66.898891450191,63.6619551998297,46.9331940779085
2018-02-13 00:00:00,60.9520557449037,51.6678096382792,48.1908359447826,52.8169948951841,68.2305464136027,70.6127009010485,71.1223050197866,69.0357518328211
2018-02-14 00:00:00,75.7841797758752,60.4792159407577,65.3396179218563,52.6692974043059,80.6424195429023,103.478992312259,117.43640034475,86.6072571510633
2018-02-15 00:00:00,49.331030031434,34.7962240016206,31.799917608992,29.7511294524739,51.4703733356236,53.0224146757972,57.933781454341,42.9153044572704
2018-02-16 00:00:00,54.1068462281098,40.3247258589639,34.1902475667918,35.9426414675089,38.9730016976676,43.0152299060036,56.5192166718736,36.4764950722781
2018-02-17 00:00:00,62.821310462364,74.2802763275653,84.2311420288068,63.7641595715815,59.4583711514852,34.1756111173244,32.9996193915978,28.1899074249083
2018-02-18 00:00:00,65.5932764660049,88.269525528524,90.5615443574592,71.9443572181979,62.3962578356345,88.6875384222438,88.6076717757145,68.5692380651498
2018-02-19 00:00:00,68.2117737645671,35.5303194026441,31.1698236017788,29.3247298679469,77.6028238746163,64.2229357921834,77.5819805478464,50.3701479826907
2018-02-20 00:00:00,55.5739331791769,34.4452064255195,40.5212933414136,31.9403320677616,86.6929295608129,81.4761933473637,103.107131369156,72.2568398754621
2018-02-21 00:00:00,56.6299365358188,28.9248424064493,26.6460316709216,22.3529901048043,52.2682348889182,65.62082439314,65.6616511443816,48.7368019257027
2018-02-22 00:00:00,61.447423372488,50.8560196946763,72.9107772318193,46.2286780723056,52.2385878630209,73.2214297903866,73.1168704605069,63.0069808297468
2018-02-23 00:00:00,69.4201045945559,46.5285298372661,50.7774772809853,37.3834624147438,73.4142590118856,71.6920498433394,66.0924233250552,54.8003681837042
2018-02-24 00:00:00,59.0139583131298,49.5201842183769,40.2180639018581,43.2596062975828,75.3139367918812,88.8565889050434,98.758718689603,74.5871785866102
2018-02-25 00:00:00,61.9492055512268,37.8297966550817,39.8226189268838,30.8332959506562,62.3962578356345,88.6875384222438,82.4205618642563,68.5692380651498
2018-02-26 00:00:00,71.093961388422,26.6477395519831,24.9269984625929,24.9345450185304,51.7352159164109,53.5191131601528,62.7438325123789,47.5880758557398
2018-02-27 00:00:00,77.086423442084,66.0199789822457,86.9740748888812,51.6270574781907,65.0196971706097,76.0444471242061,78.1701240629154,56.873125579396
2018-02-28 00:00:00,81.6137320663271,63.1087470686167,60.3569500579646,54.6816948018353,79.8957304730606,83.2879694220624,77.2100422180966,69.3562181250385
2018-03-01 00:00:00,70.1019900446694,80.2989784652783,83.5631145666091,68.656452582632,99.0996740342603,108.569706240918,120.036097995716,87.8741948410774
2018-03-02 00:00:00,80.6498273966165,80.6494517179279,108.339702760423,62.4523725046309,107.855516326103,129.045689718011,158.284157906549,95.0699600073854
2018-03-03 00:00:00,64.7249865369811,68.0902533002682,105.678325579594,49.0870532624271,97.1153395474257,102.526833351973,124.815155550694,71.0221454054727
2018-03-04 00:00:00,120.254340187676,132.404288292786,186.242881418423,110.516934280967,129.992203824239,133.031307633366,133.110320965102,105.332263292851
2018-03-05 00:00:00,84.5441702997451,94.7475184070509,104.115237762093,72.9610503891502,130.146402539721,131.121827242374,119.499902552444,95.9503117971711
2018-03-06 00:00:00,86.0499610516287,43.0565080318993,54.2076200349041,36.5317548025024,114.787860437002,138.509528690518,143.004362736353,112.395514426281
2018-03-07 00:00:00,107.430320781186,102.551713986502,99.2486276638523,76.1637891882706,119.47025117467,164.05206098285,171.364599254105,117.094913717598
2018-03-08 00:00:00,99.5275167300862,128.478365544445,152.738257301036,101.78791502159,95.2586013972735,131.293598244831,135.767489105035,98.4670943685382
2018-03-09 00:00:00,55.1277301192062,43.426627848115,49.8542729238888,34.5666619909352,75.2269567652654,68.8243678496058,71.1108364998898,52.1189734242038
2018-03-10 00:00:00,87.5690994323862,37.1401381637826,36.0450627349422,29.3382968241585,69.3680996767327,75.1863444581137,68.4515523856011,57.0695679038302
2018-03-11 00:00:00,83.8136310398951,81.9645594193437,66.308506686033,62.7454733434165,57.1965696826649,88.6875384222438,96.9896938586788,64.4020468015219
2018-03-12 00:00:00,123.934067825763,124.356117909254,141.453083206207,108.772435515618,67.0941081415953,85.6305810562445,92.3717116040362,71.175209105976
2018-03-13 00:00:00,109.355158836445,109.076487014145,111.198470142689,86.8986968698022,111.577011194009,127.646036244203,134.991668431243,97.2583849403521
2018-03-14 00:00:00,56.6299365358188,42.0724980457445,39.9690475063824,31.6578233063257,91.8427555905277,98.4312365897101,98.7921456477669,71.1813817599079
2018-03-15 00:00:00,52.7928567003066,29.4429587706021,26.6800513756791,29.3939571558012,86.8082415959024,75.7463066797103,70.0176716536107,71.5845706058515
2018-03-16 00:00:00,56.1486140103026,62.0380397830214,65.0927848361385,54.7263058030271,90.6348876689945,63.0890038621387,65.0946428552558,52.9473248059459
2018-03-17 00:00:00,38.0735214923418,12.3800460545942,18.0225313674711,8.39512907601492,93.1514481373267,116.197077798903,103.903485379604,75.7137148279956
2018-03-18 00:00:00,61.9492055512268,56.7446949826226,97.5862192545626,41.6004786635838,116.126368749653,158.370604325435,161.255162748423,110.135775425883
2018-03-19 00:00:00,74.9368782202286,74.0214987555085,78.3718660193902,59.2695099942957,95.3868043458825,96.334403688275,93.9333575890973,73.2998422136171
2018-03-20 00:00:00,57.3666407010858,57.4086773758658,51.9240330774386,46.8355830801312,60.20342330612,62.4650815663121,62.346200792104,48.7386280506122
2018-03-21 00:00:00,53.2987637984177,52.5906225571806,50.7366308108587,39.9224762933754,84.3758648921108,75.7163358382385,76.2678040415221,55.239465763305
2018-03-22 00:00:00,72.6983600463238,85.6522436962969,93.8282289678044,66.9374524123882,139.046829458923,199.465274256571,235.908290038563,147.563548487205
2018-03-23 00:00:00,65.3365690301703,65.1399417721725,65.5576131896198,55.1868737231515,116.919005093003,169.193237630281,162.770584442381,136.371530092002
2018-03-24 00:00:00,49.4955779400444,24.7600921091884,20.1090319509291,22.4211374103325,89.1875567272277,102.526833351973,121.596088280252,89.2107436190694
2018-03-25 00:00:00,89.2797374120622,63.0496610918029,75.2595812760669,56.3619388345329,110.926680596684,133.031307633366,141.277409249066,112.807456171698
2018-03-26 00:00:00,73.976149012277,59.2171990044068,73.8709696756038,50.1607221425408,84.8780886128616,123.093960268351,112.952547165344,99.083383202793
2018-03-27 00:00:00,61.8484095058581,57.4086773758658,56.2830058384002,49.2010165690268,83.4820803178198,108.634924463152,114.801403343138,89.0437824727917
2018-03-28 00:00:00,48.302004692316,44.7020291736035,52.7961398358569,42.8441770723877,75.4155960540105,78.2402136995131,74.5983836337744,72.0684724651238
2018-03-29 00:00:00,57.9855967036154,53.5326523101856,63.1261469207183,51.3651978581173,73.7485946301472,68.1716760117393,67.4545350463079,61.9206535740615
2018-03-30 00:00:00,47.9815428815313,34.1209218806618,39.4260037894346,28.3461011125388,33.534908437528,54.4859578809379,70.6037071579217,43.0635126290196
2018-03-31 00:00:00,53.3029300892786,43.3301611910797,47.2176027869815,35.5517482694223,39.6389141009901,34.1756111173244,39.9123031847882,26.9439446657963
2018-04-01 00:00:00,63.7712410086158,56.7446949826226,64.1915438555802,43.9245277509349,46.7971933767259,82.3527142492264,113.012413088046,60.4700782617642
2018-04-02 00:00:00,66.2903153486638,97.7083783572712,98.1751107891255,85.0020886037109,99.4286180893521,173.937117770497,170.684593606002,143.793158937073
2018-04-03 00:00:00,65.433824549676,60.2791112446591,52.8473646686128,52.7262440448488,99.5363265327851,122.214290021046,130.433363835721,102.239703844404
2018-04-04 00:00:00,85.7776979880785,78.8859338357709,76.9566331326698,72.3728313553703,113.496738615937,199.386351040695,203.409582486955,175.801322947959
2018-04-05 00:00:00,72.6983600463238,50.8560196946763,62.2320154919173,39.5650848366579,79.8943108493262,116.144336908889,112.790160902709,85.5360379701751
2018-04-06 00:00:00,101.067505218545,151.993197468403,176.802978907273,148.636646561022,144.109471393701,240.88528747362,256.105072934647,224.111585724077
2018-04-07 00:00:00,66.6286626115982,105.230391464051,102.253673396278,86.8196265277877,103.061176662574,205.053666703946,206.358685450993,162.561799483638
2018-04-08 00:00:00,60.1271700938378,63.0496610918029,65.8335877965233,44.3456879154954,103.993763059391,139.366131806383,122.533386710631,92.983665831639
2018-04-09 00:00:00,78.7797950520352,65.1389189048475,70.9085515458794,50.8912180960729,130.954765288415,171.261162112489,163.316584804163,127.147946364074
2018-04-10 00:00:00,56.4702869401313,54.5382435070725,61.2008417835172,52.2865040487793,86.6929295608129,111.35079757473,113.934570525113,102.098506513294
2018-04-11 00:00:00,78.282559328926,70.9973404521938,77.3366941199316,60.9017375855441,97.8162681492612,153.956549537752,152.674384481323,126.92187916882
2018-04-12 00:00:00,60.5819667052699,53.5326523101856,56.4540897665998,43.8186522012375,92.9539578150814,138.868228912802,143.708158770833,107.603031487311
2018-04-13 00:00:00,74.524524050038,55.8342358047193,71.4820090852333,46.1604492425533,104.230120819344,106.104233768142,102.196604761209,83.4554012861396
2018-04-14 00:00:00,57.1102822385127,68.0902533002682,58.2405952693292,54.9561574568477,83.2417196120792,129.867322245833,128.542135669796,100.717636636602
2018-04-15 00:00:00,67.4153119233939,81.9645594193437,69.2921982160443,64.5280151997635,123.059286286946,126.696483460348,108.862897500432,94.6166434340541
2018-04-16 00:00:00,71.093961388422,53.2954791039661,77.739170330318,46.8714944610627,76.7944611259224,72.2508027662063,67.8236520044188,60.3822470694141
2018-04-17 00:00:00,60.9520557449037,40.1860741631061,42.3679565237621,31.5706522984588,79.4685187640785,97.7714320168364,106.348610667988,73.4611205400532
2018-04-18 00:00:00,69.9546274854232,36.8134357900264,36.5738909565297,29.3755151144743,47.7881004698681,50.4775572254923,45.4908342874141,38.7104473256029
2018-04-19 00:00:00,54.5237700347429,53.5326523101856,56.0031859721494,44.0273124498148,64.5300203013788,60.5970453437682,58.0017634500453,47.1776408183326
2018-04-20 00:00:00,83.7124790699057,58.9361377938703,58.7289980188672,65.4938841525837,51.6618859713269,60.2213218684051,55.702192436404,63.6680641261581
2018-04-21 00:00:00,47.5919018654273,24.7600921091884,29.1950714195104,16.7902581520298,47.5666969211881,47.8458555642541,44.8169303895989,31.17623551741
2018-04-22 00:00:00,56.4830991790597,63.0496610918029,56.9739266646634,52.0005983294798,50.2636521453722,76.017890076209,70.4525788012022,59.4733187299769
2018-04-23 00:00:00,43.2328143578242,17.765159701322,14.9221227392462,13.2368572320594,41.2265001833899,45.4912461861299,47.0585546980582,32.2100772690239
2018-04-24 00:00:00,50.1958106134501,66.0199789822457,80.4307800504304,56.8683831104944,59.4007109953718,81.4761933473637,99.2471086042979,67.1218360264445
2018-04-25 00:00:00,52.4659706140674,44.7020291736035,44.3593451205012,33.0564986894716,66.4553272159103,83.2879694220624,91.8979735175638,59.1919447791277
2018-04-26 00:00:00,56.2546833691792,37.4728566171299,40.5919692703766,25.7849200403298,63.7618057739814,63.1219222330919,58.5532991948723,41.1159718287261
2018-04-27 00:00:00,83.7124790699057,55.8342358047193,55.6814547879441,40.8342435607202,58.0063281081565,74.559731837073,70.1266307804047,51.8776818805733
2018-04-28 00:00:00,66.6286626115982,37.1401381637826,40.2180639018581,23.3711856056856,63.4222625615842,75.1863444581137,64.9952104890059,45.4621981606783
2018-04-29 00:00:00,80.169560125117,75.6595933101634,76.0348965174515,51.6419735134144,41.5975052237563,69.6830659031916,58.1731383995866,45.1176900710169
2018-04-30 00:00:00,48.9971896055341,62.1780589546271,63.5731269009275,42.9487728216175,60.627206152044,74.9267584242139,92.522742534426,49.1811530732281
2018-05-01 00:00:00,64.5374707887215,83.2425821950054,88.633363233965,53.9145490723954,114.787860437002,124.930163132624,139.973822947787,77.3865239276896
2018-05-02 00:00:00,60.7939024575702,49.9610914293216,50.1751105971225,34.7018447780878,65.7086381460686,85.811847283337,90.2706293305203,57.2820586943638
2018-05-03 00:00:00,64.9092500413606,72.2690806187505,83.1547080595194,60.2982757464855,89.1128851780945,108.569706240918,120.197166458982,85.7516297482977
2018-05-04 00:00:00,101.067505218545,102.362765641985,113.816851165938,75.8350237556232,48.0364904645671,65.9566858558722,57.6977533760026,46.4877928540202
2018-05-05 00:00:00,110.413212327791,105.230391464051,90.4906437791808,74.4168227381037,45.5847512161386,54.680977787719,50.7255858885995,37.1569827391172
2018-05-06 00:00:00,69.2373473807829,94.5744916377043,92.6785071879119,62.4007179953757,53.7301109140186,95.0223625952612,86.3179801829076,59.4733187299769
2018-05-07 00:00:00,54.761564853244,38.4911793528644,46.3326038297565,25.2850987126685,60.627206152044,85.6305810562445,97.6257991236884,53.4540345938759
2018-05-08 00:00:00,95.0134986611733,106.206053145352,128.149957644072,73.5605402825898,106.76073732952,133.077782467361,135.383360292594,88.1533446480638
2018-05-09 00:00:00,68.2890411167227,57.8496848128987,58.3337015073462,40.1810834272596,76.9089741936939,85.811847283337,87.7491551120981,57.2820586943638
2018-05-10 00:00:00,100.392973397304,74.9457132342598,86.5629862926559,50.7609014127277,79.1260963219288,73.2214297903866,89.5940478820731,46.9463778731447
2018-05-11 00:00:00,72.4827562678452,52.7323338155682,64.2334545969351,44.2370971907802,61.6317236149163,48.7505938934708,45.0881197372709,38.9082614104299
2018-05-12 00:00:00,89.4727755070033,80.4702993548624,100.747706576495,50.6375688123188,63.4222625615842,82.0214666815785,86.1775188826026,49.5951252661945
2018-05-13 00:00:00,52.8390282642817,56.7446949826226,60.7329334360592,39.7095478152391,58.9297990669881,57.0134175571567,50.6897591008454,37.8466573736217
2018-05-14 00:00:00,56.6830232691473,50.3346191537458,49.683615233638,36.990669525207,66.2857453929014,53.5191131601528,56.5796536016781,37.375109804508
2018-05-15 00:00:00,55.5739331791769,37.3156402943128,30.2223896964217,23.8949842733349,87.4956418715611,78.7603202357849,72.263762677853,48.2348489583745
2018-05-16 00:00:00,62.4594888262707,39.4429669178855,39.7806640388984,28.3132206348415,86.6159321016358,73.1924579769639,69.2532881447069,50.4936483420782
2018-05-17 00:00:00,58.8510533708336,45.5027544636577,50.4850853226177,31.4355010891678,51.4703733356236,55.5472915651209,54.4696743597915,36.3267834301161
2018-05-18 00:00:00,47.9815428815313,46.5285298372661,49.6141058573668,30.6256826705401,72.5079101351956,43.0152299060036,58.621504317726,26.9364886687592
2018-05-19 00:00:00,51.3992540146615,43.3301611910797,68.7614253224023,25.8428370954435,59.4583711514852,54.680977787719,65.9992387831957,31.3372143582916
2018-05-20 00:00:00,60.1271700938378,56.7446949826226,48.889580774188,36.7406096608287,71.0624047572504,57.0134175571567,67.4538032667739,35.0170007475565
2018-05-21 00:00:00,49.9579188134858,41.4520393030848,36.6425177864722,30.4629043148763,59.0104806546561,66.898891450191,60.9445571930779,46.718887255635
2018-05-22 00:00:00,70.8119471154028,51.6678096382792,53.7201510333368,39.67249390317,69.033258724351,92.3396857936788,92.7710017008189,67.8102651138952
2018-05-23 00:00:00,74.1185934071746,57.8496848128987,73.1018135512107,42.9641887728706,115.736805825462,93.3834808671608,101.261838999095,66.6540278084786
2018-05-24 00:00:00,84.8147533873778,42.8261218481485,56.7661633989199,28.6689476417399,89.8810997054919,106.044829351594,150.445813336749,67.200709305183
2018-05-25 00:00:00,69.4201045945559,58.9361377938703,84.5047778268922,42.9193964233953,70.6952123818157,54.4859578809379,60.9824917989072,37.7492919216086
2018-05-26 00:00:00,89.4727755070033,68.0902533002682,58.2405952693292,46.8145045002777,178.375113454455,177.713177810087,243.324209166936,117.405744071516
2018-05-27 00:00:00,81.9915955825061,88.269525528524,71.409161046497,57.9646479957045,81.4617810631895,76.017890076209,102.002432878814,47.3531637281332
2018-05-28 00:00:00,50.9186480214374,38.4911793528644,37.5830304325124,23.6444625366557,84.0697258641676,66.898891450191,65.6412002087189,39.0512836220766
2018-05-29 00:00:00,95.9098524221278,100.465185407765,122.929009265456,71.6308917696125,267.303199479173,287.882549827352,317.234769031179,196.307868333924
2018-05-30 00:00:00,74.1185934071746,70.9973404521938,70.9231479551943,52.9580326830818,109.763293266728,108.526748034809,115.616853265599,77.7995838098258
2018-05-31 00:00:00,102.989343398959,109.74193723588,143.302109509903,74.0381172251769,101.404317616452,121.194090687537,146.800187459422,77.4008169675769
2018-06-01 00:00:00,103.109273000738,108.566569620288,121.720852242583,81.8483736569502,117.825353969693,120.44264373681,130.09980696189,86.3866244531132
2018-06-02 00:00:00,108.509536253174,111.420414491348,111.652651835525,79.5519202347376,95.1333938423762,109.361955575438,102.349305691148,75.028522838602
2018-06-03 00:00:00,87.4577019546731,107.184423856065,132.026207225286,73.8874173278578,72.7956341415735,88.6875384222438,157.480619619867,57.993882940674
2018-06-04 00:00:00,83.5834410917935,65.1389189048475,70.8079504417888,48.0898666412432,95.3868043458825,99.0103593462826,94.1666948678725,69.4611272353046
2018-06-05 00:00:00,95.9098524221278,109.076487014145,131.052129264761,73.4500890209042,90.7064911145542,92.3396857936788,113.174817828333,59.4685261514716
2018-06-06 00:00:00,77.4497661445757,52.5906225571806,53.0674193999794,33.1708810378781,90.3493774508443,100.955114450985,101.286802781529,61.1966630515046
2018-06-07 00:00:00,75.2947300479783,61.5625501567134,100.318632697504,45.0533726975859,77.5896672671341,78.271183569034,69.5513548257536,54.2243011524268
2018-06-08 00:00:00,84.7333629610021,71.3437457504746,78.1391096770245,41.3879282191706,77.0396545186453,88.8981418057408,98.4400129729947,49.06397710061
2018-06-09 00:00:00,91.3764515816204,74.2802763275653,63.2678532570615,47.754110847981,89.1875567272277,164.042933363157,192.987194764536,101.337225652138
2018-06-10 00:00:00,112.96619835812,113.489389965245,137.828219533744,78.2337359942024,93.5943867534517,133.031307633366,137.906382067976,86.990824411011
2018-06-11 00:00:00,84.5441702997451,68.0997788550678,94.2647439339581,48.4960964077219,70.327559136371,77.6027140822215,74.0392679672774,52.5153368071748
2018-06-12 00:00:00,69.0192395934938,66.0199789822457,76.9445936541927,45.3565646670745,118.801421990744,105.919051351573,115.216009566775,69.5947457747872
2018-06-13 00:00:00,74.1185934071746,57.8496848128987,61.0082906093489,38.6176171460432,82.8824867524274,75.7163358382385,82.8577686465703,48.5763395428285
2018-06-14 00:00:00,111.64391007114,96.358774158334,116.077212610287,69.9257315379412,63.7618057739814,55.5472915651209,69.9835064760963,38.1583859560043
2018-06-15 00:00:00,88.8168985253878,65.1399417721725,76.7177653078761,41.1356032917956,58.0063281081565,77.4274138308065,81.0321004930443,46.5176261881155
2018-06-16 00:00:00,76.1470429846837,74.2802763275653,82.9088002110305,50.3707744560895,67.3861539716832,61.5161000111839,67.7098336488819,40.0837313795271
2018-06-17 00:00:00,107.500091985952,56.7446949826226,100.233222496317,35.2578047866248,53.7301109140186,19.0044725190523,15.8654013817054,11.2012528549732
2018-06-18 00:00:00,68.2117737645671,65.1389189048475,56.0968220643717,44.6110252246426,73.5610101311467,93.6584480302674,95.7574671629782,60.9532375854369
2018-06-19 00:00:00,89.6353760954466,83.2425821950054,90.8878218640281,56.2773380755681,82.6793680070715,89.6238126821,94.5580109656746,57.9494098284085
2018-06-20 00:00:00,67.4562479323724,68.3678093243348,68.8998994045759,46.1780454133609,71.6821507048021,70.6685801156893,72.8819834426147,45.8734041141987
2018-06-21 00:00:00,82.2183833857234,72.2690806187505,82.4342279201096,47.100917281217,86.8082415959024,88.3706911263287,94.1140165284787,54.5213301909976
2018-06-22 00:00:00,76.5662918322308,77.5475497287768,77.1726620090965,52.2485399891105,102.417423065964,77.4274138308065,98.133373335,49.6310106180288
2018-06-23 00:00:00,142.775705596282,123.800460545942,142.822004097336,82.0773780199673,81.2597739070297,95.6917111285083,86.1775188826027,60.9606748063641
2018-06-24 00:00:00,122.076375645065,81.9645594193437,106.522935422966,46.7363402269892,90.1279279848053,69.6830659031916,85.0217107956246,37.6909098124133
2018-06-25 00:00:00,91.2692747554067,109.551818158153,95.9459432662107,71.6727391589556,96.1951670945764,109.714181978313,117.618290890974,68.209575393227
2018-06-26 00:00:00,102.184328748809,103.335619276558,120.483626202098,64.4678025926512,101.141751154282,97.7714320168364,105.269952600871,58.3367721935716
2018-06-27 00:00:00,80.7809388819768,44.7020291736035,60.7365661201969,33.1996004154,126.937141873087,118.622259479907,123.684221451385,84.6686299188782
2018-06-28 00:00:00,84.8147533873778,64.2391827722227,69.7683951315225,42.6726259128975,82.1989544315183,68.1716760117393,64.4874564291627,42.8681447820426
2018-06-29 00:00:00,77.5871757233272,52.7323338155682,43.8417446815081,37.2907761442941,79.7587011487151,71.6920498433394,71.5329233679388,48.2333819137561
2018-06-30 00:00:00,70.4360147608324,80.4702993548624,87.1718994330811,51.9585488682924,103.061176662574,157.207811139692,152.176757665798,97.5370796901826
2018-07-01 00:00:00,94.7458437842292,69.3546272009831,92.9049462463966,43.2869845553507,83.1950104475126,133.031307633366,119.439831754902,78.7619626424018
2018-07-02 00:00:00,109.523129706488,112.512678108373,151.959101340871,73.9102885447233,127.721314293639,141.825649874405,143.254080046576,88.5332447961069
2018-07-03 00:00:00,64.5374707887215,43.0565080318993,47.5913682961179,27.0605591129647,108.366161951016,116.782543797888,130.448003391136,70.1961818493842
2018-07-04 00:00:00,54.131556982768,44.7020291736035,48.6477855524903,31.9546153998225,73.1755288444854,45.4298015029431,56.0255551774149,31.2102981562673
2018-07-05 00:00:00,84.8147533873778,72.2690806187505,115.395030873057,60.8865516074269,92.9539578150814,58.0721684544446,60.0985832294909,46.314635193607
2018-07-06 00:00:00,107.192808565123,127.177981555194,148.184483168187,84.0334047021771,114.199958462933,137.648735699212,142.575077538762,86.5295697776357
2018-07-07 00:00:00,79.9543951339178,92.8503454094566,92.1991574208134,61.0132721564359,93.1514481373267,136.702444469298,146.72899213827,86.3159997258253
2018-07-08 00:00:00,81.9915955825061,69.3546272009831,59.0908894951161,45.116012071774,123.059286286946,177.375076844488,261.378412199777,109.453243859864
2018-07-09 00:00:00,75.8976074281803,56.2563390541864,51.9497060029647,39.5371630861511,109.128971073679,112.390137636321,157.264133598539,75.0603187733328
2018-07-10 00:00:00,131.764002860306,103.335619276558,87.6358670944555,62.8503308430148,67.4278341028545,89.6238126821,92.8220381336409,52.1336984477797
2018-07-11 00:00:00,70.7874206697735,60.4792159407577,66.2020517679561,36.5346886924234,72.4288397746438,88.3357251446116,95.8199289720387,51.2845274868242
2018-07-12 00:00:00,83.0838400529415,45.5027544636577,49.605208103837,31.0627481118259,72.9803801027499,73.2214297903866,82.4168314177858,47.3174954847901
2018-07-13 00:00:00,79.6289435055201,68.2418437613236,80.6237605554381,45.0910952060462,119.638051723073,111.839597755609,116.747178615765,70.305275444329
2018-07-14 00:00:00,72.3396908354495,68.0902533002682,75.294650129917,44.5459602293391,91.1695024322772,109.361955575438,97.9948298806037,68.7486024247983
2018-07-15 00:00:00,85.6356664972841,100.879457746885,111.1906008578,72.0503135616709,107.460221828037,107.692010941296,92.9974961187266,72.9621126687345
2018-07-16 00:00:00,88.3870871315517,50.3346191537458,52.2941588099296,33.6139279087981,118.020961309312,125.769915926359,135.444097222027,79.8136940285893
2018-07-17 00:00:00,98.5989137049912,80.3721483262121,76.1885312635189,59.8180780391852,89.1010664930577,127.646036244203,135.282078721425,90.85980698375
2018-07-18 00:00:00,79.1153525132763,94.6631206029251,91.5454023361093,59.0562303859822,90.3493774508443,100.955114450985,115.751237659877,60.5290630909427
2018-07-19 00:00:00,76.1601867151964,56.2092849256948,52.3940647486788,40.790010063799,88.3446706506972,63.1219222330919,69.0057216613309,43.3618022227322
2018-07-20 00:00:00,63.2948012479775,65.1399417721725,61.5086366519995,41.1356032917956,78.8523522720252,111.839597755609,113.753837206367,67.1921267161668
2018-07-21 00:00:00,83.761747283152,86.6603223821595,130.776342077627,56.4461968137319,95.1333938423762,109.361955575438,108.257961190149,68.4470734667948
2018-07-22 00:00:00,114.788233815509,119.794356074425,162.269951870877,78.2952405036318,71.0624047572504,63.3482417301742,70.2594129065499,39.2748331235696
2018-07-23 00:00:00,108.562400498536,109.551818158153,119.041031785179,71.3825661259234,69.5191963876771,66.898891450191,60.5737040685458,41.4228190647128
2018-07-24 00:00:00,87.8426685735376,68.890412851039,68.7982565077477,42.0509407798588,89.1010664930577,97.7714320168364,107.944602116426,57.0777051678111
2018-07-25 00:00:00,73.2858002228243,57.8496848128987,56.806376462714,40.019062929569,81.389108612744,98.4312365897101,110.673469093538,65.4409477470121
2018-07-26 00:00:00,72.6983600463238,99.0354067738433,127.588431928209,67.3409877431223,69.9075219931604,75.7463066797103,82.2457020598978,48.7564201370563
2018-07-27 00:00:00,81.6707112877129,77.5475497287768,64.9229442373758,46.2408681436727,58.0063281081565,54.4859578809379,50.8940463217371,30.9096989602022
2018-07-28 00:00:00,100.894831954706,123.800460545942,125.90463038446,88.3910224830417,91.1695024322772,47.8458555642541,44.8169303895989,32.8249787418884
2018-07-29 00:00:00,102.033985613785,107.184423856065,140.232187104094,64.2916488437204,86.661469216159,107.692010941296,119.846068514765,61.2755405096732
2018-07-30 00:00:00,67.2510445566154,59.2171990044068,51.5646405257184,40.2132371606867,72.7526473824528,93.6584480302674,95.2897260129338,60.4388642724797
2018-07-31 00:00:00,71.7083008763572,68.890412851039,78.6701271575492,46.9484399068303,69.033258724351,84.1920664589425,101.853876996318,54.8745719696783
2018-08-01 00:00:00,72.4530070384741,60.4792159407577,66.6207746535509,36.663786532326,79.8957304730606,58.0491908093162,75.8137695243723,33.8203466475453
2018-08-02 00:00:00,104.720256733395,58.8859175412041,79.1959103858288,44.0273124498148,85.2718125411077,80.7960604583577,98.0893767534787,57.1850191737365
2018-08-03 00:00:00,76.5662918322308,58.9361377938703,69.8637127052999,39.2453624883186,52.5682348480168,60.2213218684051,62.3887843864413,38.1512913440792
2018-08-04 00:00:00,70.4360147608324,111.420414491348,134.799795674851,76.6055528186362,79.2778282019802,88.8565889050434,86.1775188826027,58.702872035758
2018-08-05 00:00:00,83.8136310398951,113.489389965245,112.606205740259,67.4891885615222,50.2636521453722,107.692010941296,114.55760138753,60.7495702048691
2018-08-06 00:00:00,73.976149012277,56.2563390541864,54.7712439410852,34.9575689062881,67.0941081415953,56.1950688181604,63.1847833139992,33.1830366777861
2018-08-07 00:00:00,64.5374707887215,54.5382435070725,67.8832722699032,36.2929851632703,73.0468202780923,65.1809546778909,65.3156667800366,41.4839268932065
2018-08-08 00:00:00,60.7939024575702,63.1087470686167,58.8296250133325,36.8264475196034,94.0828228000527,78.2402136995131,80.9629700978514,43.8784237117591
2018-08-09 00:00:00,67.505620043015,53.5326523101856,49.5915844485168,33.4990420813809,90.6493142328893,90.8955680156523,99.6952854923822,53.8440465861404
2018-08-10 00:00:00,82.6915951788093,68.2418437613236,65.3329519026605,44.9176679167922,106.042818572724,117.574961743077,121.813531593265,73.6264023612751
2018-08-11 00:00:00,72.3396908354495,61.900230272971,77.5728658446843,40.6755147709573,81.2597739070297,109.361955575438,118.626986879934,69.0527997806602
2018-08-12 00:00:00,107.500091985952,126.099322183606,181.691103240859,80.8898196236352,64.1294872199577,57.0134175571567,77.1320947370212,34.6927692591532
2018-08-13 00:00:00,92.2300039633583,82.9040786061695,112.356264724654,55.8274146021583,88.1115396076372,80.2786697402292,83.4974761415669,51.3712283296271
2018-08-14 00:00:00,110.251512597399,134.910391833285,128.873352058584,85.1049554259039,65.0196971706097,54.3174622315758,66.4607816638957,32.770760092217
2018-08-15 00:00:00,68.2890411167227,63.1087470686167,59.6693490322007,41.8029944817119,80.6424195429023,65.62082439314,58.6001554641544,41.7744016506023
2018-08-16 00:00:00,71.8329033791057,58.8859175412041,57.0424602703008,38.3785251921027,63.7618057739814,47.9726608971499,56.4564794154266,29.5972935322558
2018-08-17 00:00:00,68.3992207034595,96.1589616636832,95.2772991761414,62.3340914960994,89.7285387923045,80.2950958245401,74.9347768950715,49.5196054314563
2018-08-18 00:00:00,66.6286626115982,68.0902533002682,66.2086106613357,43.5859179830171,71.3500453817822,102.526833351973,111.714303086744,63.0627670410663
2018-08-19 00:00:00,98.3899146990073,88.269525528524,103.881570208709,59.6611742785056,71.0624047572504,50.6785933841393,50.6897591008454,32.4927399890605
2018-08-20 00:00:00,77.8190658440836,62.1780589546271,65.5056379486431,40.5144294228214,74.3693728798406,82.9546253982368,79.1067641074504,51.3642956402438
2018-08-21 00:00:00,78.879130963993,86.1130160637987,83.3060155816529,54.1211182259294,69.8359710350993,70.6127009010485,72.1724680067482,42.4442029786974
2018-08-22 00:00:00,57.4627297201691,55.2201536850396,59.4809655647167,36.577620171498,75.4155960540105,55.5253129480416,69.6917587408434,35.3475706274327
2018-08-23 00:00:00,83.0838400529415,109.74193723588,119.084083207951,74.9160395638154,167.470766972626,287.835965382899,276.774255349814,186.006706388485
2018-08-24 00:00:00,74.524524050038,62.0380397830214,59.6323673265363,46.770499232543,91.5412365456844,91.7658237994744,102.244444751098,65.8183805357053
2018-08-25 00:00:00,78.0507190593007,123.800460545942,134.799795674851,83.1915505722746,122.880633713069,164.042933363157,216.848173552833,105.922620478026
2018-08-26 00:00:00,83.8136310398951,31.5248305459014,25.5032718023204,23.6110824847368,84.9282398318358,95.0223625952612,87.7090289914915,67.5102536934873
2018-08-27 00:00:00,69.1725029725187,56.2563390541864,46.0513336707437,41.5321575538009,75.9860983772284,69.5748471081986,68.7685650402937,48.8105218410249
2018-08-28 00:00:00,79.7754847249474,66.0199789822457,65.5767515523643,41.9590691863947,77.8630941425819,73.3285740126273,67.1802761223929,44.5719158332907
2018-08-29 00:00:00,58.2955229045194,65.7382781964758,53.7879868478294,46.9920814703272,101.54971349847,103.478992312259,106.98326327432,71.0901235781645
2018-08-30 00:00:00,54.5237700347429,53.5326523101856,75.121830050952,41.6474577227978,70.6757365205577,58.0721684544446,67.3523878730894,42.7680189850875
2018-08-31 00:00:00,75.5454079411344,93.0570596745321,88.0934970283008,63.4476294369756,84.2904455321649,77.4274138308065,79.688302285964,50.2242099481247
2018-09-01 00:00:00,66.6286626115982,80.4702993548624,68.2951112447937,59.4550559189415,63.4222625615842,54.680977787719,47.2692439920043,38.8207282348985
2018-09-02 00:00:00,81.9915955825061,56.7446949826226,57.7492419060479,38.1674294534822,67.595945988604,57.0134175571567,54.5871774194967,36.3768842717334
2018-09-03 00:00:00,66.2903153486638,53.2954791039661,50.3396635065226,30.8542571452319,59.81884340335,40.1393348701146,35.2900818557308,22.0822366380951
2018-09-04 00:00:00,82.4645460078108,45.9269419006926,37.8198044206522,33.0230551887027,86.6929295608129,103.203178239994,95.1086106755664,70.9709130641192
2018-09-05 00:00:00,84.1121116193779,63.1087470686167,53.2558028674634,42.4587277284839,94.8295118698944,113.574503757358,115.095487435844,73.4359956618055
2018-09-06 00:00:00,67.505620043015,53.5326523101856,50.7204710950164,33.8671634229345,102.940746671247,98.4701986836234,105.163125898816,58.9720510229157
2018-09-07 00:00:00,75.5454079411344,77.5475497287768,69.508525728212,52.2485399891105,103.323771942654,97.5011877869415,94.1127406299647,62.4983096671473
2018-09-08 00:00:00,106.605860178557,105.230391464051,112.308189371742,67.0709561158875,112.970905187822,136.702444469298,150.622577977342,83.7228151847061
2018-09-09 00:00:00,74.70345375295,81.9645594193437,74.3928525765084,51.8581309367963,173.322938432318,145.700955979401,121.634743926408,87.4447882696464
2018-09-10 00:00:00,94.1514623792616,82.9040786061695,75.4277427214877,65.0865955605651,72.7526473824528,61.5469801341757,64.0905826495832,45.9166897769041
2018-09-11 00:00:00,59.1593482229947,51.6678096382792,58.3988913028808,36.9941820784834,76.2576695210854,97.7714320168364,121.137068240095,66.9519073276434
2018-09-12 00:00:00,79.9481456976266,63.1087470686167,61.9708013879511,44.9252098371925,65.7086381460686,58.0491908093162,61.6179173694836,39.7143489678644
2018-09-13 00:00:00,102.123886731741,61.5625501567134,67.036634873657,41.8606140024814,100.636103089055,75.7463066797103,81.0191411181517,48.7564201370563
2018-09-14 00:00:00,88.8168985253878,80.6494517179279,70.2852977479498,60.0085840153192,82.477747778785,71.6920498433394,98.3754968237411,50.7499061875173
2018-09-15 00:00:00,60.9176343877469,30.9501151364855,25.1362899386613,21.5790289629961,61.4403168565347,54.680977787719,81.0327521926014,36.6336449540592
2018-09-16 00:00:00,105.678056528563,75.6595933101634,69.2921982160443,51.3888265844271,74.5288635258967,57.0134175571567,92.3336301753733,36.7335203920446
2018-09-17 00:00:00,120.091150993956,85.8649385563898,83.2899112962912,55.2771158010799,78.4111866233102,61.5469801341757,63.2415166035415,37.6516856170613
2018-09-18 00:00:00,83.3608997687653,40.1860741631061,41.5404396760348,22.5058115394954,77.0603818318337,43.4539697852606,43.0616767304978,23.2748104681357
2018-09-19 00:00:00,79.1153525132763,31.5543735343084,32.4617971475429,20.5056355506883,63.4685709365435,53.001435086767,56.532390269272,33.1018313778593
2018-09-20 00:00:00,115.971193407231,82.9756110807876,94.0814540853192,55.546086055871,66.8346638835709,58.0721684544446,62.6617198367937,36.8003884290288
2018-09-21 00:00:00,74.524524050038,37.2228238698129,44.65698164241,22.9969025107305,66.163467998366,48.7505938934708,46.0859002070702,28.654459666887
2018-09-22 00:00:00,106.605860178557,61.900230272971,72.6499664943644,37.0672029767594,73.3319910868317,61.5161000111839,60.9887171981443,35.3965208553082
2018-09-23 00:00:00,131.18655293201,50.4397288734423,40.8052348837126,30.6529842784302,90.1279279848053,63.3482417301742,64.3602483110448,36.5187044833191
2018-09-24 00:00:00,82.6227118838418,44.4128992533051,47.7619772712763,27.8128517716422,80.0279121206981,72.2508027662063,68.7294513400027,42.9959191194661
2018-09-25 00:00:00,110.251512597399,106.206053145352,113.850957263597,68.5259785902452,66.6251217921062,73.3285740126273,98.5458364811476,45.2498156938731
2018-09-26 00:00:00,86.6104911724288,73.6268715800528,82.156089767524,48.2117232794808,73.1755288444854,68.1447022544146,72.1216004575726,42.8843791460162
2018-09-27 00:00:00,63.1783367069243,45.5027544636577,65.260268499578,30.8191187148704,95.2586013972735,95.9453217942997,106.236485927888,61.5159434199827
2018-09-28 00:00:00,78.6080596144236,62.0380397830214,77.5826696743812,38.1902997330477,73.4142590118856,54.4859578809379,52.3003389092712,31.9103726675469
2018-09-29 00:00:00,97.0874798054717,49.5201842183769,43.1588213061324,31.2941832791024,89.1875567272277,61.5161000111839,87.3573139809184,37.3546262643252
2018-09-30 00:00:00,87.4577019546731,88.269525528524,105.333876856781,56.8862359399704,77.9953222945431,107.692010941296,115.361464750452,65.8355807336488
2018-10-01 00:00:00,113.366046538295,59.2171990044068,70.2625780973473,40.2132371606867,75.9860983772284,58.8710244761681,53.655495556914,37.9901432569872
2018-10-02 00:00:00,88.7390223344921,57.4086773758658,60.8889893357801,36.6233130852154,92.3119157360507,92.3396857936788,101.946064104475,56.3386037224468
2018-10-03 00:00:00,90.7744570941802,52.5906225571806,50.7366308108587,34.047092989822,63.4685709365435,58.0491908093162,58.9515204678772,36.1175777405861
2018-10-04 00:00:00,94.3347767267774,37.4728566171299,59.263513328682,25.3804507063638,69.139307465763,47.9726608971499,48.9018801241694,30.7579717099913
2018-10-05 00:00:00,79.6289435055201,68.2418437613236,63.4566825771972,45.9787151904172,95.1666320524442,71.6920498433394,72.3499476034084,45.9546394611377
2018-10-06 00:00:00,95.1838037308546,92.8503454094566,86.3176426122648,57.4541646139771,83.2417196120792,41.0107333407893,35.4519329940032,24.3842699225456
2018-10-07 00:00:00,94.7458437842292,50.4397288734423,53.9902351346521,27.1940872197746,86.661469216159,63.3482417301742,71.3512215854252,32.3979168178862
2018-10-08 00:00:00,137.384276737086,71.0606388052881,68.0646957692994,49.2958821056004,126.912951544945,90.9824923722597,96.1459398767616,59.9773852595617
2018-10-09 00:00:00,115.629635163126,63.1495451134524,71.6487265137388,39.1094211997592,117.998709679995,67.8968277894697,69.808295387322,40.215941901489
2018-10-10 00:00:00,108.263113965536,120.958431881515,124.933525614208,78.6049362776383,155.311326527071,151.432671676477,148.169809068134,94.5766610795979
2018-10-11 00:00:00,107.31662673505,80.2989784652783,86.5915262095012,56.8385386134905,218.172925780852,209.564781813865,223.8283710097,140.421154279976
2018-10-12 00:00:00,90.8586663075806,102.362765641985,99.6930400682149,66.862177433393,119.638051723073,108.971915761876,108.9456910917,67.7181954318933
2018-10-13 00:00:00,108.509536253174,74.2802763275653,79.9680428067562,47.1418786576223,91.1695024322772,61.5161000111839,53.1778994910048,37.514261419301
2018-10-14 00:00:00,116.610269272898,81.9645594193437,118.884878845857,58.2406701290173,140.391580130178,38.0089450381045,55.3143602847273,25.6192757606054
2018-10-15 00:00:00,103.758754458778,62.1780589546271,50.239062402432,39.2433884997525,131.763128037109,133.797782900382,126.585757401797,80.2465592861495
2018-10-16 00:00:00,76.1900696811296,54.5382435070725,46.2900055096067,37.0188448665357,88.2983541823094,59.7492084547334,62.1370478052157,38.7874716451481
2018-10-17 00:00:00,86.6104911724288,44.7020291736035,43.4833606272532,29.4965680613746,93.336133730211,80.7640915607877,91.0457939176548,51.21689953849
2018-10-18 00:00:00,119.433020076104,85.6522436962969,80.7606342664471,51.0109551142682,96.0268159246709,88.3706911263287,95.5282051163636,49.8212155193598
2018-10-19 00:00:00,80.6498273966165,46.5285298372661,44.6185167012459,34.3218857514674,81.571398902095,91.7658237994744,96.5578596607584,64.3998809551944
2018-10-20 00:00:00,93.2801276562375,37.1401381637826,30.1635479263936,19.218117780285,105.043122367624,123.032200022368,144.163771084075,61.1730813387905
2018-10-21 00:00:00,91.1017728694512,56.7446949826226,48.889580774188,41.3815287758807,131.725433208562,145.700955979401,166.350463981006,100.791624373961
2018-10-22 00:00:00,83.5834410917935,62.1780589546271,67.0052871873467,37.7625059148562,108.320608324985,96.334403688275,100.728075277639,55.5972388110832
2018-10-23 00:00:00,117.422342685035,117.687788620525,131.54013566436,72.0963632684764,153.318051352919,176.531752252621,184.459269823873,103.429014478775
2018-10-24 00:00:00,130.748529942993,110.440307370079,106.523439868853,68.4014702124041,155.311326527071,217.053496069617,227.665583420404,129.197864810541
2018-10-25 00:00:00,91.7384067251229,80.2989784652783,74.8721214563396,50.2485631220713,143.656116623308,171.69162847401,182.269080015826,101.705421329376
2018-10-26 00:00:00,147.007280317883,99.2608636528343,102.882686366632,70.4856652334423,125.982493859902,163.457873642814,171.666711869051,110.42842657566
2018-10-27 00:00:00,83.761747283152,37.1401381637826,35.1908059141259,24.0855886591345,83.2417196120792,116.197077798903,118.038864875061,72.4074390713146
2018-10-28 00:00:00,114.788233815509,100.879457746885,135.055747431661,65.6232902862167,136.925121361531,196.37954936354,193.713148377064,121.180377130563
2018-10-29 00:00:00,123.934067825763,76.9823587057288,68.1567941952159,47.2889250733113,108.320608324985,139.149694216397,142.526398820178,81.2266699339192
2018-10-30 00:00:00,100.3916212269,117.687788620525,104.146355814296,78.6247741156219,141.277366691695,241.712706930512,218.223155981807,154.441883340112
2018-10-31 00:00:00,65.7906615636719,39.4429669178855,32.3719768098949,23.174177163449,126.937141873087,189.290839595596,196.669918328859,106.884582726943
2018-11-01 00:00:00,114.240280072795,66.9158153877319,69.8004216604115,42.6463819855217,92.185743287684,98.4701986836234,88.2274991999842,59.4072691116457
2018-11-02 00:00:00,137.819325298016,117.872275587741,104.27071907721,64.4476559712325,109.668214079483,120.44264373681,113.219189578077,62.6510023989032
2018-11-03 00:00:00,110.413212327791,111.420414491348,120.474924048348,66.4530096739976,95.1333938423762,129.867322245833,130.994449272202,74.4258841009425
2018-11-04 00:00:00,122.076375645065,132.404288292786,135.484817644807,75.4971649820595,95.3276161377749,133.031307633366,142.66845805765,71.9553732782436
2018-11-05 00:00:00,85.5048995076968,68.0997788550678,68.4351987373222,38.3220901683397,139.038392775354,120.418004610344,119.837785612551,64.393655091508
2018-11-06 00:00:00,94.1171449002189,83.2425821950054,73.7929456589559,42.1660055431868,142.080079002443,176.531752252621,161.907181836673,85.521901524241
2018-11-07 00:00:00,97.4368025689823,81.5154649636299,74.5196899122937,46.6161448185646,130.670587222296,131.24164878628,130.745717131613,72.13046685004
2018-11-08 00:00:00,94.3347767267774,74.9457132342598,66.080069794955,48.119070112437,84.5035980137104,68.1716760117393,66.5842762086084,41.4338945848739
2018-11-09 00:00:00,107.192808565123,62.0380397830214,61.9186443172842,36.3592579650248,79.7587011487151,71.6920498433394,72.3068620272562,39.9742411750993
2018-11-10 00:00:00,85.6654233577691,55.710207245674,55.2998378650549,31.5778614672241,61.4403168565347,75.1863444581137,89.0837093849314,40.9506823126721
2018-11-11 00:00:00,80.169560125117,63.0496610918029,51.0065436046407,32.8424831554609,55.4633402983418,57.0134175571567,50.6897591008454,28.171572029989
2018-11-12 00:00:00,87.4263579236001,71.0606388052881,82.1625319102212,42.8338750880123,138.23003002666,219.428363956626,239.702839627551,125.689554657182
2018-11-13 00:00:00,88.7390223344921,91.8538838013853,105.906225028613,52.8368883019243,111.577011194009,138.509528690518,138.383097618745,76.2003487635806
2018-11-14 00:00:00,93.272836647231,68.3678093243348,66.6752654467107,44.5978081178467,123.95038559372,111.050625896083,104.090989751569,69.6199299810272
2018-11-15 00:00:00,120.298476743322,85.6522436962969,85.2747025667855,44.557761997403,199.735777123315,179.266259141981,166.16613314352,88.280449874666
2018-11-16 00:00:00,106.171924674027,62.0380397830214,64.8681235491791,33.4918085986979,157.70470454405,129.045689718011,124.831042747009,66.279057292215
2018-11-17 00:00:00,127.546296999345,99.0403684367537,120.276204763749,57.9065596109376,114.952850892871,82.0214666815785,100.002886468983,46.08051008985
2018-11-18 00:00:00,125.720446559843,81.9645594193437,87.8782491793227,43.5131443492658,142.124809514501,158.370604325435,145.389761366717,79.7534925497774
2018-11-19 00:00:00,112.405317330343,59.2171990044068,49.2985497563918,32.0893508655985,177.031441963968,171.261162112489,160.189219972588,88.1901580841723
2018-11-20 00:00:00,109.355158836445,109.076487014145,104.524387009633,64.0464444057712,154.120763663667,154.804767359991,153.461746137455,86.9332291512048
2018-11-21 00:00:00,66.6234547480221,39.4429669178855,32.3719768098949,21.3465606679089,89.6026883810026,108.526748034809,99.4115659723639,56.4476475591796
2018-11-22 00:00:00,92.6038633923411,64.2391827722227,70.3080881266431,33.9293050071968,83.735383486313,68.1716760117393,71.2442325953568,34.0847634352632
2018-11-23 00:00:00,80.6498273966165,34.1209218806618,38.1099397906769,19.7942265396034,126.888842736592,91.7658237994744,96.3548108014847,50.6466860393393
2018-11-24 00:00:00,76.1470429846837,55.710207245674,80.6386746255663,33.6317061154988,148.645927878713,164.042933363157,195.223689548709,95.1581265270074
2018-11-25 00:00:00,140.296730218955,132.404288292786,139.451125131647,74.2745388285039,110.926680596684,76.017890076209,74.9371825655151,40.4514880430612
2018-11-26 00:00:00,142.187922776844,59.2171990044068,55.0329257975481,33.558229602404,85.6864513615555,77.6027140822215,120.615977160382,41.7903736564138
2018-11-27 00:00:00,113.836927641217,111.946920882938,131.457789516336,64.3949576179703,113.182435815506,141.225401802097,139.866001999815,77.694473249141
2018-11-28 00:00:00,143.240427708248,78.8859338357709,78.3648016062838,41.6422137337054,166.511662574697,128.717770925006,138.605145108307,65.3015469115747
2018-11-29 00:00:00,115.105736740013,85.6522436962969,89.7662172622122,48.6617663919006,137.510400404129,126.243844466184,133.489637924499,67.8954534803306
2018-11-30 00:00:00,138.840209189112,83.7513537070789,115.194101924974,49.5945311066186,131.420587120042,117.574961743077,118.927409862617,66.2382858613548
2018-12-01 00:00:00,127.546296999345,111.420414491348,122.974167943118,59.9521717711066,116.934796597921,102.526833351973,101.451171777199,53.0092824403166
2018-12-02 00:00:00,116.610269272898,100.879457746885,133.861912046904,52.3511641609145,91.8611573691285,69.6830659031916,83.1042708494796,34.3029628629829
2018-12-03 00:00:00,119.130421786005,65.1389189048475,81.1477509918529,36.9140525626444,83.2613631154737,64.2229357921834,86.806892390001,34.585136819101
2018-12-04 00:00:00,125.489526533625,172.226032127597,152.751471695998,93.6711661602625,256.065227128697,431.823824741028,462.254526011042,224.621503189778
2018-12-05 00:00:00,163.227464132654,155.142336543683,162.31168726786,90.2247964230283,171.738486063588,201.910228901969,208.578161338315,112.850795593283
2018-12-06 00:00:00,288.197070183641,353.315505247225,314.757198065053,197.481731571014,210.490780506879,310.559857386812,331.831045648655,164.3201810056
2018-12-07 00:00:00,177.633797050776,198.521727305669,219.167348631334,104.535663515444,259.215778733324,390.004751147766,438.068918983232,195.379331144067
2018-12-08 00:00:00,137.064677372431,148.560552655131,134.50372190613,83.5696939839667,190.266787684752,341.756111173244,338.66717492646,184.729317595043
2018-12-09 00:00:00,231.398503088406,315.248305459014,303.422906108786,180.497944614723,204.521067350135,247.058142747679,246.122734053148,134.183603415568
2018-12-10 00:00:00,256.51469852309,230.947076117186,284.677884426915,119.900306798783,302.327668011526,283.65129974881,295.876949330302,139.939645000298
2018-12-11 00:00:00,210.643133824299,226.76427563467,258.273944509654,129.127902881328,199.875365376319,173.815879141043,154.235934254567,94.661309689196
2018-12-12 00:00:00,179.05053463531,107.81077624222,102.193829069568,65.1270537560592,153.071259317546,146.384915953928,147.014982286115,84.9857884067373
2018-12-13 00:00:00,173.091333443628,184.68765047014,187.722744892062,107.039556610372,176.689341301394,141.393105802126,156.309419537415,77.573973157661
2018-12-14 00:00:00,141.902860862401,133.381785533496,115.171719046987,72.4645782553733,140.484075886941,177.796283611482,195.594734383576,91.8976079027298
2018-12-15 00:00:00,131.353649148579,99.0403684367537,118.666178767739,59.5476361991018,136.754253648416,170.878055586622,190.950787451447,98.7217405771078
2018-12-16 00:00:00,147.584872048511,113.489389965245,136.767829953511,58.8950596810288,123.059286286946,152.035780152418,159.432502223579,74.84282806469
2018-12-17 00:00:00,174.8527158472,159.886437311898,160.180380010071,89.3487863164007,184.306706702214,230.132186588657,246.513518605948,122.208822579532
2018-12-18 00:00:00,175.685337147075,149.262561177251,149.768387822477,89.5006478082508,191.045529958088,268.8714380463,292.620906762867,154.190479154741
2018-12-19 00:00:00,134.912495864745,155.142336543683,158.089812813683,84.2288447620043,136.644099781029,176.671450289223,193.548235817964,92.1823152294815
2018-12-20 00:00:00,160.109483435356,165.951222161575,183.891589474581,97.1585776434897,228.159714637018,363.582272062609,366.112693590044,201.504499766438
2018-12-21 00:00:00,171.508493704197,198.521727305669,197.170129613441,108.197740899743,272.811011883673,487.505938934708,499.561740132791,252.779787507252
2018-12-22 00:00:00,167.523494566304,259.980967146478,270.125467888834,152.605528144635,360.71411831901,758.698566804601,744.365967655015,427.929480063647
2018-12-23 00:00:00,165.805226622401,220.67381382131,231.405242463088,129.560812787009,275.583472107386,519.455582187428,589.288291209157,289.30241483904
2018-12-24 00:00:00,187.342195550572,358.264053976661,349.826913452112,185.401125732639,447.832962776431,920.528746354628,943.295285532004,452.683484281738
2018-12-25 00:00:00,92.3244373783099,111.946920882938,119.838339537742,61.4773867226577,246.432679399718,336.76826583577,336.714327305394,176.877261106147
2018-12-26 00:00:00,119.92221854644,155.142336543683,152.008507025329,111.83325607056,232.220300720765,340.723511272073,319.51098157264,236.044271770089
2018-12-27 00:00:00,121.16393341054,125.801732928936,148.702528293454,83.2470448045349,168.238981500023,270.161827157633,310.930802270777,169.233970176873
2018-12-28 00:00:00,107.192808565123,99.2608636528343,104.582662743466,57.0035077894617,124.169796106522,149.119463674146,177.985855508706,81.4723326178131
2018-12-29 00:00:00,152.294085969367,148.560552655131,200.128784156378,91.5452249450922,174.411222044356,211.888788927411,264.71786045953,125.462633626376
2018-12-30 00:00:00,145.762836591122,126.099322183606,143.869559887157,78.3506773036108,140.391580130178,152.035780152418,142.788612435349,89.6100228397858
2018-12-31 00:00:00,101.837296042875,109.551818158153,128.308688768362,61.0086291802874,96.1951670945764,139.149694216397,134.634761827857,73.638019109643
2019-01-01 00:00:00,99.4952674659457,91.8538838013853,98.3270984196528,46.8074536008038,109.971586572513,149.373021136833,165.260409247757,72.7993086432959
2019-01-02 00:00:00,169.057016423106,207.732959100863,197.006190757452,120.809473176597,166.511662574697,212.005740347068,213.149776754643,118.493335372947
2019-01-03 00:00:00,164.436766771447,147.21479385301,166.178317726706,84.1913011250598,161.325050753447,252.487688932368,242.991634702781,136.690184490202
2019-01-04 00:00:00,218.469152694632,198.521727305669,226.679831174416,115.55813143714,196.677706241718,281.03283538589,256.874304666019,155.63304564172
2019-01-05 00:00:00,186.560255312475,160.940598709725,148.26315405155,85.0566992149982,184.320950569604,321.250744502849,319.077016831927,163.140311225572
2019-01-06 00:00:00,174.915403909346,151.319186620327,185.900555102668,83.5324352448057,216.653673040398,234.388494401644,223.420498887962,122.737765347124
2019-01-07 00:00:00,156.598860896119,136.199557710136,146.776772561279,83.031195364736,100.236980838046,128.445871584367,135.61565939692,74.4104458835204
2019-01-08 00:00:00,136.245771665079,137.780825702078,143.581799742469,82.3250812450757,115.590572747751,135.79365557894,128.16143084921,77.599775218366
2019-01-09 00:00:00,120.75501173079,89.404058347207,92.0851778178948,48.69274727592,124.697074663562,146.384915953928,140.175996697162,76.6221076428997
2019-01-10 00:00:00,186.0731834519,184.68765047014,171.834237294992,99.3700556694419,170.543625082215,171.69162847401,200.137340370372,87.4476519841367
2019-01-11 00:00:00,150.069931991172,93.0570596745321,92.284576633415,51.2069292240542,117.825353969693,114.707279749343,123.28787235632,60.0513359389273
2019-01-12 00:00:00,125.642620924728,123.800460545942,131.712512071547,65.6619024159739,142.700090763564,116.197077798903,140.119307182607,59.218941240468
2019-01-13 00:00:00,167.62726207979,126.099322183606,160.621868084222,67.2007732257892,136.925121361531,139.366131806383,144.093491979434,70.4530083416649
2019-01-14 00:00:00,176.774174263103,145.082137560797,170.259843255579,78.6189096207162,130.146402539721,109.714181978313,129.134740272781,56.4968200226729
2019-01-15 00:00:00,222.295732716707,152.132995046044,185.884839405224,74.8283286775894,151.712626731423,152.088894248412,159.166311511561,71.5447434824866
2019-01-16 00:00:00,220.690193852823,173.549054438696,196.68059991212,97.6202715396699,191.152401879472,176.671450289223,188.605355892593,95.5069233197251
2019-01-17 00:00:00,198.189576792954,176.657752623612,194.39693636787,97.7914343837233,192.821846376739,174.216505363334,185.096432448579,91.2932712950907
2019-01-18 00:00:00,178.654680941872,158.197001446705,170.30499150435,82.0397075174469,148.641215777151,154.854827661613,164.844088982979,76.4016769513897
2019-01-19 00:00:00,177.04187493939,198.080736873507,284.35733439985,98.3830511115595,198.194570504951,300.745377832455,307.153811453685,143.532826299934
2019-01-20 00:00:00,143.940801133733,138.709254401966,162.48265973998,71.4476622400584,110.926680596684,114.026835114314,118.048782946319,55.7147818585657
2019-01-21 00:00:00,200.792404461895,121.395257959034,136.210616879161,64.9089743339522,103.470431832822,77.6027140822215,71.8568161715775,39.4301199947558
2019-01-22 00:00:00,218.71031767289,212.412106290703,242.497295881271,113.705566998325,143.68550362394,133.077782467361,150.587972873147,68.1311338762639
2019-01-23 00:00:00,198.204777875366,160.401398799401,161.819814765215,91.1210692351776,161.284839085805,146.384915953928,156.683744546664,79.9204102897795
2019-01-24 00:00:00,188.669553453555,163.274589546066,164.508215770514,99.644853795429,167.470766972626,148.967736470097,170.518647821648,86.0616857684247
2019-01-25 00:00:00,183.759100397354,170.604609403309,196.36262725602,85.3698366839618,123.263447229833,134.781053705478,141.801138879444,64.1645012733406
2019-01-26 00:00:00,135.161001297814,129.990483573239,159.789559414482,72.8475445671559,110.988959482772,109.361955575438,125.085793773201,58.8903122657706
2019-01-27 00:00:00,127.542482017232,94.5744916377043,82.4771984669838,49.2637247331914,129.992203824239,133.031307633366,127.821853837867,65.7336680699744
2019-01-28 00:00:00,179.656361886958,153.964717411458,163.955420957276,78.9152762369909,139.846755524048,165.909250796474,160.656961122633,80.808796325734
2019-01-29 00:00:00,180.167105951848,143.521693439665,143.192526659821,76.1078225052133,141.277366691695,130.361909355782,130.06629842985,66.1150084860479
2019-01-30 00:00:00,177.384948266609,215.62155248444,264.228391993527,125.397174689633,122.457007454037,111.050625896083,123.8866771494,62.0679375763057
2019-01-31 00:00:00,158.37857010092,136.508263390973,142.099204493961,71.661476647039,145.192545678102,138.868228912802,146.126708032336,69.0098469417099
2019-02-01 00:00:00,149.049048100076,111.668471609439,131.787102231736,57.561524055473,96.9793298058241,77.4274138308065,93.6095623166499,37.9707129427088
2019-02-02 00:00:00,148.486733820133,123.800460545942,125.303462751481,62.3231616151616,89.1875567272277,75.1863444581137,78.7146836951459,36.3697585285427
2019-02-03 00:00:00,227.754432173628,119.794356074425,142.789520926087,59.7071618229135,168.123250279349,107.692010941296,117.244919583396,50.9160066824982
2019-02-04 00:00:00,118.169692578053,62.1780589546271,77.5068186718397,32.5962998939312,135.804941780579,99.0103593462826,98.916476606471,49.3241880693694
2019-02-05 00:00:00,154.172846884168,126.299090226905,135.137820307209,73.3971329365344,95.5227649790438,89.6238126821,87.5552214092435,49.8126776264744
2019-02-06 00:00:00,129.915736758643,94.6631206029251,113.557648622943,54.134877853817,93.336133730211,90.8596030058862,97.7399826126591,49.9364770500277
2019-02-07 00:00:00,261.367913499879,147.21479385301,145.205803921147,75.2241802951718,120.609680801387,93.420444904976,82.8072986993467,45.1886426477372
2019-02-08 00:00:00,126.589602495955,102.362765641985,92.8760022748275,57.435706516554,120.544400599763,114.707279749343,112.952262191443,61.2326736951029
2019-02-09 00:00:00,152.294085969367,160.940598709725,179.634824109653,90.5338351492973,109.007013777723,123.032200022368,120.18116656839,66.5025543342154
2019-02-10 00:00:00,145.762836591122,113.489389965245,137.560601359679,58.2406701290173,119.592827518299,107.692010941296,137.614767771285,52.4246291027204
2019-02-11 00:00:00,308.394075752479,145.082137560797,150.923888622686,80.5166074391473,120.446049555394,104.362270662298,103.484586984682,55.0380711793625
2019-02-12 00:00:00,135.349417904124,68.890412851039,91.0988171549284,34.0821036058331,109.971586572513,81.4761933473637,80.1075622343574,38.5510253562961
2019-02-13 00:00:00,148.237186814349,105.181245114361,105.023835216968,56.9241617810904,107.523226057203,98.4312365897101,103.489443384532,51.1967036001862
2019-02-14 00:00:00,133.280326751594,74.9457132342598,76.4826509054009,43.4363418129046,102.17253214385,78.271183569034,86.4393416187892,42.942735140848
2019-02-15 00:00:00,137.819325298016,105.464667631136,104.124286739851,60.3636643941081,122.357098353143,129.045689718011,135.073662240528,70.269100875024
2019-02-16 00:00:00,146.583057745516,86.6603223821595,95.049816769953,44.378389219072,196.212624799901,143.537566692762,141.257580581747,70.6302990859943
2019-02-17 00:00:00,151.228942963289,69.3546272009831,59.0908894951161,38.5932151457344,95.3276161377749,76.017890076209,71.843627609786,40.1265764925145
2019-02-18 00:00:00,148.913027232506,41.4520393030848,35.3169396631858,23.4907607216828,118.829324058006,40.1393348701146,40.7284311204359,21.6157105119382
2019-02-19 00:00:00,179.270752190893,63.1495451134524,69.5144481304626,35.7199380291134,164.556023703395,78.7603202357849,89.9430755223381,42.6074499132308
2019-02-20 00:00:00,137.410875417796,84.144996091489,98.2567806518799,42.3342153304532,117.230183965145,93.3834808671608,88.3600885046768,45.152728515421
2019-02-21 00:00:00,143.665806758211,104.388672004862,94.8801156779003,55.8179085083566,94.4903868698761,80.7960604583577,81.7793852320408,40.8970260963874
2019-02-22 00:00:00,138.840209189112,102.362765641985,94.6974509120941,57.0615325327328,103.323771942654,65.9566858558722,79.3383249649268,34.9794141670315
2019-02-23 00:00:00,133.257325223196,61.900230272971,56.1540946858712,32.3685434444942,89.1875567272277,95.6917111285083,89.6338607791978,48.0816590022027
2019-02-24 00:00:00,153.050978420678,75.6595933101634,78.2432728060783,41.4360498941625,126.525745055592,133.031307633366,137.515032425614,69.1112873779178
2019-02-25 00:00:00,152.755944064312,109.551818158153,109.529692257558,60.5893258869521,119.6376868067,90.9824923722597,98.4170908445086,47.8170219251489
2019-02-26 00:00:00,171.203568342303,120.558222489318,121.217044754573,63.9305709043791,96.3254772897921,84.1920664589425,98.6681433171987,42.6992763139059
2019-02-27 00:00:00,132.414116311694,86.774527219348,88.1865062606364,46.2332031360238,93.336133730211,55.5253129480416,58.8674823868826,28.4317415916307
2019-02-28 00:00:00,135.01124008603,109.74193723588,107.440685642126,51.9281041360145,109.854677417823,108.569706240918,114.776965958344,48.6317461860209
2019-03-01 00:00:00,132.714905842533,83.7513537070789,84.5028964942957,44.2370971907802,88.8221899156146,60.2213218684051,68.6032230886423,30.2619810970011
2019-03-02 00:00:00,137.064677372431,129.990483573239,139.827053662583,71.4985159640604,83.2417196120792,75.1863444581137,64.9952104890059,39.737328762667
2019-03-03 00:00:00,103.856021071174,94.5744916377043,139.951152903065,50.2074742491529,69.3291753729272,50.6785933841393,64.3602483110448,25.5211176159288
2019-03-04 00:00:00,125.855526241666,85.8649385563898,83.5828783476209,43.1852467195937,74.3693728798406,45.4912461861299,45.2965414986464,21.7418021565911
2019-03-05 00:00:00,147.002016796532,83.2425821950054,101.398572586487,39.4570163602446,79.4685187640785,51.601589119997,49.5914666545377,23.3926473228102
2019-03-06 00:00:00,139.909254970847,97.2926517307841,114.645355423009,52.3247251983079,98.5629572191029,85.811847283337,80.8387375160044,44.3531927821563
2019-03-07 00:00:00,147.127633427084,125.801732928936,130.923473865874,61.3770584575808,110.622891945221,108.569706240918,113.389336553332,50.1429021409538
2019-03-08 00:00:00,110.255460238412,105.464667631136,104.983616979054,49.9964976560618,96.9793298058241,100.368869780675,96.3475926005906,45.2672293417745
2019-03-09 00:00:00,125.642620924728,117.610437518645,117.468529995493,51.5223187098792,85.2236653171287,88.8565889050434,106.22155387706,37.403599881191
2019-03-10 00:00:00,160.339120250234,151.319186620327,143.685050792553,75.1492517793772,77.9953222945431,76.017890076209,102.063227186914,35.8118908481581
2019-03-11 00:00:00,126.816255449618,85.8649385563898,77.3806658787162,44.5783191944193,100.236980838046,99.0103593462826,101.430667826412,48.8468572170852
2019-03-12 00:00:00,204.368657497618,111.946920882938,139.268070447023,61.6769886276014,146.093640556185,127.646036244203,135.958600155089,67.2598571178409
2019-03-13 00:00:00,284.815269047795,92.033589475066,113.365399156333,48.285441510795,147.097746758813,126.193893063731,126.024458184962,63.6295579128793
2019-03-14 00:00:00,154.916743432047,82.9756110807876,77.9832238243723,40.2553095573448,201.27220617811,131.293598244831,137.042730250221,60.2972656526442
2019-03-15 00:00:00,108.21369245622,99.2608636528343,97.5460233177256,49.0955067088428,106.949167449414,71.6920498433394,79.1536546576739,33.7354867720491
2019-03-16 00:00:00,119.931592700877,74.2802763275653,76.0588088955987,39.968114514071,79.2778282019802,54.680977787719,54.1819277851946,28.2716173015022
2019-03-17 00:00:00,114.788233815509,69.3546272009831,76.7362544654458,36.2630587595768,72.7956341415735,63.3482417301742,61.2666933553157,31.4198664988557
2019-03-18 00:00:00,155.638131688167,79.9432186559491,92.8416819390433,40.845159458926,105.895520078904,72.2508027662063,104.802571892539,35.0792102022311
2019-03-19 00:00:00,155.965554406077,97.5947515389718,80.4670287920122,53.4227812165626,112.379723504757,78.7603202357849,79.0027055887811,41.2330160450621
2019-03-20 00:00:00,153.233945920451,110.440307370079,115.278486306843,57.7658757586462,131.417276292137,138.813282370104,160.27307884167,69.7791218940936
2019-03-21 00:00:00,152.320373430393,125.801732928936,127.768708001303,69.4168648370084,132.132898712347,100.995075572947,120.439301372543,52.7545504358351
2019-03-22 00:00:00,140.881976971305,130.279883544345,142.587322163752,63.883945513333,121.450749476453,120.44264373681,114.625482165611,56.1884348162083
2019-03-23 00:00:00,140.872029521665,111.420414491348,113.540433134384,58.4692558615739,101.079230957525,95.6917111285083,97.4446784863373,48.2515588573341
2019-03-24 00:00:00,133.008588389399,100.879457746885,109.147595320738,51.0137256604531,102.260533675068,145.700955979401,128.625717200789,69.8920023031115
2019-03-25 00:00:00,140.266464360941,94.7475184070509,101.977774043568,48.255884592824,118.020961309312,96.334403688275,98.0462377199765,46.6242667244843
2019-03-26 00:00:00,147.002016796532,123.428656358111,121.68622564087,65.046188675263,79.4685187640785,81.4761933473637,82.2810477089145,41.0652226621415
2019-03-27 00:00:00,135.745289049095,102.551713986502,109.148554385581,52.0527671671317,82.8824867524274,78.2402136995131,76.7032071262395,38.1664395599324
2019-03-28 00:00:00,146.262176759866,107.065304620371,107.032279135037,57.4269292823672,88.3446706506972,65.6467991224156,78.1927888743643,33.3320288390393
2019-03-29 00:00:00,188.863519852836,133.381785533496,125.063383228225,60.708356783092,96.9793298058241,83.1627778182737,76.3410694826057,36.0108376883767
2019-03-30 00:00:00,161.812466342453,117.610437518645,110.13159073315,56.524485574916,103.061176662574,75.1863444581137,70.9038659880064,34.7219377537867
2019-03-31 00:00:00,151.228942963289,107.184423856065,119.91523638935,52.6644357549625,76.2620929102199,69.6830659031916,73.5461337569313,32.4783371787817
2019-04-01 00:00:00,180.61709109491,115.473538058593,112.973849907588,56.3168107691253,109.128971073679,107.038226320306,117.72498715892,49.6069639223469
2019-04-02 00:00:00,193.612412366165,77.5017144574188,85.6501136068039,35.5444100781104,100.339038843533,73.3285740126273,82.6535329015182,32.1640581824017
2019-04-03 00:00:00,154.899532289151,89.404058347207,98.8551332868284,45.2454731324921,76.1622851238522,53.001435086767,52.7482248832298,25.778417356209
2019-04-04 00:00:00,154.916743432047,85.6522436962969,84.1207460621988,43.3817506836885,127.523611547963,100.995075572947,98.1976413635595,48.4227984938897
2019-04-05 00:00:00,174.571145377486,120.974177576892,123.005695926634,60.0085840153192,93.3539342990643,51.6182758872044,49.8962658519378,24.3599549700083
2019-04-06 00:00:00,129.449973073962,111.420414491348,137.463342260355,53.5495126499204,110.988959482772,68.3512222346488,62.5428968866005,31.5653979579879
2019-04-07 00:00:00,147.584872048511,88.269525528524,89.6948156579006,41.3193943482893,91.8611573691285,88.6875384222438,92.5050900943658,39.3809813212009
2019-04-08 00:00:00,141.227193568892,94.7475184070509,95.5093920333293,46.7756427341484,98.6202553406582,88.3065367142521,84.1602352249568,41.4279016191992
2019-04-09 00:00:00,153.276493123214,120.558222489318,129.949286761365,59.8180780391852,97.9309019112886,46.1698428968394,53.6513538677147,21.9094570031738
2019-04-10 00:00:00,204.034330165818,128.847025265093,124.604980171768,58.3247364739893,130.670587222296,58.0491908093162,57.9892220715757,25.2537153067423
2019-04-11 00:00:00,174.822246778065,85.6522436962969,83.2028744969042,43.8966676057501,102.940746671247,75.7463066797103,76.0028826273567,36.7481623584935
2019-04-12 00:00:00,138.840209189112,96.1589616636832,90.0963636416952,50.0188454558366,97.885678682514,88.8981418057408,97.3884586465422,43.9935356981153
2019-04-13 00:00:00,131.353649148579,68.0902533002682,108.815762177583,29.3951539885464,77.2958824969307,75.1863444581137,74.3602078846016,31.18918245907
2019-04-14 00:00:00,153.050978420678,81.9645594193437,106.261371291818,43.8491531859397,90.1279279848053,63.3482417301742,55.9782262280806,32.1477398540416
2019-04-15 00:00:00,115.287504954198,88.8257985066102,80.6387550497183,46.8714944610627,65.4773826442075,74.9267584242139,74.9450673028614,37.5711759543021
2019-04-16 00:00:00,129.074941577443,97.5947515389718,87.312003151946,47.4529002210155,90.7064911145542,76.0444471242061,67.7711340705675,35.3623732112577
2019-04-17 00:00:00,105.764734412485,70.9973404521938,65.041785770823,36.2510342771096,88.1093102413192,108.526748034809,112.159600659552,53.2556674888688
2019-04-18 00:00:00,115.105736740013,64.2391827722227,87.3293753266539,31.3414766591902,82.1989544315183,60.5970453437682,61.9866946398746,27.9867360786719
2019-04-19 00:00:00,92.9004340897734,68.2418437613236,63.5547465762254,33.9494001696685,44.4110949578073,43.0152299060036,46.0859002070702,20.3589739938296
2019-04-20 00:00:00,102.798508029323,80.4702993548624,81.2903846245325,34.2420236094763,101.079230957525,116.197077798903,110.816169172795,47.5108984164213
2019-04-21 00:00:00,67.4153119233939,56.7446949826226,53.9902351346521,26.6525100590418,41.5975052237563,0,0,0
2019-04-22 00:00:00,88.3870871315517,103.630098257712,86.8815801889042,49.9354494383078,47.6934021729413,58.8710244761681,70.8055843744042,26.9570777003173
2019-04-23 00:00:00,112.940573880263,114.817354751732,112.746843665619,60.6965811879582,69.8359710350993,57.0333353431546,55.7251161969593,28.8352061932919
2019-04-24 00:00:00,106.597527596835,63.1087470686167,54.1317873607114,31.1119987665615,95.5762009397361,73.1924579769639,74.4058552480574,34.6781090625193
2019-04-25 00:00:00,120.298476743322,85.6522436962969,81.405125712829,45.9415434258937,70.6757365205577,53.0224146757972,52.5815629494078,26.9220232930702
2019-04-26 00:00:00,104.130156891834,83.7513537070789,95.3058324650445,45.071759401927,84.2904455321649,65.9566858558722,68.4964963823886,33.7694344316939
2019-04-27 00:00:00,78.0507190593007,86.6603223821595,95.049816769953,41.9209539854426,81.2597739070297,82.0214666815785,85.0392454834629,38.1252428756414
2019-04-28 00:00:00,100.211950156396,56.7446949826226,62.9413097246861,25.200289959671,55.4633402983418,57.0134175571567,53.7833140565745,24.0180710255676
2019-04-29 00:00:00,163.32396535178,97.7083783572712,97.53320324596,49.1418324740204,104.278794581516,82.9546253982368,101.896853722099,39.6468156973132
2019-04-30 00:00:00,112.044220119308,54.5382435070725,50.6226702909274,26.2917932290737,81.8766556963233,62.4650815663121,58.7858768559967,28.8000983935436
2019-05-01 00:00:00,99.9351821220332,81.5154649636299,85.0579552456442,39.5052074733598,64.9619490762269,53.001435086767,47.9099644860194,24.6861115360307
2019-05-02 00:00:00,135.01124008603,99.0354067738433,100.532495918984,49.2928267629771,50.7021588082262,45.4477840078262,51.7113041117082,21.4134825039982
2019-05-03 00:00:00,131.694021951437,102.362765641985,96.3335531710353,50.3387657688189,57.0999792314665,40.1475479122701,42.6840466799375,18.7832986119317
2019-05-04 00:00:00,104.70218410394,92.8503454094566,98.6818398623405,45.3585510110346,71.3500453817822,82.0214666815785,74.3602078846016,38.5014788250721
2019-05-05 00:00:00,92.9238083268402,75.6595933101634,72.2758897460556,37.0435357711064,84.9282398318358,114.026835114314,139.116482190761,52.9585735687427
2019-05-06 00:00:00,122.012609409859,109.551818158153,114.408249142435,62.7455296551711,92.1533533511068,120.418004610344,128.67951002545,65.5394496660901
2019-05-07 00:00:00,140.727540469851,117.687788620525,133.444630240979,63.6009319279234,171.780434500129,214.553975814724,209.069004018631,110.893538649634
2019-05-08 00:00:00,142.407634523897,123.587963009374,125.810046724913,61.1032482980163,135.150721641346,143.861038092653,151.234550756875,68.3568489877901
2019-05-09 00:00:00,102.123886731741,85.6522436962969,104.957525069605,44.1587372630979,124.450753438373,103.519952462271,112.841214642165,50.5223243091845
2019-05-10 00:00:00,117.401647476087,96.1589616636832,86.6820560563189,50.1713419358849,165.86184443426,186.399329592682,190.067270333366,92.5257435979737
2019-05-11 00:00:00,104.70218410394,86.6603223821595,73.322369232526,45.3159608222918,120.89868800802,109.361955575438,108.257961190149,54.9504674310888
2019-05-12 00:00:00,127.542482017232,113.489389965245,139.751521483522,57.1817488539443,221.853361193367,247.058142747679,319.509687028627,118.0815710057
2019-05-13 00:00:00,132.580630697328,118.434398008814,111.001524450593,61.886605240797,192.390334189153,181.96498474452,197.195241672773,90.3555414299891
2019-05-14 00:00:00,113.836927641217,97.5947515389718,108.833142033104,54.1211182259294,140.474654380947,162.952386694727,172.924604059928,86.4248476941802
2019-05-15 00:00:00,101.600768490734,99.9221828586431,96.4316234562144,49.978750205176,106.776536987361,103.478992312259,118.500416841747,49.7423605211646
2019-05-16 00:00:00,113.374823405576,91.0055089273154,91.1252210303791,49.1179704518247,88.3446706506972,55.5472915651209,74.7910565978293,28.3802995547782
2019-05-17 00:00:00,139.861093080208,99.2608636528343,98.6916067615177,59.8135398635901,202.115799501858,172.060919624015,184.093567504653,98.6406627306675
2019-05-18 00:00:00,137.064677372431,123.800460545942,149.790338244343,64.2843799876667,158.55565640396,129.867322245833,166.099016361082,64.7973606333381
2019-05-19 00:00:00,127.542482017232,81.9645594193437,77.3765441065197,41.4486520991182,149.057727051794,107.692010941296,105.649188167004,51.6593060501259
2019-05-20 00:00:00,121.051880201908,100.669238307492,92.3173511271858,49.3960769879289,113.170784817149,101.68631500429,111.922488208624,47.4139731391944
2019-05-21 00:00:00,180.167105951848,132.039957964491,118.119564012164,73.704417583996,126.025832787478,127.646036244203,120.199772976923,68.1448552378125
2019-05-22 00:00:00,173.220982344858,78.8859338357709,83.8177506679123,41.5144768817615,149.337813968338,111.050625896083,106.510119950174,56.16577173316
2019-05-23 00:00:00,125.49121674663,99.0354067738433,113.38457259829,53.4519090211033,128.29182607536,143.91798269145,164.671164215343,73.5307761191981
2019-05-24 00:00:00,113.318111911702,99.2608636528343,88.6849226697134,52.2678317577218,101.511074189274,106.104233768142,101.281874225813,53.1546709730182
2019-05-25 00:00:00,104.70218410394,105.230391464051,88.4041431957228,57.6661726014826,103.061176662574,54.680977787719,47.2692439920043,28.7932338568805
2019-05-26 00:00:00,125.720446559843,63.0496610918029,59.0908894951161,34.9444020774104,117.859598133976,76.017890076209,81.756695920903,39.9660701865445
2019-05-27 00:00:00,102.798025250827,71.0606388052881,66.4461505946833,37.37465571405,72.7526473824528,50.8431575021451,48.3847926299303,25.411410440614
2019-05-28 00:00:00,129.074941577443,83.2425821950054,76.1885312635189,41.9157621868474,99.5363265327851,103.203178239994,109.409371327025,49.7006987630033
2019-05-29 00:00:00,137.410875417796,105.181245114361,114.71404862095,57.8364079634797,110.50998233657,141.337160231379,151.423369080437,74.6913118269645
2019-05-30 00:00:00,123.760303412194,91.0055089273154,88.5968200160232,49.8976207764568,102.17253214385,88.3706911263287,83.3111945383778,45.8671507956011
2019-05-31 00:00:00,144.96551253569,136.483687522647,132.120588088134,68.2958693471694,121.450749476453,120.44264373681,124.043529337378,57.338490499581
2019-06-01 00:00:00,138.968353447048,142.370529627833,155.600093313893,83.9013197537444,71.3500453817822,102.526833351973,126.399833976467,58.0577855298706
2019-06-02 00:00:00,138.474694761566,94.5744916377043,104.880891482023,52.8393176573746,109.19345121236,120.361659287331,124.608144504439,63.7899305732817
2019-06-03 00:00:00,113.366046538295,109.551818158153,109.304135386506,58.5763914721032,95.3868043458825,112.390137636321,105.257071955558,57.1056910268878
2019-06-04 00:00:00,141.623894230806,103.335619276558,100.660169418059,62.4029975274062,89.1010664930577,78.7603202357849,85.6395756340652,45.488380690282
2019-06-05 00:00:00,157.397911842202,134.106087520811,119.870882044767,71.8978846496007,85.1225539619525,98.4312365897101,104.756661461431,50.7167345039344
2019-06-06 00:00:00,135.876696753248,101.712039389353,92.1543232376596,48.1284867602085,132.132898712347,116.144336908889,107.811481423088,52.024658710627
2019-06-07 00:00:00,192.947055417222,145.7893934901,178.608555474478,77.0053173320989,129.607889366662,146.251781680412,143.502788064241,73.4933826641455
2019-06-08 00:00:00,158.005114193219,167.130621737022,175.626235217831,82.4591332665718,146.663982173663,143.537566692762,154.141830771926,68.0491253652436
2019-06-09 00:00:00,173.093368451957,208.063881602949,200.381258130225,111.309388856616,86.661469216159,133.031307633366,146.938128022963,67.5102536934873
2019-06-10 00:00:00,198.870946045991,174.690737063,189.96787816288,91.8793619637062,106.703882827597,109.714181978313,133.950212952433,54.8351488455355
2019-06-11 00:00:00,156.861908167032,149.262561177251,153.774535282127,82.5038544942507,114.787860437002,119.498416909467,116.430296053927,63.1717779236939
2019-06-12 00:00:00,144.906014076948,168.289992182978,163.650358309832,82.9653300441639,122.457007454037,143.861038092653,157.535159359684,68.1604212608137
2019-06-13 00:00:00,130.683956749939,149.89142646852,145.365201000518,69.2194110173559,99.8678885616577,103.519952462271,114.534092411768,45.2539535924514
2019-06-14 00:00:00,159.25788701104,161.298903435856,165.080812659072,78.6437283391648,81.571398902095,86.0304598120072,106.050848837251,39.9059091389025
2019-06-15 00:00:00,131.353649148579,204.270759900805,226.498561585741,109.12157883518,99.0972852524753,191.383422257017,206.668697360069,98.2387852994644
2019-06-16 00:00:00,114.788233815509,75.6595933101634,72.2758897460556,34.2592177229514,93.5943867534517,57.0134175571567,60.7742873309549,24.4890135946964
2019-06-17 00:00:00,154.677402480216,142.121277610576,130.363730302576,74.5058283289856,84.0697258641676,85.6305810562445,88.9100169635554,42.6587572491843
2019-06-18 00:00:00,157.758261927986,146.392127308458,136.699489403962,73.4958380642059,93.9173403575473,122.214290021046,149.033798088848,58.681960194717
2019-06-19 00:00:00,195.706398322315,218.2510836123,210.600486157035,114.505475582742,150.831192108021,217.053496069617,214.22462141087,109.442839610153
2019-06-20 00:00:00,167.033136773101,160.597956930557,168.280185637805,82.3062517607814,95.2586013972735,108.569706240918,126.697594350318,52.672366047174
2019-06-21 00:00:00,163.341422575426,220.235041229726,217.102752919102,113.524116887183,84.2904455321649,86.0304598120072,81.92315425659,42.1896810474542
2019-06-22 00:00:00,171.330846715538,241.410898064587,224.790047944109,104.828651225502,83.2417196120792,136.702444469298,134.450791168797,57.0392278889956
2019-06-23 00:00:00,127.542482017232,113.489389965245,125.791205991198,60.9495385071112,64.1294872199577,63.3482417301742,71.3512215854252,32.2723434968867
2019-06-24 00:00:00,115.287504954198,118.434398008814,115.554075387945,64.6138115734423,73.5610101311467,96.334403688275,112.496548119966,49.9432823218205
2019-06-25 00:00:00,164.929092015622,177.966899865184,182.973077713854,91.2374138068538,93.9173403575473,92.3396857936788,106.407004076741,45.2751316923591
2019-06-26 00:00:00,174.886568713558,107.81077624222,102.643784213705,50.3980470482855,76.1622851238522,70.6685801156893,71.864946729029,31.7488954904808
2019-06-27 00:00:00,129.818500082721,128.478365544445,131.159558805166,63.3993299277334,95.2586013972735,98.4701986836234,115.354647687003,45.9981997978743
2019-06-28 00:00:00,103.109273000738,89.9551576853811,107.717488353687,45.5458870484956,136.858680380182,123.310325730544,125.935549923062,59.3984109105972
2019-06-29 00:00:00,135.161001297814,111.420414491348,111.453932550926,61.5122654603175,87.2056110221782,75.1863444581137,79.7187119893357,39.8850511744241
2019-06-30 00:00:00,100.211950156396,81.9645594193437,74.3928525765084,41.1482995476753,83.1950104475126,82.3527142492264,78.0307375212442,39.2179130755645
2019-07-01 00:00:00,170.049069807442,121.395257959034,131.710489966638,68.7943706849283,97.0035298432703,96.334403688275,88.781484326125,51.8777052286516
2019-07-02 00:00:00,139.831186708897,109.076487014145,96.5346446051972,55.0875667656782,113.182435815506,133.077782467361,126.006411216673,64.2784804725465
2019-07-03 00:00:00,152.401152736101,105.181245114361,100.797494729879,47.3620978598574,81.389108612744,106.002870173534,103.185809872577,45.8734041141987
2019-07-04 00:00:00,157.513113433702,58.8859175412041,50.3602310253115,25.1740326136317,49.9339442808288,20.1990151145894,20.5642557846142,8.17434370614673
2019-07-05 00:00:00,117.401647476087,77.5475497287768,70.3833617469779,40.2155429007093,89.7285387923045,68.8243678496058,79.0559483577473,33.9563008672843
2019-07-06 00:00:00,118.02791662626,105.230391464051,97.4901826643041,57.8797510185251,59.4583711514852,88.8565889050434,96.856556481464,46.9622976286064
2019-07-07 00:00:00,103.856021071174,69.3546272009831,68.8172793265347,33.8370090538305,84.9282398318358,107.692010941296,101.379518201691,49.8403164004736
2019-07-08 00:00:00,133.541359905279,103.630098257712,89.6516323713896,50.3880365933378,60.627206152044,56.1950688181604,50.5672444256302,25.9649743188719
2019-07-09 00:00:00,129.971295338398,74.6312805886255,62.2914425751919,34.696826479089,91.5092034253025,65.1809546778909,65.5248197669249,28.9819215281306
2019-07-10 00:00:00,338.946826030563,362.875295644546,416.276674478348,184.186714591389,109.763293266728,138.813282370104,165.19317837826,67.7146508321382
2019-07-11 00:00:00,134.145783418812,115.095202466899,110.402563021659,53.7252204624092,72.2121655753525,65.6467991224156,65.7140173709089,29.0078737464072
2019-07-12 00:00:00,111.276344129509,102.362765641985,101.061237729365,57.435706516554,79.7587011487151,88.8981418057408,101.187208030233,47.4553221137047
2019-07-13 00:00:00,79.9543951339178,86.6603223821595,92.1991574208134,43.3324339176124,83.2417196120792,68.3512222346488,71.9078942821962,32.840767572452
2019-07-14 00:00:00,109.322127443341,132.404288292786,145.686126365735,68.9692146264679,64.1294872199577,82.3527142492264,82.4205618642563,40.6922707099842
2019-07-15 00:00:00,135.462818321183,204.299336565203,198.393697551457,99.3364149982945,73.5610101311467,64.2229357921834,56.208800477146,29.6742563644251
2019-07-16 00:00:00,138.038479186988,123.428656358111,126.860963102332,59.3339171485402,98.7336142220369,92.3396857936788,118.061279621252,42.4534520968013
2019-07-17 00:00:00,132.414116311694,141.994680904388,143.218203909623,76.1271719819301,96.3228900095778,116.098381618632,122.775675042522,59.8197381328457
2019-07-18 00:00:00,131.549413417157,136.508263390973,142.678002202485,67.7489247611375,105.245390253439,100.995075572947,102.633415836012,47.4487766851046
2019-07-19 00:00:00,108.21369245622,74.4456477396257,61.7332979389588,40.7037827186732,80.6650500254051,80.2950958245401,75.708715554389,41.7673349326021
2019-07-20 00:00:00,110.413212327791,123.800460545942,106.426674563194,65.8972497364612,75.3139367918812,54.680977787719,60.9887171981443,27.9676214165398
2019-07-21 00:00:00,107.500091985952,88.269525528524,83.6115453406077,48.5338917741811,71.0624047572504,95.0223625952612,85.5141168199854,49.5610989416474
2019-07-22 00:00:00,149.873756440457,153.964717411458,136.524582752261,75.5469412756559,80.836274869392,88.3065367142521,86.228179405893,41.1752924629846
2019-07-23 00:00:00,155.069200645123,114.817354751732,105.145023236446,55.8269414364888,81.073943385575,73.3285740126273,72.4363146522511,34.0994313108556
2019-07-24 00:00:00,129.082943574293,105.181245114361,91.6515569673648,52.6092107422905,83.6291758222691,63.0969465318654,64.6109226630849,30.3307076348565
2019-07-25 00:00:00,115.105736740013,91.0055089273154,82.1601486343035,40.5096663520203,76.8214527397367,78.271183569034,78.2097171306129,32.9817914226101
2019-07-26 00:00:00,135.777557515823,186.114119349064,187.885396853178,89.973756998197,91.5412365456844,94.633505793208,92.7064480424306,43.5244958150572
2019-07-27 00:00:00,135.161001297814,129.990483573239,141.61748047732,72.3018700760162,93.1514481373267,75.1863444581137,88.0796810907416,40.1838156026969
2019-07-28 00:00:00,222.288325801461,195.453949384589,166.204631064862,97.7686339710941,161.190332742056,196.37954936354,194.377014320418,93.1820228476894
2019-07-29 00:00:00,147.952298024554,133.238697759915,139.217099018053,65.1784459450947,86.4948141102494,64.2229357921834,64.4036614488939,29.8546469806222
2019-07-30 00:00:00,127.282234055534,106.206053145352,106.788952155277,50.4827237233459,118.801421990744,105.919051351573,101.847553586495,48.1509865724718
2019-07-31 00:00:00,204.034330165818,255.064519402326,293.952495562689,133.81965218706,134.404032571504,128.717770925006,128.120770531589,64.902149071137
2019-08-01 00:00:00,269.157023504842,251.603465857872,273.715487450371,112.577609813387,142.119687568513,133.818475134155,155.888549271324,56.6803910090718
2019-08-02 00:00:00,214.385617130246,245.050257142935,225.171959611666,117.141810438155,137.765029256872,154.854827661613,192.77253026629,70.4261267987671
2019-08-03 00:00:00,190.367607461709,160.940598709725,152.918392025122,88.5219721459796,114.952850892871,82.0214666815785,81.2728916777919,43.3498131956367
2019-08-04 00:00:00,134.830623846788,94.5744916377043,79.4935069369724,48.1770249229004,117.859598133976,88.6875384222438,105.371715941643,42.8557737907186
2019-08-05 00:00:00,181.577820302862,189.495036814102,203.136421876035,89.9637730462088,177.031441963968,206.048585666588,200.753558006505,92.9581823943094
2019-08-06 00:00:00,216.021256390026,198.059936946737,209.154823534825,88.4453011007952,142.882791313192,154.804767359991,156.644022338068,66.1150084860479
2019-08-07 00:00:00,161.561877763954,149.883274287965,164.370928377642,64.7709495732067,153.071259317546,169.099816705399,194.161334840106,70.2297221316511
2019-08-08 00:00:00,177.418616779719,139.184896006483,136.649837199055,66.2228997179033,127.523611547963,113.619460019565,109.908301202534,51.1740938628608
2019-08-09 00:00:00,437.95918928036,229.540747197179,269.099733082559,109.422123413406,147.734866900461,106.104233768142,121.019830235021,48.1205238613674
2019-08-10 00:00:00,264.610974371776,154.750575682428,132.327123267537,79.797450852746,144.682036468614,75.1863444581137,83.1750538859309,37.2537457150003
2019-08-11 00:00:00,194.957793940626,151.319186620327,154.112798571965,71.8035659124871,136.925121361531,133.031307633366,155.320150105927,59.8806702281274
2019-08-12 00:00:00,171.009799015394,103.630098257712,100.652195920281,50.5407276133176,117.212598560618,123.093960268351,130.747454206386,57.048008510699
2019-08-13 00:00:00,181.959813473757,183.707767602771,208.80875998689,91.9580061891898,147.699065177681,181.963498475779,196.266074056542,87.1131871890896
2019-08-14 00:00:00,298.139959997399,447.020291736035,519.143860270782,214.820943864353,222.513342812823,373.533923468643,409.096778163485,172.516307269003
2019-08-15 00:00:00,241.462410153861,318.519281245604,326.111628909759,146.308848154371,164.397908863037,217.139412481836,239.812394188606,94.4180178611576
2019-08-16 00:00:00,180.696448724065,214.031237251424,196.858185947185,99.5334686792555,114.199958462933,131.913371711744,138.004834839869,58.3623921156449
2019-08-17 00:00:00,197.982311760178,191.89071384621,211.733554130461,89.3331211552748,172.429276339307,150.372688916227,177.807734960784,67.2669515104707
2019-08-18 00:00:00,242.33071583274,334.163203786555,332.952802856567,168.368482736614,140.391580130178,221.71884605561,264.21703271956,105.970640646141
2019-08-19 00:00:00,228.653551492493,233.907936067407,256.411905160272,123.428268747465,139.846755524048,165.909250796474,182.922321718327,83.1933181845261
2019-08-20 00:00:00,209.746780063345,252.598180453809,249.821697587733,120.404285491394,138.066517448702,152.088894248412,168.445400234921,69.33409129623
2019-08-21 00:00:00,164.060257317005,218.2510836123,221.006113642523,108.531276856686,117.230183965145,133.765526647555,164.683828707404,63.9283401848181
2019-08-22 00:00:00,173.091333443628,198.070813547687,206.267066033904,95.2903113468137,132.132898712347,151.492613359421,160.221915014608,68.9923716702635
2019-08-23 00:00:00,317.494890130984,459.081494394359,544.901856963605,197.896938566311,244.714196706285,410.078525103901,486.271483464371,168.177774761455
2019-08-24 00:00:00,262.707298297159,352.831312555935,365.765705133436,172.362493841931,182.339004864554,246.064400044736,233.44964934359,115.504436475216
2019-08-25 00:00:00,300.635850469189,447.6525937518,486.407234968456,224.733020606534,218.386902424721,386.424274554062,491.675360516695,184.022515200726
2019-08-26 00:00:00,213.281884165266,281.281695270932,358.770847719982,146.980687446893,162.480912487478,222.104319614634,250.084203059512,110.286910863075
2019-08-27 00:00:00,189.130643561392,166.485164390011,164.841767969935,72.2537690893482,168.569585257136,190.111117810515,219.98199270838,78.9096435468602
2019-08-28 00:00:00,230.683712065027,210.362490228722,221.782137792474,107.410471932177,142.617612339762,126.193893063731,132.776424028912,61.9251947544987
2019-08-29 00:00:00,197.324120125736,232.867037549307,306.862056715701,107.250533127749,139.046829458923,116.144336908889,124.512322928535,50.6373344783436
2019-08-30 00:00:00,189.884403743932,161.298903435856,172.172761410346,68.6665389230021,114.199958462933,103.236551774409,100.692605873748,41.8118630082232
2019-08-31 00:00:00,218.922748580966,210.460782928102,264.617522294249,100.822792096786,118.91674230297,157.207811139692,160.537726767204,72.3662204152967
2019-09-01 00:00:00,255.084964034463,327.858237677375,338.177648853015,168.250824817161,98.7940749064213,101.357186768279,94.7000022658719,49.3408273907956
2019-09-02 00:00:00,204.635321293701,130.277837809695,144.385953066063,62.402326951137,131.763128037109,82.9546253982368,82.8659631755895,37.7588720926793
2019-09-03 00:00:00,259.942590676795,223.893841765877,212.888020667481,113.074479150603,180.61026991836,179.2476253642,197.429113426705,86.5791777793484
2019-09-04 00:00:00,346.441964689715,178.808116694414,169.429683800123,78.2562009791572,129.923898152454,116.098381618632,110.416063656639,48.8324392921189
2019-09-05 00:00:00,219.825993473408,173.981120008103,192.733204470183,77.8462195518099,133.669327767142,141.393105802126,147.523595505776,59.8887150284533
2019-09-06 00:00:00,432.854769824878,533.527142133984,565.660651778737,260.129255275699,146.828518023771,166.325555636547,181.078993889998,77.1514243352115
2019-09-07 00:00:00,289.358763341798,383.781427692421,384.201620416766,187.48201084561,101.079230957525,88.8565889050434,80.2688633836021,41.7099353938281
2019-09-08 00:00:00,215.000183971905,189.148983275409,235.227414332628,100.801159838684,90.1279279848053,57.0134175571567,50.6897591008454,28.8216852306811
2019-09-09 00:00:00,272.847095058268,168.769017162559,161.070205161477,78.2767465135038,104.278794581516,101.68631500429,104.964446231608,44.8178189903624
2019-09-10 00:00:00,219.606671433844,223.893841765877,260.708260835161,100.777254627593,129.236682030471,157.52064047157,183.003304847991,67.8102651138952
2019-09-11 00:00:00,176.552155082259,173.549054438696,179.874990962791,84.3461269677035,126.190452803245,98.4312365897101,83.0619727990212,45.9755100318952
2019-09-12 00:00:00,174.822246778065,160.597956930557,165.410442771968,74.9654239010361,142.88790209591,100.995075572947,107.383435130353,44.6274980713957
2019-09-13 00:00:00,165.383190357619,124.076079566043,115.108995876949,59.6455243021756,101.511074189274,91.7658237994744,90.5416660161244,41.9684617460817
2019-09-14 00:00:00,148.486733820133,142.370529627833,142.767811066858,71.1889985789346,112.970905187822,116.197077798903,173.556551061223,55.8293048731685
2019-09-15 00:00:00,163.983191165012,182.844017166228,161.970705403956,84.168410319344,131.725433208562,171.04025267147,164.720969350814,74.6874235213663
2019-09-16 00:00:00,168.127611391539,153.964717411458,150.243712728003,84.8609477342984,127.721314293639,136.47373855839,151.010882832784,71.4798975011215
2019-09-17 00:00:00,180.167105951848,152.132995046044,159.389306087472,73.9706974033477,145.290928245436,149.373021136833,164.774574958962,69.4618045221133
2019-09-18 00:00:00,237.346057539829,234.028270379454,284.580883302084,99.1358874277718,126.190452803245,159.004305260301,176.382100021332,64.7324702500359
2019-09-19 00:00:00,238.866040152207,168.627854777085,165.761257547427,71.2079882287347,125.987182493168,100.995075572947,102.19604728167,40.3720642699668
2019-09-20 00:00:00,154.153467555558,142.687491500949,152.811421712962,64.6002054214568,96.9793298058241,94.633505793208,102.098898461282,40.7610357633076
2019-09-21 00:00:00,142.775705596282,148.560552655131,146.176653468092,69.1611260556966,110.988959482772,123.032200022368,106.35579898201,55.0365966903851
2019-09-22 00:00:00,171.271332994568,138.709254401966,133.008823182115,64.7118556989081,116.126368749653,101.357186768279,112.267909794723,44.855297627996
2019-09-23 00:00:00,210.399696541411,159.886437311898,149.881916230945,73.7319497396086,118.829324058006,115.066093294329,115.085413489288,50.4242706345346
2019-09-24 00:00:00,183.752520995665,175.096465996391,179.666913576389,75.2215035595829,190.242817647339,211.838102703146,214.075631323318,87.0374795259364
2019-09-25 00:00:00,160.729084579603,181.437647822273,198.241143757561,77.0484028860019,153.071259317546,179.195328150498,180.010795319239,73.1330418843228
2019-09-26 00:00:00,160.109483435356,152.568059084029,164.877181967572,59.751352610463,190.517202794547,229.763796928455,241.288696038556,85.1818514775449
2019-09-27 00:00:00,255.220972774103,282.273081012748,277.811069928641,125.799245136281,139.577727010252,143.384099686679,155.178310515306,60.7941584537968
2019-09-28 00:00:00,159.908790267836,160.940598709725,156.58503475445,70.296860233572,138.736199353465,170.878055586622,154.629071268204,71.7184409486636
2019-09-29 00:00:00,127.542482017232,88.269525528524,77.3765441065197,40.3648208814972,135.191891977208,152.035780152418,159.472764297477,65.9506108688852
2019-09-30 00:00:00,179.656361886958,168.769017162559,140.327246006703,75.2410832138111,125.296226047558,112.390137636321,107.439523751258,47.6144404407014
2019-10-01 00:00:00,197.197827409982,203.800804684324,256.309331281313,83.5347694356737,125.22312047673,152.088894248412,161.105638780407,59.6206195687388
2019-10-02 00:00:00,188.211259663163,189.32624120585,195.753737164107,111.236050384555,153.817948387388,239.768396821089,237.935793677328,135.387138120794
2019-10-03 00:00:00,185.207726784682,157.921324315047,143.536713208331,68.8760607642936,138.278614931526,133.818475134155,146.941866858123,55.2490680037923
2019-10-04 00:00:00,205.197662110379,217.133139240575,228.129696515624,94.793779694529,95.1666320524442,91.7658237994744,99.1817874672337,38.1142152591967
2019-10-05 00:00:00,177.04187493939,136.180506600536,133.872645776466,60.1900772146427,114.952850892871,123.032200022368,128.542135669796,52.2520069768835
2019-10-06 00:00:00,131.18655293201,119.794356074425,119.91523638935,57.8348118005921,103.993763059391,114.026835114314,112.855095240384,52.2204749824187
2019-10-07 00:00:00,194.067300006233,198.377616664763,247.018356117064,86.9953668766408,114.787510314537,109.714181978313,107.849490576081,45.7208598003647
2019-10-08 00:00:00,204.368657497618,160.744296652424,151.556158425045,68.5352853916292,169.372297567884,146.657148025255,162.818670945501,59.8025202386363
2019-10-09 00:00:00,204.867123350168,134.106087520811,135.306966768495,63.0337618845814,117.230183965145,106.002870173534,107.175791660037,47.8842930616704
2019-10-10 00:00:00,192.131380122427,198.070813547687,220.095143555291,78.2819720217532,144.424331150705,159.067244027392,153.585214466846,59.5118409636289
2019-10-11 00:00:00,167.424958139811,120.974177576892,142.924206147992,51.7574037132128,103.323771942654,111.839597755609,103.729032859299,45.522665850203
2019-10-12 00:00:00,165.619818491687,136.180506600536,134.799795674851,64.2027490289522,89.1875567272277,88.8565889050434,88.0796810907416,40.2533979673769
2019-10-13 00:00:00,196.779829398015,88.269525528524,96.5892448761029,40.904818485263,93.5943867534517,82.3527142492264,71.843627609786,36.2011505312903
2019-10-14 00:00:00,171.009799015394,100.669238307492,135.139159547081,47.2358986939961,130.146402539721,131.121827242374,146.555332273183,58.4653503370518
2019-10-15 00:00:00,185.545228517574,137.780825702078,136.890212172707,53.9961271907656,131.644818962716,111.35079757473,114.966598341604,41.7354172121318
2019-10-16 00:00:00,201.535950612767,189.32624120585,200.960202427606,80.7983251549507,121.710318384195,113.574503757358,139.211032160137,46.582534561593
2019-10-17 00:00:00,186.938640119118,109.74193723588,121.959100636692,47.6225075619228,109.854677417823,90.8955680156523,109.918786729488,37.3390875823487
2019-10-18 00:00:00,241.949482189849,142.687491500949,149.567943799165,55.878438556775,102.417423065964,97.5011877869415,120.177834492729,36.3262486394861
2019-10-19 00:00:00,424.519764639611,185.700690818913,214.09377777106,83.3172175670967,136.754253648416,150.372688916227,212.830431892642,64.8282704889431
2019-10-20 00:00:00,242.33071583274,208.063881602949,202.775940287669,99.754781016829,280.783160260355,291.401911958801,303.923620806073,132.528779453651
2019-10-21 00:00:00,201.753133669846,148.042997511017,152.801524872166,62.8663404161131,162.480912487478,160.557339480458,172.65983783623,64.7900979988436
2019-10-22 00:00:00,240.222807935797,152.132995046044,160.740991206892,61.4661271280198,145.290928245436,108.634924463152,114.342098304351,41.9777831657447
2019-10-23 00:00:00,225.686952958925,163.03092992726,162.680859553815,72.0868218843783,146.351057688971,121.146137341182,111.855215439241,51.4809041752863
2019-10-24 00:00:00,169.629506774756,141.861528621992,144.562011641659,65.8634391890375,119.073251746592,88.3706911263287,102.809957844512,38.8391196253074
2019-10-25 00:00:00,230.719759387789,142.687491500949,163.421025039233,60.8949567314481,126.888842736592,117.574961743077,121.979286068712,47.737816992348
2019-10-26 00:00:00,163.71614241707,80.4702993548624,88.6273238868759,35.461324153434,109.007013777723,109.361955575438,113.2684827752,46.3084057876238
2019-10-27 00:00:00,120.254340187676,113.489389965245,123.166546093426,52.5919094810524,88.3946986004822,95.0223625952612,105.371715941643,41.7705583053349
2019-10-28 00:00:00,140.266464360941,109.551818158153,115.711044749028,45.2089585464181,98.6202553406582,104.362270662298,117.113475171887,40.9257452359362
2019-10-29 00:00:00,173.892629625166,140.651259570871,135.424220708713,63.4771626000928,93.114628046799,92.3396857936788,103.728473238738,39.8565653993906
2019-10-30 00:00:00,255.667507595535,249.805457146608,275.69044192374,102.774048683306,109.763293266728,136.289404508829,141.845417104909,53.8882845863609
2019-10-31 00:00:00,178.284073446937,179.334385239122,200.438384798488,77.4330357711118,185.907915630163,272.686704046957,260.845160145108,111.457176433311
2019-11-01 00:00:00,167.424958139811,114.77037359859,111.714168150779,46.8765421305642,121.450749476453,134.781053705478,129.415347051194,52.372934213562
2019-11-02 00:00:00,171.330846715538,123.800460545942,122.158387606005,58.5520148932251,91.1695024322772,88.8565889050434,92.0861743816032,40.3815935023049
2019-11-03 00:00:00,205.89000668496,163.929118838687,146.668742322564,76.4776476441642,86.661469216159,101.357186768279,99.1846060301848,44.855297627996
2019-11-04 00:00:00,141.227193568892,127.316977859475,115.574318659527,58.2120880546247,88.1115396076372,112.390137636321,110.937741707365,48.8318551110603
2019-11-05 00:00:00,204.368657497618,169.355598258804,157.033591250868,67.1455929391788,103.549888086527,73.3285740126273,69.4668486643185,27.8053774006743
2019-11-06 00:00:00,138.243668602146,107.81077624222,95.6980540686017,44.7847052462973,98.5629572191029,108.526748034809,99.0972592662238,43.3266447367069
2019-11-07 00:00:00,195.5932067913,107.065304620371,114.089815010062,49.3105899437926,95.2586013972735,133.818475134155,123.040755624035,58.3430158120046
2019-11-08 00:00:00,148.02816420898,164.400805425007,163.981315353347,68.9578279738633,173.11263544778,186.399329592682,182.615760130338,74.3834409317043
2019-11-09 00:00:00,142.775705596282,136.180506600536,148.913093131165,58.282034421095,85.2236653171287,102.526833351973,99.8969920887427,42.1630027479175
2019-11-10 00:00:00,169.449297537179,157.624152729507,145.327094733496,76.9022933041602,90.1279279848053,82.3527142492264,81.9281558398955,38.1131831297739
2019-11-11 00:00:00,220.006988620928,130.277837809695,128.703026847739,52.4179546389551,170.564539974417,149.853516848428,144.248578554207,57.2960433303107
2019-11-12 00:00:00,151.483785601305,117.687788620525,143.896920676142,52.2793000664083,126.828545098226,111.35079757473,137.278981799897,47.3074231750081
2019-11-13 00:00:00,156.565118657852,78.8859338357709,71.9512554415465,35.521573394893,134.404032571504,95.9073587284354,94.8062587883245,41.504508484275
2019-11-14 00:00:00,157.513113433702,104.388672004862,110.559742515455,46.1104461590772,119.841466273989,123.71896757686,138.770756215519,51.7325153474683
2019-11-15 00:00:00,127.610486387051,71.3437457504746,79.2187719333224,29.0700924396556,85.1967944088548,83.1627778182737,90.5416660161244,32.2382737400705
2019-11-16 00:00:00,131.353649148579,136.180506600536,154.876521112817,61.2844422549089,126.844525123168,198.218544480481,211.55427564525,85.7144033640998
2019-11-17 00:00:00,204.067971227571,126.099322183606,126.566521232583,56.5443399310848,102.260533675068,126.696483460348,132.990166587403,53.891680402568
2019-11-18 00:00:00,183.499278718765,148.042997511017,177.466585610978,74.2253676564076,124.487863298864,96.334403688275,92.8900424077565,45.8980320403023
2019-11-19 00:00:00,153.276493123214,129.169524095698,145.83241449572,53.7231688272094,122.814983544485,119.498416909467,119.608915028748,47.5336662317991
2019-11-20 00:00:00,125.751770836892,105.181245114361,102.775942724486,43.1697590540805,96.3228900095778,116.098381618632,118.724182733752,45.7950148385422
2019-11-21 00:00:00,137.607610087684,99.0354067738433,91.3606068027778,42.129583464909,144.424331150705,156.542367138068,185.623159124263,63.0390890244961
2019-11-22 00:00:00,144.96551253569,105.464667631136,106.805065616321,46.2788093688162,96.0729809291342,88.8981418057408,82.5555081848067,37.1124954991793
2019-11-23 00:00:00,140.872029521665,123.800460545942,129.476463918397,54.5558833129753,83.2417196120792,68.3512222346488,68.4515523856011,28.9427536172649
2019-11-24 00:00:00,171.271332994568,119.794356074425,164.077780542668,53.7171229345306,95.3276161377749,95.0223625952612,128.209228671439,40.418760301926
2019-11-25 00:00:00,134.502089113231,109.551818158153,119.022403370589,46.3986679818502,133.379853534497,123.093960268351,131.496925224817,49.5416916013965
2019-11-26 00:00:00,154.172846884168,134.910391833285,168.529517347049,61.8736027285626,102.747175775778,89.6238126821,90.9574287912845,39.3116266673798
2019-11-27 00:00:00,139.076461786496,134.106087520811,135.372563476245,59.4504472554838,102.296402568311,75.7163358382385,91.7962554168677,32.2587061046691
2019-11-28 00:00:00,135.01124008603,56.2092849256948,69.545860241737,24.7023470615373,66.0664493561735,35.3482764505315,30.5820378539855,14.7054987283607
2019-11-29 00:00:00,92.9004340897734,77.5475497287768,71.5701414320005,38.467041035461,76.1333056419554,48.7505938934708,63.507594033392,23.0066241383412
2019-11-30 00:00:00,207.500692133263,160.940598709725,166.935624498636,77.0997821916596,103.061176662574,54.680977787719,66.3472213028785,25.1708592748858
2019-12-01 00:00:00,120.254340187676,88.269525528524,77.3765441065197,38.1013729816001,79.7285516788663,76.017890076209,98.0437319391367,31.1262228867169
2019-12-02 00:00:00,161.402506935877,91.7866584568305,100.056136081206,39.183906289067,101.853706335434,93.6584480302674,95.921560249498,37.99472369384
2019-12-03 00:00:00,131.764002860306,91.8538838013853,81.1832204147271,40.2761810053428,105.958025018771,146.657148025255,175.302616319464,61.5023334753934
2019-12-04 00:00:00,135.745289049095,105.181245114361,96.5740385618497,45.6834412268498,105.283158847678,90.8596030058862,90.0227367083983,37.9264382658438
2019-12-05 00:00:00,169.629506774756,173.981120008103,159.127893906716,80.129708658663,102.17253214385,100.995075572947,104.906015353197,44.0324647637771
2019-12-06 00:00:00,178.654680941872,136.483687522647,131.470413356328,60.5108479708082,110.574562956173,88.8981418057408,98.0072378244447,37.4970809447667
2019-12-07 00:00:00,205.597016058646,216.650805955399,202.997552435523,91.4043527949636,126.844525123168,150.372688916227,151.626606271532,60.9606748063641
2019-12-08 00:00:00,196.779829398015,170.234084947868,171.056805594301,77.5903664547764,97.0608455220981,139.366131806383,137.906382067976,60.2558623974766
2019-12-09 00:00:00,171.970528223345,168.769017162559,222.106160969546,77.6058029719595,118.020961309312,133.797782900382,146.509977515581,58.4653503370518
2019-12-10 00:00:00,223.192086477662,137.780825702078,162.638975866949,67.7690523872508,142.080079002443,146.657148025255,178.711929092899,68.9895740723978
2019-12-11 00:00:00,189.044052847513,136.73561864867,133.477011578276,60.3044911824868,132.910654431821,121.146137341182,162.85097929886,51.3485625193087
2019-12-12 00:00:00,186.938640119118,131.154998159955,130.525239449655,56.3483886950988,146.728974732897,146.442859580773,161.418764495772,59.5588376002582
2019-12-13 00:00:00,251.137437209717,179.910315370762,205.379860984995,73.3071896304358,198.490403995098,206.473103548817,234.350833165885,80.039852044313
2019-12-14 00:00:00,230.344805028668,204.270759900805,183.453959965676,90.0172074664093,107.025068072673,68.3512222346488,64.9952104890059,28.9427536172649
2019-12-15 00:00:00,145.762836591122,151.319186620327,137.24274884302,67.4168528824638,107.460221828037,145.700955979401,149.287179685369,61.5768766271786
2019-12-16 00:00:00,192.14584159033,239.829655967847,221.350268272666,110.597924609413,105.895520078904,101.68631500429,87.6689249525288,44.5609833514492
2019-12-17 00:00:00,164.929092015622,152.132995046044,170.188363650889,70.5348999829736,114.787860437002,108.634924463152,110.414504827289,48.1712265836414
2019-12-18 00:00:00,124.086184468191,113.069838497938,95.7802829048302,47.3130030023197,103.789780707995,85.811847283337,83.8731931111891,34.5089475548972
2019-12-19 00:00:00,111.64391007114,112.41856985139,124.361900557116,52.3343525346856,95.2586013972735,95.9453217942997,131.347474287818,42.2818479032226
2019-12-20 00:00:00,129.652254169244,114.77037359859,113.409019500114,51.2826923047165,86.1031432855448,94.633505793208,88.137592958791,40.2289073590868
2019-12-21 00:00:00,129.449973073962,74.2802763275653,82.4407152140704,30.7275755038541,69.3680996767327,82.0214666815785,87.1815471767925,32.6029235733201
2019-12-22 00:00:00,120.254340187676,113.489389965245,118.841206974347,56.9745686044735,76.2620929102199,50.6785933841393,88.2829570136639,24.1341003541935
2019-12-23 00:00:00,95.1121915872133,62.1780589546271,60.1924523701434,28.6735360098478,50.9268531677169,42.8152905281222,43.4458291271876,18.7625193058733
2019-12-24 00:00:00,51.988518135359,37.3156402943128,37.333396604595,16.9763293094738,31.3057801191824,29.8746042273667,26.0234669725343,12.9984824548083
2019-12-25 00:00:00,40.8068660331636,36.8134357900264,37.0698144625159,15.5944092583012,14.1870923269921,12.6193893063731,10.3388259744123,5.13749763889174
2019-12-26 00:00:00,56.2546833691792,45.5027544636577,40.0825042121718,29.881655027726,40.7153699520604,42.9229071185025,42.2926976929599,26.6831713753877
2019-12-27 00:00:00,88.8168985253878,74.4456477396257,92.639763610503,37.3615366303364,50.7555370946369,45.8829118997372,46.0859002070702,21.9072908821189
2019-12-28 00:00:00,118.02791662626,117.610437518645,132.566768892363,58.2202201421635,77.2958824969307,88.8565889050434,89.6338607791978,42.2660678657458
2019-12-29 00:00:00,98.3899146990073,94.5744916377043,127.132853580266,45.0314459760443,74.5288635258967,69.6830659031916,64.3602483110448,31.4738525237678
2019-12-30 00:00:00,83.5834410917935,88.8257985066102,84.4044950577486,46.2647437237026,65.4773826442075,96.334403688275,100.625351082925,47.6804798865276
2019-12-31 00:00:00,76.1900696811296,60.2791112446591,62.2408973487416,30.7173914255275,57.7952863738752,62.4650815663121,61.0321911596394,30.4433472508329
2020-01-01 00:00:00,54.9643501671183,13.1476556392952,10.1162427530922,4.74867349594886,41.0678988412929,32.81041219657,28.9487127283544,11.3890210815853
2020-01-02 00:00:00,151.454916763175,104.388672004862,108.705872788699,52.2585056469541,70.6757365205577,83.3209373476813,82.2933419656937,39.4856341631697
2020-01-03 00:00:00,115.359879693895,96.1589616636832,104.802994760561,41.243609410953,143.203122517011,206.473103548817,225.01347061934,84.252475836119
2020-01-04 00:00:00,203.693339984029,160.940598709725,158.935302593666,68.0938247276766,124.862579418119,123.032200022368,155.633099562394,50.0190152257346
2020-01-05 00:00:00,120.254340187676,151.319186620327,138.109477542579,68.0735105404099,131.725433208562,152.035780152418,142.390985832289,64.8799840690657
2020-01-06 00:00:00,134.502089113231,115.473538058593,107.358369802345,54.3407823210858,121.254412304088,133.797782900382,153.722809748007,59.8329608712518
2020-01-07 00:00:00,122.800465250762,143.521693439665,162.268691923494,66.1807152219246,137.263805137954,168.384132917885,181.026468375466,74.2596109807059
2020-01-08 00:00:00,139.076461786496,120.958431881515,115.672261950426,51.8792579432413,105.283158847678,111.050625896083,110.884430110922,45.7751039625254
2020-01-09 00:00:00,154.916743432047,131.154998159955,136.725825892083,60.4054726811459,74.5168091575446,83.3209373476813,78.6136591404554,36.3267834301161
2020-01-10 00:00:00,140.881976971305,124.076079566043,115.53848340144,55.1527445495442,95.1666320524442,103.236551774409,92.537226955723,43.6581011150798
2020-01-11 00:00:00,169.427170640921,92.8503454094566,104.858451565723,41.6586087835484,93.1514481373267,54.680977787719,93.0009412529988,23.5739165414339
2020-01-12 00:00:00,125.720446559843,132.404288292786,165.789117367526,54.7636151959417,77.9953222945431,69.6830659031916,63.4616055268218,27.3399733863177
2020-01-13 00:00:00,136.423547529134,124.356117909254,128.563930351058,55.1353392145283,80.0279121206981,80.2786697402292,90.3402907387261,33.8229299470547
2020-01-14 00:00:00,144.312955513669,152.132995046044,151.075699740527,71.3142911430064,73.8495325888406,78.7603202357849,80.6071255114272,35.310041364556
2020-01-15 00:00:00,146.571600445649,155.142336543683,211.129197994669,70.0429340652457,100.056335358786,103.478992312259,111.397085994074,44.8990254177881
2020-01-16 00:00:00,129.818500082721,107.065304620371,123.717409110735,50.2485631220713,102.940746671247,98.4701986836234,118.452496316908,43.7482878512391
2020-01-17 00:00:00,143.944628644594,89.9551576853811,96.8856639038138,38.2948005532127,61.6317236149163,45.8829118997372,43.6818271497368,18.583050225877
2020-01-18 00:00:00,154.197762043984,148.560552655131,184.914276348984,68.3046415224991,109.007013777723,143.537566692762,167.967198358307,63.4142004177657
2020-01-19 00:00:00,134.830623846788,151.319186620327,166.596440874911,74.0870715422129,62.3962578356345,63.3482417301742,52.8846712723515,29.4214297604126
2020-01-20 00:00:00,136.423547529134,124.356117909254,122.013280334672,51.5828044713241,66.2857453929014,66.898891450191,62.7561558642458,26.3696812087218
2020-01-21 00:00:00,124.593172772671,71.7608467198322,84.3348684099638,34.9921023012475,81.8766556963233,70.6127009010485,75.2734869040684,32.9308471386445
2020-01-22 00:00:00,122.420598099491,73.6268715800528,60.5090730510689,33.8645348504664,66.4553272159103,60.5730686705908,61.3335923688998,26.775590911543
2020-01-23 00:00:00,111.64391007114,61.5625501567134,62.9208009895374,25.8700631548182,89.8810997054919,98.4701986836234,96.7078647853287,39.1712163728856
2020-01-24 00:00:00,130.673138060341,108.566569620288,117.107533220478,47.5181095143931,89.7285387923045,80.2950958245401,74.4716440535623,33.4352323117761
2020-01-25 00:00:00,123.738944850111,111.420414491348,113.072348137424,47.4120326900442,77.2958824969307,82.0214666815785,93.090202675793,33.5371047645327
2020-01-26 00:00:00,174.915403909346,138.709254401966,121.940785761628,58.5957961663894,97.0608455220981,126.696483460348,137.413976043615,50.7699062329071
2020-01-27 00:00:00,146.030839608651,151.003857461237,167.252876221815,69.2389455215413,143.888569267518,187.316896060535,222.941047701236,81.618295342323
2020-01-28 00:00:00,151.483785601305,134.910391833285,167.4027537646,57.0903566323395,108.366161951016,119.498416909467,119.741208764863,48.3634309789876
2020-01-29 00:00:00,167.391430054406,144.624212032247,159.571596771685,67.0589703144129,109.016604196887,103.478992312259,142.343417668352,46.1125125912418
2020-01-30 00:00:00,167.033136773101,125.801732928936,139.081905338641,63.1612752732082,112.159321000016,113.619460019565,116.308775264682,54.0005699773792
2020-01-31 00:00:00,251.137437209717,238.846453164633,278.000657437377,102.187694510702,165.86184443426,183.531647598949,215.512349626824,74.7038619080255
2020-02-01 00:00:00,192.271283536326,204.270759900805,207.826091138655,92.4871918176217,160.53760210901,191.383422257017,218.175996448994,83.2633607111315
2020-02-02 00:00:00,178.559474824124,88.269525528524,93.4538224292964,42.3202101283517,155.990644589086,120.361659287331,147.092267513863,54.7401480352036
2020-02-03 00:00:00,136.423547529134,112.512678108373,117.192863834144,47.2794273980606,132.571490785803,149.853516848428,171.655315084593,59.8392097444498
2020-02-04 00:00:00,126.38588029458,146.392127308458,141.356018127792,66.2442487085376,119.604134301492,130.361909355782,149.292429082702,56.4181405747608
2020-02-05 00:00:00,119.92221854644,97.2926517307841,86.9667212545064,39.7418746149053,75.4155960540105,68.1447022544146,70.9359965681554,26.7516841339434
2020-02-06 00:00:00,117.702106741667,80.2989784652783,71.0025446023831,34.9335098783166,92.9539578150814,95.9453217942997,110.031790654626,39.5127596274448
2020-02-07 00:00:00,129.652254169244,105.464667631136,117.600099105228,46.517359932573,89.7285387923045,74.559731837073,83.7379589618589,31.2870555671499
2020-02-08 00:00:00,119.931592700877,111.420414491348,118.099606125156,50.601833054512,116.934796597921,143.537566692762,145.717950772531,62.6384915441539
2020-02-09 00:00:00,142.118765676344,189.148983275409,242.870308992198,86.7824554902576,100.527304290744,133.031307633366,134.320421087886,57.8978665781894
2020-02-10 00:00:00,161.402506935877,159.886437311898,170.271294328285,78.6925090493071,103.470431832822,88.3065367142521,93.3984113780454,41.3012107885595
2020-02-11 00:00:00,210.643133824299,157.873862783631,180.931595328834,69.4040246679665,99.5363265327851,100.487305128415,128.696094012916,42.2496599997197
2020-02-12 00:00:00,145.738807261298,123.587963009374,139.5060585369,53.9512141460856,96.3228900095778,88.3357251446116,87.163811421075,37.0605745706313
2020-02-13 00:00:00,122.029390077758,93.6821415428247,101.87441855521,41.7011271270798,198.199348068521,325.709118722754,307.170428933693,137.246809468281
2020-02-14 00:00:00,111.276344129509,96.1589616636832,102.007850347866,39.7492757366431,92.4475854223744,114.707279749343,109.071826602256,45.1110277222376
2020-02-15 00:00:00,154.197762043984,148.560552655131,149.585495869326,68.5167677384075,122.880633713069,136.702444469298,141.673486871063,60.5820370746475
2020-02-16 00:00:00,123.898411102454,100.879457746885,107.505551379795,39.5970561783687,81.4617810631895,107.692010941296,117.92862856862,40.0981582372082
2020-02-17 00:00:00,106.640942082633,124.356117909254,150.86943569398,53.5137115905716,72.7526473824528,64.2229357921834,74.5386537292399,26.2625103118307
2020-02-18 00:00:00,104.873390031672,111.946920882938,102.663427342416,55.5453581792434,93.114628046799,92.3396857936788,95.2811626499645,43.8189140063475
2020-02-19 00:00:00,122.420598099491,94.6631206029251,90.7056783172411,38.9459552905158,79.8957304730606,88.3357251446116,96.2460925127727,34.9275918615302
2020-02-20 00:00:00,138.473066754903,133.831630775464,138.364177596787,63.8517652932397,85.2718125411077,78.271183569034,85.9278736318808,35.3506493700904
2020-02-21 00:00:00,157.216119228847,127.177981555194,140.18435128224,60.4573661607329,116.012656216313,100.368869780675,122.033059925365,45.3929716455016
2020-02-22 00:00:00,158.005114193219,173.320644764319,168.257966316412,72.5055373156669,110.988959482772,157.207811139692,169.352572768534,63.1930375457521
2020-02-23 00:00:00,233.220538545795,151.319186620327,150.31186183669,73.3099344281337,138.658350745854,114.026835114314,129.896611631674,52.4030640557838
2020-02-24 00:00:00,206.556779709605,225.025356216746,264.707229324487,101.445494080993,196.432147932622,246.187920536703,286.504388831801,105.466906490368
2020-02-25 00:00:00,151.483785601305,169.355598258804,173.709022066048,75.6271415209698,213.521474659039,301.461915385246,315.004524364491,128.750279683356
2020-02-26 00:00:00,139.909254970847,136.73561864867,147.335505446397,58.3543459452422,197.125914438206,265.007175433835,283.35207527995,108.692580643717
2020-02-27 00:00:00,207.709600132354,254.280098473381,270.665084496893,112.608318381257,384.875478226081,651.418237445509,735.207515726953,273.085959352271
2020-02-28 00:00:00,246.033017754235,310.190198915107,343.190744444527,139.329439970961,561.936303547766,914.79055600101,937.169406284125,390.920799682745
2020-02-29 00:00:00,180.849227088624,216.650805955399,216.670714063059,85.343056190523,412.244706650297,717.687833463812,755.781923917647,271.654996484593
2020-03-01 00:00:00,189.491687568458,245.893678258031,264.42145109965,102.00835935771,379.577235166776,589.13864809062,623.328628607245,231.83910474979
2020-03-02 00:00:00,175.813445055152,210.221056465644,212.402362377291,98.9280908922331,256.250991335973,371.957836463062,393.115110141267,166.33563122208
2020-03-03 00:00:00,220.503025194799,272.691217535363,289.123556839064,107.363239172087,258.473364060942,420.960332294712,448.513674678789,158.512394668792
2020-03-04 00:00:00,165.725843685705,173.549054438696,166.517448816494,78.1474614687647,223.260031882665,267.531053295109,273.299008859933,115.775734192978
2020-03-05 00:00:00,180.880443448592,192.717548316668,245.29500918086,81.3805579756969,248.901506876747,333.283749390725,364.550971985556,133.22781209089
2020-03-06 00:00:00,264.40892779397,303.986394936805,334.725346155263,140.98326909582,333.5363866219,464.564482984839,505.200481245834,204.980108893972
2020-03-07 00:00:00,255.09259399869,408.541519801609,388.429391755192,176.370923931279,281.43629011703,444.282944525217,482.008584933164,184.299714530868
2020-03-08 00:00:00,196.779829398015,252.198644367211,306.450209780934,100.99538172662,363.978170707868,538.46005470648,595.127479222979,204.546963262059
2020-03-09 00:00:00,380.448766348853,529.993931089441,593.990147339596,251.617427738615,735.610101311467,1303.19040544972,1536.0186648148,587.930322415957
2020-03-10 00:00:00,304.760278724518,407.601609368647,432.453101224081,184.444770913968,402.96157999563,651.809546778909,708.593003940752,282.090702873804
2020-03-11 00:00:00,354.769896533218,457.538416247471,468.264125723128,201.788105110629,442.03992934628,734.448457630913,808.911450434934,311.300660273309
2020-03-12 00:00:00,421.477396935235,661.128256030792,742.934467146748,281.937863798999,645.300203013788,1123.57021574904,1186.98983273719,453.575157867611
2020-03-13 00:00:00,435.917421498168,645.195613743423,704.603904646102,271.96008519258,548.341070397417,900.452146032342,963.736319582118,361.099332498769
2020-03-14 00:00:00,477.82269472889,730.422717221058,758.431536443817,333.764500895966,586.655928694653,1059.44394463706,1106.55074586434,465.176841599332
2020-03-15 00:00:00,643.178516458325,996.184645250485,1155.29431219204,415.754181342684,700.224671266565,1152.93799948917,1307.11487434678,456.439807602353
2020-03-16 00:00:00,601.416484177732,832.001646011915,908.012002056843,329.812925516041,659.624002934238,1038.27079530696,1086.22290239358,391.113033289243
2020-03-17 00:00:00,588.904420947084,789.369313918155,857.028967393543,298.995016984766,533.00097433685,673.53653167154,684.654363966934,243.995864650891
2020-03-18 00:00:00,599.611092732199,854.597616554185,988.364289155154,340.174696490536,511.482012841556,754.63948052111,860.961588491851,288.689223471738
2020-03-19 00:00:00,618.801517060971,827.079478192367,902.692330740082,376.903998003758,435.577637034307,626.169468552272,682.412113501194,270.120001519213
2020-03-20 00:00:00,644.177735281836,868.5325569623,921.871092448875,331.778228930852,534.745837247068,714.05281643966,749.068317719283,259.504207799921
2020-03-21 00:00:00,632.020456772874,878.983269876189,980.892018368429,339.054187020665,505.396154787624,635.666366782234,645.499273181673,235.60904964122
2020-03-22 00:00:00,703.305686552163,1134.89389965245,1316.75720605086,513.888265844271,571.965696826649,981.897746817699,1022.1567123876,421.755234130882
2020-03-23 00:00:00,670.588987150251,1003.7315231247,1153.10406520581,392.09370305838,489.059462959821,650.257224895856,683.552563533428,241.382429425546
2020-03-24 00:00:00,574.562760771812,872.61189611316,1008.66916683359,366.523216500354,399.750730752637,586.628592101018,593.280978922205,235.657455989874
2020-03-25 00:00:00,493.013565135364,686.307624371207,809.682851802927,253.757239939767,364.384266082744,482.060671503452,510.538306313299,171.297900800203
2020-03-26 00:00:00,521.004913665321,752.133764958107,861.165177155949,323.946596965533,362.597256931557,512.550008532706,547.960903339779,208.975771829335
2020-03-27 00:00:00,513.504597221495,654.501319710876,709.010631129719,244.026862934761,385.198272593227,510.447394884576,541.164109541405,181.063281857687
2020-03-28 00:00:00,620.598400325172,730.422717221058,696.128239910331,276.718017324461,394.407195304851,505.799044536401,542.179810558011,184.126119823304
2020-03-29 00:00:00,468.263112548979,561.141983717045,609.382981559867,230.033416042125,415.975052237563,411.763571246132,420.149743227547,160.120473503784
2020-03-30 00:00:00,426.563768330532,550.719950740983,569.286794259804,214.610159868933,344.36253094361,396.041437385131,431.839414209808,146.658844913282
2020-03-31 00:00:00,426.664390214326,602.791112446591,659.566180083821,218.100028671656,308.241527327335,426.39207851787,480.883037627414,147.548775157207
2020-04-01 00:00:00,463.033010498754,652.123719709039,753.20947240848,244.276741407326,303.902451425567,353.342900578446,369.052964636541,127.203544159459
2020-04-02 00:00:00,440.517443614034,546.033053563893,610.155856636527,188.236533468071,300.371880212371,416.604686738407,450.387549481968,135.953530801333
2020-04-03 00:00:00,546.17288173658,735.150771428804,834.148632750241,305.364816530531,290.937989417472,392.8724331415,416.825475713655,155.255295530939
2020-04-04 00:00:00,517.799892295849,625.192325757008,783.537025212762,243.690105029362,313.147421397822,321.250744502849,351.942391118574,120.321331901275
2020-04-05 00:00:00,424.534261571642,523.312187061964,583.444480107476,192.333247508293,303.315142256557,323.076032823888,318.120501153833,112.636471016455
2020-04-06 00:00:00,411.192101003306,500.385331587237,545.684242076728,192.66277368385,292.627315027199,371.957836463062,375.927314825042,136.092789181702
2020-04-07 00:00:00,374.675872078967,470.7511544821,521.032184224326,180.73025000333,298.608979598355,374.790489397873,413.200459343773,137.614949789964
2020-04-08 00:00:00,468.862562789206,594.274034896141,645.458664933845,223.583377100925,332.276636079551,444.202503584333,471.591625566931,160.61439986851
2020-04-09 00:00:00,471.673883633887,669.15815387732,728.086924938595,243.308831959503,288.080447774013,383.781287177199,384.118728421097,132.097394291331
2020-04-10 00:00:00,412.43709200295,508.711926220776,520.255198083133,195.198671012232,216.617381528897,312.57733731696,361.302656938923,114.107636602786
2020-04-11 00:00:00,491.14842725121,588.052187593225,642.684150132623,216.164183696152,275.490453001881,362.261477843639,408.495058792893,127.957059989596
2020-04-12 00:00:00,388.093552423862,523.312187061964,524.726262079369,187.36339615149,327.580353637081,310.406384477853,338.998153242749,105.422988756497
2020-04-13 00:00:00,453.464186153178,571.445970392526,617.6437422372,200.369682022546,232.808471623849,297.031078038848,335.393856547068,98.9707564529177
2020-04-14 00:00:00,471.482078262049,617.143281790557,688.097265915232,235.335648914997,289.779144180125,355.779377616821,384.110848019959,129.753799425802
2020-04-15 00:00:00,513.833394744121,696.825748882643,729.404322651495,247.511087495885,262.834552584274,272.578809017659,262.069019420376,93.0493361180641
2020-04-16 00:00:00,508.888520324267,642.391827722227,695.261593821014,246.006269120917,330.332246780868,348.433010726667,375.65504131599,126.31264143711
2020-04-17 00:00:00,454.293331537903,564.546162025495,627.2039950697,220.077039327253,285.499896157333,349.857203235496,395.679937830724,129.753290899475
2020-04-18 00:00:00,411.194032117292,439.491634938095,544.740327249397,172.210899740048,358.73217261396,457.953188972147,518.263926002253,172.427027420639
2020-04-19 00:00:00,419.068155199475,517.007220952783,533.817284255015,195.726842236862,237.452425652276,297.736736131819,311.779251751476,106.921977388866
2020-04-20 00:00:00,482.286062391728,589.211130093848,664.196072116258,215.520102751076,303.13603076022,385.3376147531,415.126998601676,133.938802590337
2020-04-21 00:00:00,395.292008580919,536.771133464345,563.072877672743,204.687285335369,268.105911789921,328.620646501034,330.63822111336,119.848929240626
2020-04-22 00:00:00,372.258553404574,462.797478503189,474.606414672991,168.572868051518,283.741846539842,325.580244104426,335.502654786303,113.973912587643
2020-04-23 00:00:00,540.04496034412,794.959886806256,763.790121883008,287.838938940771,242.755790657568,277.736457825604,291.202252897731,95.1959733493608
2020-04-24 00:00:00,435.917421498168,545.934750090589,606.431413817541,214.286122171853,237.463405692766,281.03283538589,310.087652224413,104.945218850151
2020-04-25 00:00:00,456.882257908102,538.532003374848,592.669370583394,194.589287451718,295.309910052376,314.415622279384,334.794926740549,109.165587974414
2020-04-26 00:00:00,378.983375136917,466.567492079341,483.471965408701,192.402213819075,275.583472107386,367.41980203501,444.011121467742,143.727186930778
2020-04-27 00:00:00,414.074288627161,538.876510940102,535.729084588668,211.531435571837,214.216128403889,256.891743168733,252.398163942611,95.8261351865824
2020-04-28 00:00:00,440.109696628643,594.179810840211,600.461804614671,224.061429455348,225.562159320263,258.007945599985,291.957698743033,93.0507526840674
2020-04-29 00:00:00,375.589726141975,470.686071886766,530.175493459219,200.375168234765,220.273275603298,257.435541850011,258.647383246083,105.32507566383
2020-04-30 00:00:00,437.921073612379,500.530299100235,531.997531059652,181.612663855486,255.047223095926,280.261334714928,319.170770831581,96.2632009344654
2020-05-01 00:00:00,344.037871299491,400.145356600488,434.305891808575,146.322706092581,251.964987719805,278.165153392157,285.303926943685,96.7718296618386
2020-05-02 00:00:00,395.964623520355,482.821796129174,505.743115500013,161.492787023071,287.382127232178,300.745377832455,305.357543625786,96.6583672605413
2020-05-03 00:00:00,411.780013369919,422.432729315079,409.537326405218,161.244830522486,296.382224719264,335.745681169923,383.80026722562,121.568050957694
2020-05-04 00:00:00,395.820433676079,464.855012184593,502.648293858422,199.505912201599,245.742275602952,254.215787510726,266.985990188358,103.678554597705
2020-05-05 00:00:00,423.078975170508,536.771133464345,611.220225587135,207.958543320181,235.194707049242,309.609534719982,332.210446205712,114.72010604885
2020-05-06 00:00:00,382.252071616777,460.16794737533,473.39098346769,183.596969465465,262.087863514433,323.056366243151,318.75812249998,123.873431441929
2020-05-07 00:00:00,478.597536971632,524.619992639819,596.858055170924,191.15655911755,278.093658917847,318.134488054783,338.902433702571,109.732803802134
2020-05-08 00:00:00,383.852343052251,477.692906329265,498.096101081881,169.606131967971,232.025312432626,281.03283538589,284.854921796976,94.9297000387254
2020-05-09 00:00:00,394.060947445738,414.731542828906,406.963250252758,150.588910675265,233.869593195842,307.58050005592,308.382178694738,107.314635355947
2020-05-10 00:00:00,377.161339679528,378.297966550817,430.804516811643,142.436421511184,218.386902424721,240.723318574662,224.716768275245,85.9777325118144
2020-05-11 00:00:00,387.173870804515,426.363832831729,498.433474697405,158.842286784712,230.383383377767,224.780275272642,233.657981279725,79.5778379587649
2020-05-12 00:00:00,358.541504381786,424.824212581407,418.894818233446,173.291657396486,231.181145495501,282.450803604194,303.723448534658,110.19168081008
2020-05-13 00:00:00,526.325292509375,673.159968731912,755.664059888156,242.112661260956,285.235224679525,333.151877688249,358.576710573282,115.157494245347
2020-05-14 00:00:00,417.150113599144,524.619992639819,579.403002176206,192.783423450466,267.338655534284,295.41059605087,319.750142026005,102.761935718655
2020-05-15 00:00:00,344.037871299491,452.877690416057,482.895210693526,174.557194320376,239.276103446145,255.223697442288,263.906560458712,93.5901423115747
2020-05-16 00:00:00,397.868299594972,445.681657965392,544.381881057642,173.264915275659,218.014027555446,266.56976671513,268.661442852403,99.5797410449508
2020-05-17 00:00:00,430.00036794381,479.177424297702,444.240152628597,156.960671269692,225.319819962013,259.727791093714,268.82806782227,80.7037469290939
2020-05-18 00:00:00,325.687201495609,373.068353727763,375.410381967094,142.61849027226,191.581971440459,203.372630008581,230.170785663192,73.8802051765119
2020-05-19 00:00:00,342.407136684606,376.026836811921,380.706434155169,167.917890495713,205.494351551556,228.133341372618,232.631372515019,97.4326440847021
2020-05-20 00:00:00,321.458169159207,386.541075795277,394.4889124854,142.307350581386,220.273275603298,209.481862485793,223.839967732778,74.1188768804059
2020-05-21 00:00:00,429.266506940198,425.584585865975,442.346873071027,162.259598531933,184.371486575368,199.465274256571,217.411545059704,71.9901638315064
2020-05-22 00:00:00,471.648357686542,462.18339638351,575.781753351752,153.883131862092,219.336428158967,206.473103548817,226.449067436655,65.4022137327072
2020-05-23 00:00:00,323.624932684906,297.121105310261,311.400335433358,104.067920810223,196.212624799901,191.383422257017,264.315287577401,64.4112790406866
2020-05-24 00:00:00,327.966382330024,384.602932659997,347.711225211116,150.113276529721,175.056167816641,202.714373536557,213.335970657852,75.0536529324779
2020-05-25 00:00:00,254.593240107187,189.495036814102,225.684445812535,68.8436096222681,125.296226047558,93.6584480302674,107.429051979793,32.3341102315523
2020-05-26 00:00:00,299.382156158791,347.322498123988,352.493561629213,144.810559577487,219.943173145025,198.258737145252,211.689154785804,79.0564393035462
2020-05-27 00:00:00,271.49057809819,297.13701744807,352.719597460059,111.54706778777,195.632536298522,194.338595318146,198.16328102616,70.1150388922709
2020-05-28 00:00:00,323.680793539585,396.141627095373,441.375930442934,146.193255442334,167.470766972626,154.017490248744,166.730404983614,53.805696125609
2020-05-29 00:00:00,324.641077368659,400.145356600488,422.321804875791,143.561900317249,195.771357365028,229.414559498686,254.0110128401,78.3059349140729
2020-05-30 00:00:00,317.913904461054,402.351496774312,474.073429981179,144.329302411923,170.447330634257,170.878055586622,174.257199973344,58.8992027114629
2020-05-31 00:00:00,306.101956841356,403.517830987538,428.832048559268,140.833862276717,188.922002891227,133.031307633366,130.915408793596,44.0432133667839
2020-06-01 00:00:00,300.708242088866,325.694594524237,321.153022987642,126.613417002307,188.348520445683,165.909250796474,164.72176990171,61.2897633968127
2020-06-02 00:00:00,225.881147760525,203.800804684324,225.524398043329,71.1592480377961,171.780434500129,187.395244698936,199.903998070149,62.5779915711564
2020-06-03 00:00:00,278.985716757343,297.13701744807,312.054332003815,107.546434554876,176.218620482638,196.86247317942,226.601976003088,68.4782913133291
2020-06-04 00:00:00,281.273416845896,278.369792012965,263.933450833347,112.069522599529,182.835057520573,196.940397367247,187.614122494116,75.0553376655291
2020-06-05 00:00:00,310.348702893309,328.801610850014,362.624184441943,114.835893115658,181.269775337989,197.870057567617,201.126511912168,65.7470213221143
2020-06-06 00:00:00,272.225678670244,297.121105310261,311.698180121431,117.041905632717,229.905701785743,293.91025560899,307.879729652077,111.249189036548
2020-06-07 00:00:00,269.661247693575,378.297966550817,409.400504030695,135.794308590973,157.723873973409,139.366131806383,124.728298882138,47.4553942197743
2020-06-08 00:00:00,268.04344901851,310.890294773136,310.772611450405,108.772435515618,148.738745759681,168.585206454481,174.193283333574,56.0504771709561
2020-06-09 00:00:00,260.838944437749,292.784254616916,321.925854465239,109.918554273016,174.991283743122,187.395244698936,190.389773325531,67.2851856273938
2020-06-10 00:00:00,307.300685025252,278.730299553057,310.463111755795,107.943887368409,191.899090949314,191.814717456871,224.698192042177,71.3915021783692
2020-06-11 00:00:00,319.353510203494,353.315505247225,345.291181730847,134.409372368818,235.841859910992,249.962812043044,245.321267134181,90.01680916053
2020-06-12 00:00:00,369.559968576901,316.394002893409,323.420292526689,122.502730682161,192.145961858268,160.59019164908,165.028759290232,59.1546417823731
2020-06-13 00:00:00,321.721256610288,340.451266501341,359.230482797091,130.645128837984,168.465384929208,184.548300033552,182.724063454991,68.0491253652436
2020-06-14 00:00:00,309.746027756134,315.248305459014,327.067441181011,122.01257708593,185.45554412258,152.035780152418,160.451299385501,55.81853378009
2020-06-15 00:00:00,310.315534168383,313.851154723356,305.970194465051,113.765421616078,191.581971440459,176.613073428504,170.734179077758,60.8355672426079
2020-06-16 00:00:00,445.487819194369,551.123302808312,662.380662972816,193.225810525632,216.732323902032,225.41746826104,236.138142933513,75.5860289854266
2020-06-17 00:00:00,281.484096310394,291.877955192352,335.149077362928,108.152833725228,165.018284435013,121.146137341182,126.596898726147,43.1416648380369
2020-06-18 00:00:00,283.86978684755,329.225811707641,383.353526284108,119.707945324076,178.993984883587,181.791136031305,180.64863795886,62.5724499274727
2020-06-19 00:00:00,256.241856665199,198.521727305669,199.16141884947,67.010040715028,149.547564653841,146.251781680412,142.575077538762,46.9661853711699
2020-06-20 00:00:00,255.09259399869,328.071220446747,329.984478744661,131.323804831948,172.429276339307,129.867322245833,141.774368379659,49.9516041540018
2020-06-21 00:00:00,245.974786747518,239.588712148851,256.496760474043,85.120979419333,138.658350745854,126.696483460348,165.709904849182,42.6987929343424
2020-06-22 00:00:00,259.396886146945,322.733734574017,357.42601387921,110.045397836019,171.372902723111,173.937117770497,185.303941028465,56.3596067867766
2020-06-23 00:00:00,301.1748636807,338.711196517608,352.881853895134,126.879972529662,161.345174460402,149.373021136833,149.692269214459,53.5147235722242
2020-06-24 00:00:00,263.162646254687,276.100768425198,296.595286580342,99.722143414926,159.791460946121,146.384915953928,157.8337237887,50.812555594765
2020-06-25 00:00:00,301.178920191913,342.608974785188,359.424444750466,133.572704136684,188.212559212355,199.465274256571,221.372371966641,73.6152239631431
2020-06-26 00:00:00,263.388043902874,235.744551175481,225.651890122267,80.0480806309356,201.209450625168,192.13469358015,213.532794159929,62.0679408214002
2020-06-27 00:00:00,302.684495864118,241.410898064587,234.376478922613,88.0869747398568,206.122353325149,211.888788927411,195.989659761207,74.2911417787631
2020-06-28 00:00:00,275.127354065743,271.113542694752,306.591010597314,97.5720317745875,178.522626585288,190.044725190522,216.178743767591,64.8799840690657
2020-06-29 00:00:00,314.158451000189,328.655454474458,382.704427652884,125.342373221112,184.306706702214,208.724541324596,201.945427131745,75.6447423792186
2020-06-30 00:00:00,345.992551728424,396.119873893474,459.985599235492,141.512481761272,220.745885455774,225.41746826104,246.005459680915,77.0181853240979
2020-07-01 00:00:00,295.641580444348,326.06185985452,367.923095900609,111.211478692401,166.511662574697,179.195328150498,178.55158331691,58.7390634617622
2020-07-02 00:00:00,312.429856865749,382.758464017827,417.315576939786,136.303112666798,153.642905479473,143.91798269145,141.563699085591,48.5151512539039
2020-07-03 00:00:00,238.88683051656,238.846453164633,252.576683498456,86.4166549773381,135.045982626802,123.310325730544,127.545921622151,42.4453760841054
2020-07-04 00:00:00,234.152157177902,266.170990173776,269.953456660595,79.8554853624571,138.736199353465,116.197077798903,123.637508464985,33.4975829239011
2020-07-05 00:00:00,329.788417787413,365.688034332457,439.786154020672,120.929315065024,150.790956436117,164.705428498453,182.815268017226,51.6665585148248
2020-07-06 00:00:00,355.46980694211,432.28555273217,417.290209605943,150.590739419273,178.648167461356,165.909250796474,160.43154045969,54.9219957711698
2020-07-07 00:00:00,290.418618549247,344.452064255195,356.195414456899,123.574646266393,162.14788677115,190.111117810515,204.641055970024,65.2297476254172
2020-07-08 00:00:00,264.828232623388,247.175926018749,242.869602387969,93.8178192894321,180.698754901689,209.481862485793,223.447152427472,76.4145943059052
2020-07-09 00:00:00,284.735243514768,310.489383399076,369.936574219199,107.036460207334,152.874690952076,126.243844466184,121.975263145555,41.1980396367675
2020-07-10 00:00:00,278.70130226932,310.190198915107,328.538504891097,113.671341817851,156.798355667361,169.193237630281,193.381492104525,58.9872571275897
2020-07-11 00:00:00,380.735214923418,278.55103622837,258.748610095593,104.992382035694,158.55565640396,129.867322245833,120.07527218815,47.0356475663317
2020-07-12 00:00:00,348.008772361303,397.212864878358,465.011788259663,155.035023301187,232.252737499306,209.049197709575,189.088547193182,77.3990795866178
2020-07-13 00:00:00,314.158451000189,340.498894275339,406.907510059914,123.703361040013,183.49834395352,214.076452640611,209.518925638394,73.9065376721196
2020-07-14 00:00:00,348.681613011287,421.953778712614,424.615917276256,150.424872716186,199.875365376319,238.996833818934,243.842752400897,81.4862849687985
2020-07-15 00:00:00,333.117273740111,394.429669178855,413.403899790351,134.263089915221,148.591124898496,159.004305260301,158.630413362969,52.0171635937789
2020-07-16 00:00:00,344.45175355282,361.345403093753,364.264052385599,133.637506204738,180.530413938381,171.69162847401,173.262283157513,60.1085573595458
2020-07-17 00:00:00,294.014560635766,310.190198915107,338.247453426301,109.905831529889,147.734866900461,134.781053705478,127.235115804343,45.433249348825
2020-07-18 00:00:00,264.610974371776,321.881197419449,308.371250893301,126.795397768777,138.736199353465,88.8565889050434,93.9883365897422,33.6334757552354
2020-07-19 00:00:00,262.373105864019,277.418508803933,311.448616718897,95.3817426430557,178.522626585288,183.709901017505,174.925651958622,59.916048149803
2020-07-20 00:00:00,259.396886146945,316.812014673576,392.304382990868,115.882668313392,147.930383010987,128.445871584367,133.657587228483,44.6462675301122
2020-07-21 00:00:00,254.564468111068,295.654688485709,302.109201607933,101.354094132195,147.699065177681,176.531752252621,172.622780697662,57.8784586073146
2020-07-22 00:00:00,283.149682679094,331.320922110238,331.101481151449,127.162464757288,205.339494206464,292.769831907856,306.908712735825,107.990889966503
2020-07-23 00:00:00,242.32786682108,267.663261550928,266.602375534281,107.010828871078,176.689341301394,196.940397367247,203.759102094528,74.5341200428518
2020-07-24 00:00:00,282.784837833706,350.514924774071,383.154037417643,125.230696849056,202.115799501858,206.473103548817,196.140124304466,70.1810811244499
2020-07-25 00:00:00,405.48300389344,352.831312555935,433.660231825191,126.565695961225,172.429276339307,157.207811139692,177.594317716871,54.1872664945459
2020-07-26 00:00:00,327.966382330024,302.638373240654,333.425374851223,102.027451320906,180.255855969611,215.384021882592,205.466197641119,68.8790747335012
2020-07-27 00:00:00,353.548348526207,405.637813180186,418.210094205504,143.797753014354,185.923432199602,203.372630008581,201.35085501507,68.5100581042104
2020-07-28 00:00:00,291.314972310201,289.913820748122,320.069424326021,112.835083640757,182.215694539857,249.860326265249,241.122697638135,93.0058223351132
2020-07-29 00:00:00,269.82499172949,336.579984365956,390.980575320083,127.469911061232,167.258351644538,199.386351040695,216.900250372974,72.5714070447423
2020-07-30 00:00:00,283.86978684755,369.37530094028,421.046807749369,129.402790547225,169.007196027421,224.714043149807,234.237213844636,74.5224904407231
2020-07-31 00:00:00,277.680418378224,341.209218806618,363.164558925569,130.633038684183,182.176124214679,180.663965605215,204.921830486676,65.8045763451567
2020-08-01 00:00:00,270.322002595627,315.691174392152,318.697719006555,106.79407363327,162.519547814059,225.559033374341,228.439127758539,73.3194448696133
2020-08-02 00:00:00,280.59346043791,296.333407131474,259.749866952332,108.623472066024,188.922002891227,234.388494401644,227.317917206613,81.5004738151535
2020-08-03 00:00:00,259.396886146945,310.890294773136,352.702337094263,115.822500780519,153.588922251845,160.557339480458,187.314123821076,56.8413128276892
2020-08-04 00:00:00,294.900387354019,327.229461042435,339.532581914452,122.578956511708,174.188571432374,181.963498475779,188.702487205988,65.1906632607094
2020-08-05 00:00:00,256.500300779885,228.769208123736,263.66981963234,84.9519187099942,170.245107923905,179.195328150498,199.801700020739,63.9518374919186
2020-08-06 00:00:00,260.50245683266,278.369792012965,281.503355555793,101.859799142368,146.728974732897,164.116997806039,169.565363411008,56.8480576598022
2020-08-07 00:00:00,240.928598298753,272.967375045294,296.914687424688,95.5304184733413,173.11263544778,215.076149530018,216.735915774516,71.610297074411
2020-08-08 00:00:00,276.033030819478,352.831312555935,375.602528895096,141.235035385302,219.995973260495,232.394155597806,251.523598360275,89.3870811176875
2020-08-09 00:00:00,271.483283150964,252.198644367211,229.145940789548,80.8898196236352,155.990644589086,145.700955979401,156.865338405411,44.329649608918
2020-08-10 00:00:00,279.57219951393,304.968574872695,368.631726480262,114.410877893884,144.696932016212,147.17756119042,144.248578554207,52.4689041486362
2020-08-11 00:00:00,244.704576740569,266.950349797776,272.839901735389,98.2632884058632,201.480789997815,230.849214484197,218.277849640422,81.2693524412736
2020-08-12 00:00:00,283.982475863444,294.507486320211,325.444183754268,105.043422030969,178.458687692164,224.625129653441,247.523912990905,76.9983793737434
2020-08-13 00:00:00,220.691450140626,232.867037549307,231.78023641657,93.0994211178376,159.788621698652,171.69162847401,178.637153802138,64.9784636271016
2020-08-14 00:00:00,228.677991605596,269.865473056143,302.460820734279,100.617711257461,152.266611283911,146.251781680412,139.031639280528,51.8776818805733
2020-08-15 00:00:00,199.885987834795,185.700690818913,201.862663157003,73.5413307058907,150.627873583762,205.053666703946,193.847358067878,78.0296637521461
2020-08-16 00:00:00,258.729034949241,302.638373240654,276.186176907348,106.700464358505,152.52418582044,196.37954936354,186.306449576015,65.6779143226717
2020-08-17 00:00:00,248.828864859477,245.751375868288,241.373010082405,93.2823806825316,151.163834005763,149.853516848428,163.865562187509,54.0528710663309
2020-08-18 00:00:00,241.119161696751,232.505143372256,249.215655487228,90.4915027217948,164.556023703395,160.236513583149,181.932830198823,59.6450382366487
2020-08-19 00:00:00,328.120514634009,328.691390982379,336.686823011587,122.057354468382,181.44544397153,143.861038092653,141.591378197882,51.3416160146389
2020-08-20 00:00:00,279.54250351146,275.693159397456,294.05099396877,107.484285359988,152.874690952076,174.216505363334,167.748996189313,64.2968411829984
2020-08-21 00:00:00,198.051474872704,201.62362929482,194.997422401284,78.4203086563831,157.70470454405,157.722509655347,170.283742158742,58.3623921156449
2020-08-22 00:00:00,304.588171938735,278.55103622837,268.539358815299,104.992382035694,150.627873583762,109.361955575438,118.038864875061,39.6089663716477
2020-08-23 00:00:00,218.644254886683,296.333407131474,353.346560518018,97.761124859422,129.992203824239,145.700955979401,130.016766009373,45.5962110263156
2020-08-24 00:00:00,189.263653966475,180.612456963441,187.082054185902,61.4548382274891,152.780559503151,141.825649874405,142.551487497803,45.8576003700765
2020-08-25 00:00:00,250.082699306296,261.209482060189,277.004174168308,99.1615119173069,149.304489799178,162.952386694727,170.558056564791,59.1633185557475
2020-08-26 00:00:00,239.011643908529,265.582643913762,297.182702563059,92.608784946401,147.844435828654,146.384915953928,140.455929693745,49.0568372103931
2020-08-27 00:00:00,218.095080138972,248.926833242363,259.598121804161,108.021785445337,139.046829458923,161.592120916715,176.849098334785,66.3806001463976
2020-08-28 00:00:00,227.6571077145,288.47688499105,288.239649427272,107.556863757975,169.48723994102,186.399329592682,206.154186358935,66.1186141615149
2020-08-29 00:00:00,253.188917924073,272.361013201073,313.303993098037,99.6249553897534,182.339004864554,157.207811139692,170.438063410878,55.254995883601
2020-08-30 00:00:00,222.288325801461,239.588712148851,239.318448343568,93.2505111616289,183.722314738257,234.388494401644,255.658594793234,86.5370199497978
2020-08-31 00:00:00,222.889176244783,263.51653556961,286.728561490229,101.704773552802,147.122020262293,171.261162112489,169.125787193401,62.8116953261371
2020-09-01 00:00:00,233.051977848161,206.671238553117,209.511272077474,84.7113154840635,126.828545098226,141.225401802097,139.393002367424,55.3620038852575
2020-09-02 00:00:00,250.670748489433,328.691390982379,352.107870796228,113.007009547881,136.644099781029,153.956549537752,168.002548937079,50.8704926528339
2020-09-03 00:00:00,250.982433493261,291.752955090511,319.029160066571,118.007632549914,188.980773739752,227.238920039131,244.862817856916,87.0079441321708
2020-09-04 00:00:00,232.761527169982,235.744551175481,235.156954899625,90.8653888243053,151.360262407221,117.574961743077,119.799054821861,43.1145599412872
2020-09-05 00:00:00,205.597016058646,191.89071384621,184.662082097385,75.7906001290762,172.429276339307,136.702444469298,166.158540429409,51.8814253671184
2020-09-06 00:00:00,264.195141321408,258.503610476392,312.693559890585,103.520266269785,180.255855969611,145.700955979401,191.371543904414,55.3480018238513
2020-09-07 00:00:00,190.224383174427,189.495036814102,208.808553062561,68.6885564474432,118.829324058006,72.2508027662063,67.4919125801777,24.8872775083396
2020-09-08 00:00:00,224.088440238616,218.15297402829,206.556461736161,82.8162077551135,174.991283743122,171.100006029464,187.619422956675,62.1214844835349
2020-09-09 00:00:00,198.204777875366,202.473896845145,204.683237159489,83.7025219828094,179.952065831847,212.005740347068,237.902512396475,84.2302022530588
2020-09-10 00:00:00,237.135126817771,259.6333637044,268.01153160076,95.6115516634038,152.106476424679,138.868228912802,135.621674300709,48.4098926307517
2020-09-11 00:00:00,164.362306466522,167.502707414158,195.295741620575,64.5622499541117,159.51740229743,117.574961743077,149.787740704078,43.1145599412872
2020-09-12 00:00:00,196.07863568556,179.510667791616,243.848690215051,69.6050453809018,148.645927878713,150.372688916227,160.403481662254,56.0265209708621
2020-09-13 00:00:00,200.423900312793,226.97877993049,225.212411480517,84.3162516613119,162.923562126379,177.375076844488,163.54485434123,62.5027907296272
2020-09-14 00:00:00,222.889176244783,201.338476614983,196.2356985602,72.6543195158774,164.097637984866,171.261162112489,180.799128558313,58.7275267959623
2020-09-15 00:00:00,243.808222979615,221.023407897083,218.430823483045,88.8766230582206,151.712626731423,138.509528690518,148.196000911333,53.2680163157732
2020-09-16 00:00:00,237.346057539829,249.805457146608,249.699820204517,104.274399758974,150.084503038179,189.290839595596,189.194392712913,75.9374651004071
2020-09-17 00:00:00,259.637000165442,273.016526781946,345.315181870183,113.077342047366,199.735777123315,174.216505363334,186.480648019931,68.3057569402118
2020-09-18 00:00:00,247.053901645331,217.133139240575,206.821626728158,82.9445572327129,174.925333201159,163.457873642814,185.613015612659,59.4045776891386
2020-09-19 00:00:00,161.812466342453,154.750575682428,164.759025860043,63.8379606821968,176.393167749406,157.207811139692,179.178460135601,62.3153564687277
2020-09-20 00:00:00,227.754432173628,195.453949384589,214.526082717153,69.9790997674239,209.720755503105,221.71884605561,191.283459364688,75.3021348260689
2020-09-21 00:00:00,309.354804960431,316.812014673576,368.031226895743,122.274278316289,337.087266205364,358.578058173024,431.84156710121,131.5119870891
2020-09-22 00:00:00,298.485802397837,281.302519141742,298.696591689022,112.582137441674,211.916050037543,179.2476253642,220.443915605887,68.6099144666534
2020-09-23 00:00:00,245.673989383332,260.323581658044,290.289708449586,99.6903442620513,194.885847228681,209.481862485793,251.813858690593,77.0968674693508
2020-09-24 00:00:00,257.906086831006,246.250200626854,229.039546209113,84.0521419496465,237.378288965786,224.714043149807,239.294284988279,72.6078810025227
2020-09-25 00:00:00,221.531804367921,217.133139240575,242.618384763635,85.4233600925411,167.67454218764,192.13469358015,228.632981842969,71.9132003999671
2020-09-26 00:00:00,224.633776804817,173.320644764319,175.872116397525,64.0285217588601,162.519547814059,123.032200022368,112.26445448101,43.6733192642608
2020-09-27 00:00:00,209.534077599738,214.36884771213,233.655789003232,79.2073113754636,194.121691044196,228.053670228627,221.717992740816,79.9321403730889
2020-09-28 00:00:00,210.399696541411,216.142776366085,204.19333995896,78.8808635053334,206.940863665643,195.344763034558,206.990963761397,67.7455646762663
2020-09-29 00:00:00,245.600930501524,295.654688485709,318.728066948494,103.23102180131,246.432679399718,260.723818711564,285.898504336656,87.0650317511741
2020-09-30 00:00:00,233.182091618077,226.139676995877,215.581938053132,85.6438464942653,234.46036793029,217.053496069617,217.024752425706,79.0017848841498
2020-10-01 00:00:00,228.480560145589,256.956731088891,320.592637490926,99.5056747744694,251.206150458939,252.487688932368,265.314291240036,92.5570307534552
2020-10-02 00:00:00,300.139863982345,362.922532730675,407.238200746574,146.829514080036,706.045774941467,897.584464038609,984.546645261585,345.483285715307
2020-10-03 00:00:00,243.670537550988,259.980967146478,248.340228809235,91.4909919919257,412.244706650297,526.304411206796,550.458764370959,177.970500856494
2020-10-04 00:00:00,256.906999491852,252.198644367211,275.288714358336,93.1850722064277,478.371310073198,513.120758014411,528.048147320556,179.84731583945
2020-10-05 00:00:00,275.729282682123,293.125135071814,317.172424900357,99.7381800741217,420.348629320838,553.922821207581,597.499656319477,179.104212766148
2020-10-06 00:00:00,308.345693768336,361.674667467954,400.709920328933,131.420445542193,299.411691909104,374.790489397873,405.27929527304,130.247982456454
2020-10-07 00:00:00,282.316889494744,302.396079703788,316.845322347929,108.990037695885,227.740166301715,242.292274682363,252.879490746153,83.9268521849205
2020-10-08 00:00:00,209.44051346679,224.837139702779,251.547135582686,94.9439843049797,206.649707869892,227.238920039131,238.534216755753,90.8371446074252
2020-10-09 00:00:00,279.722186160417,338.107316817467,374.2102210334,131.804380695992,195.771357365028,220.811513517485,225.469027896983,81.8934704857341
2020-10-10 00:00:00,264.610974371776,222.840828982696,206.503749320879,74.2008942099794,198.194570504951,293.91025560899,348.098160666963,94.0379916295482
2020-10-11 00:00:00,209.534077599738,163.929118838687,171.697095235375,60.7322495997774,164.656791510702,202.714373536557,187.697498384598,71.2407668209349
2020-10-12 00:00:00,217.124800997073,236.868796017627,260.00933715226,91.6397808373341,202.899049922174,206.048585666588,183.444011704758,75.7519803645935
2020-10-13 00:00:00,290.418618549247,264.079915928983,291.694102267313,95.7527476304905,206.297063862305,203.690483368409,205.589937385817,70.6356928269742
2020-10-14 00:00:00,256.500300779885,231.398739251595,253.106515514745,88.0241916322227,195.632536298522,229.67288537599,231.910741592719,83.9656210560333
2020-10-15 00:00:00,210.305970134008,240.896935395835,249.765802984509,95.2078038102403,239.682932547978,242.388181375073,259.043527835631,90.6847100398155
2020-10-16 00:00:00,257.262740556296,226.438845208028,237.689178358735,107.943446069982,228.399916925866,249.488333454821,268.216715707022,113.148258809161
2020-10-17 00:00:00,270.322002595627,247.600921091884,265.016296727998,82.260996315314,245.761267426139,170.878055586622,194.77493393941,54.5509394240395
2020-10-18 00:00:00,313.390098670912,258.503610476392,299.258008397276,87.361005193526,171.589709047995,190.044725190522,215.349934143559,60.9238874794885
2020-10-19 00:00:00,273.80782426622,227.986216166966,236.144167600585,88.8439909134832,245.742275602952,262.243654484749,256.51378169622,97.1119378479843
2020-10-20 00:00:00,263.528005720613,246.857312716223,253.103410692696,88.7494608196385,229.575720874004,228.133341372618,243.990090760424,78.4415354919212
2020-10-21 00:00:00,239.011643908529,197.214834589427,189.811890875458,72.1413617454917,208.326250485831,214.529618208342,213.382590214452,75.4193416711506
2020-10-22 00:00:00,230.211473480026,264.986628935419,263.658964226532,97.1685590054831,245.06043423976,249.962812043044,236.392513166193,86.7677948171563
2020-10-23 00:00:00,254.200088883006,235.744551175481,245.310071328788,91.0705025688297,215.711032652207,189.267011586416,175.682003492594,69.5605937631163
2020-10-24 00:00:00,222.7301007302,204.270759900805,193.894647764997,80.8954637764798,210.086244735248,198.218544480481,178.263693264206,75.4286749604079
2020-10-25 00:00:00,209.534077599738,245.893678258031,224.912015128642,102.314690767193,206.254296734458,190.044725190522,161.747568772784,75.0113929927636
2020-10-26 00:00:00,225.771363868638,251.673095768729,261.346789207043,94.1971700700039,356.487972174019,401.393348701146,426.853922617898,142.764227567219
2020-10-27 00:00:00,205.265011258573,241.116444978636,236.817860690525,90.5211623424837,301.819828841349,306.893661608403,313.196968904697,110.19168081008
2020-10-28 00:00:00,259.831473517286,326.06185985452,311.98059508726,132.872621810636,421.879324460554,567.872518786789,585.838793424245,222.401174510218
2020-10-29 00:00:00,250.116976826043,273.016526781946,265.156140692559,99.4794338264804,318.809028869907,383.781287177199,386.208162092195,132.376080777178
2020-10-30 00:00:00,286.868373398092,282.273081012748,300.071185636191,102.780659856026,459.518880481802,464.564482984839,452.735966436229,160.931191876332
2020-10-31 00:00:00,253.188917924073,247.600921091884,258.098671015978,81.3510295419145,449.901675046238,478.458555642541,484.58228170193,151.052999520194
2020-11-01 00:00:00,307.923992298745,371.993000441637,336.560078711168,134.22654443797,493.970374532106,424.433219592167,379.473363773648,145.275971272704
2020-11-02 00:00:00,297.826054465011,322.733734574017,326.497722485189,118.859102468194,455.108227514677,492.375841073406,480.427886710824,172.318927309205
2020-11-03 00:00:00,244.704576740569,238.246011109843,232.254637892382,77.8968695852973,617.285766965418,776.739709911534,794.496009323042,242.888791612199
2020-11-04 00:00:00,311.464650947003,312.914204215225,310.852582795655,95.5226937218894,1173.79521779113,1289.70158711133,1357.59151297545,378.373958667915
2020-11-05 00:00:00,345.317210220038,329.225811707641,350.809981547272,128.645416355059,661.432708089133,772.612328133045,807.902156244691,285.787631880284
2020-11-06 00:00:00,261.346276120681,288.47688499105,293.377658460378,91.4233341942791,445.017298454763,424.416935072569,425.26098504011,127.964948638747
2020-11-07 00:00:00,287.455087267181,352.831312555935,407.967302988561,117.484749165801,525.215611838119,526.304411206796,519.844071764544,168.393612918028
2020-11-08 00:00:00,276.949389523132,233.283746039671,250.550312531273,88.3157702776083,346.645876864636,335.745681169923,366.035788470528,120.571591523614
2020-11-09 00:00:00,215.203342581169,260.55567561939,268.698249786682,92.1634367278331,445.40787453035,610.117890025742,606.028103256501,205.078459643812
2020-11-10 00:00:00,219.606671433844,209.54167242191,238.676321934368,74.7007871311673,236.800131670739,304.177788496824,293.158853388665,103.709817233016
2020-11-11 00:00:00,174.053775529208,181.437647822273,183.742145223603,62.8839490221106,188.912334669947,204.434106763244,229.517314858191,68.0951959773105
2020-11-12 00:00:00,202.516860129045,195.394180932177,198.337776238509,77.5791609029496,188.980773739752,184.316012920628,183.605655681383,69.2752139602527
2020-11-13 00:00:00,214.385617130246,189.216021338215,175.099074128242,73.2614369765862,160.42375117412,172.060919624015,162.298431194545,63.3799733382569
2020-11-14 00:00:00,180.849227088624,247.600921091884,297.440754482366,89.2491877498674,206.122353325149,232.394155597806,239.668316751667,80.4917647928691
2020-11-15 00:00:00,215.000183971905,277.418508803933,305.869408650992,99.5824929667136,190.65523227555,190.044725190522,188.189904408959,64.7119012087831
2020-11-16 00:00:00,213.281884165266,233.907936067407,219.740225776224,94.3499297443028,160.055824241396,152.529472506435,151.459412789789,58.4653503370518
2020-11-17 00:00:00,168.51450705944,183.707767602771,198.60845296381,74.2232478527032,142.882791313192,133.077782467361,137.609650328361,51.4227843780372
2020-11-18 00:00:00,178.217741450959,176.178585566555,163.235086101002,67.3169416519254,127.683830942929,123.670015202456,127.613935439732,45.4136483936778
2020-11-19 00:00:00,218.96053680619,184.68765047014,182.211224067274,65.9045203923365,142.119687568513,169.166751584686,183.927753087486,57.1444048135279
2020-11-20 00:00:00,192.947055417222,204.725531283971,211.055949644103,78.3798232105099,111.480911832863,131.913371711744,129.07834972024,48.0477859028128
2020-11-21 00:00:00,163.71614241707,173.320644764319,143.703981060778,62.0228090290645,120.89868800802,150.372688916227,140.359446667797,51.7064036911811
2020-11-22 00:00:00,240.508680375351,151.319186620327,152.161206493077,54.6006282459538,140.391580130178,107.692010941296,119.846068514765,36.8610673378503
2020-11-23 00:00:00,203.67459208575,174.690737063,184.196536164498,63.3222629749867,130.146402539721,115.066093294329,115.085413489288,39.6352938095779
2020-11-24 00:00:00,250.97905306725,266.950349797776,263.556923582853,110.486282817324,349.982567486245,439.971444075764,433.12531936052,174.156607719346
2020-11-25 00:00:00,238.178850724179,173.549054438696,159.88518519644,62.1590455523995,138.884166990554,159.004305260301,150.024985657572,54.732046871116
2020-11-26 00:00:00,140.203980089339,96.358774158334,99.8967057745232,35.5605215940812,103.708961198645,73.2214297903866,65.3577152668623,25.5797571744699
2020-11-27 00:00:00,168.445842030908,127.177981555194,141.283848587965,52.9553572210799,137.765029256872,74.559731837073,80.5599472452081,29.5361984429541
2020-11-28 00:00:00,194.174959610943,148.560552655131,144.854311650316,65.2733704490154,194.230679094852,157.207811139692,157.081384870609,66.371385587994
2020-11-29 00:00:00,193.135758483237,220.67381382131,236.548067075069,84.6990355061886,149.057727051794,145.700955979401,145.762013013379,53.0482233547162
2020-11-30 00:00:00,296.86532525706,346.42061417578,345.44413032805,120.418234689922,152.780559503151,133.797782900382,130.35025270732,44.1962691532789
2020-12-01 00:00:00,268.009774525385,310.006857829675,317.098434514531,116.901615368008,141.277366691695,154.804767359991,169.497985642361,55.8304516104404
2020-12-02 00:00:00,155.732325473502,165.660461055119,155.912589020931,59.9595166102403,134.404032571504,143.861038092653,136.475869392114,50.0418282674328
2020-12-03 00:00:00,185.207726784682,200.747446163196,202.608504261153,75.3728446831069,138.278614931526,156.542367138068,149.968849838676,55.6388481390118
2020-12-04 00:00:00,157.216119228847,139.585589511798,138.360641494029,57.7005615531916,125.076144983212,149.119463674146,147.241638922328,58.6443360389089
2020-12-05 00:00:00,188.463931387092,179.510667791616,163.344928014747,65.3400303453073,164.501493519109,75.1863444581137,83.2379647839195,26.2967616811767
2020-12-06 00:00:00,207.712042142349,170.234084947868,174.205867875876,58.9686785056301,126.525745055592,95.0223625952612,152.631858678948,31.2234923332379
2020-12-07 00:00:00,171.970528223345,210.221056465644,221.366167151347,75.3527997441954,140.655118272742,165.909250796474,169.646708381786,56.5121649137649
2020-12-08 00:00:00,161.343676971804,177.966899865184,192.615355737997,66.2271578290979,149.304489799178,146.657148025255,145.030745858569,52.1960593310904
2020-12-09 00:00:00,148.237186814349,139.365149776529,141.525205224738,55.4746428123028,145.604368619129,123.670015202456,115.446852439567,47.3102740806527
2020-12-10 00:00:00,158.37857010092,136.508263390973,135.791086115976,48.4119626629894,136.742185876731,154.017490248744,144.879212256191,51.7065005888809
2020-12-11 00:00:00,153.132583664462,164.400805425007,164.971171282679,60.6353314942591,164.04914668088,166.325555636547,161.076808914264,58.3623921156449
2020-12-12 00:00:00,207.500692133263,179.510667791616,182.311814258169,60.5880281383759,174.411222044356,136.702444469298,128.542135669796,44.3350362228103
2020-12-13 00:00:00,271.483283150964,195.453949384589,222.946783214985,73.7926746866296,143.858038898824,50.6785933841393,42.3077370178812,18.1498956342164
2020-12-14 00:00:00,146.991568816602,133.238697759915,118.991916436723,51.5473767210004,134.996579031885,85.6305810562445,75.8508666384453,31.4813424891817
2020-12-15 00:00:00,155.069200645123,155.003428914838,145.481542940654,54.2327081604159,130.842106651968,122.214290021046,127.346984493816,40.8958815377616
2020-12-16 00:00:00,172.388189160507,202.473896845145,193.931576185865,80.4086727381155,124.697074663562,133.765526647555,123.717913219096,51.0538827864867
2020-12-17 00:00:00,179.149530114155,176.657752623612,161.36784518332,65.6148979090789,92.9539578150814,78.271183569034,81.8893999558512,27.5202904773607
2020-12-18 00:00:00,152.111699773365,133.381785533496,127.138026441354,54.34843369153,106.949167449414,91.7658237994744,89.1353734285903,35.5732675752502
2020-12-19 00:00:00,159.908790267836,154.750575682428,150.235434948941,52.7102427651166,130.808416533267,102.526833351973,88.629832485008,33.5563347557968
2020-12-20 00:00:00,351.652843276082,233.283746039671,231.961163824842,76.5961419943237,211.453984887428,152.035780152418,135.305233136608,47.3531637281332
2020-12-21 00:00:00,234.417926740202,216.142776366085,216.30479784544,77.4754138214967,179.45653021005,149.853516848428,138.09073691657,51.0432457285619
2020-12-22 00:00:00,221.399378955753,218.15297402829,207.137269125599,83.75304268447,176.596708364619,162.952386694727,157.245658480782,59.8325868652017
2020-12-23 00:00:00,169.889809607456,181.437647822273,168.124601273401,64.9844567138721,147.844435828654,126.193893063731,158.818690250085,43.4381324373936
2020-12-24 00:00:00,190.400466787991,144.538161237501,150.988863142011,51.471105482567,152.874690952076,126.243844466184,145.233179299144,42.5571502227227
2020-12-25 00:00:00,90.8586663075806,86.85325569623,79.5700305082129,27.9918355105502,60.7253747382263,71.6920498433394,65.7269967834726,21.9820685934633
2020-12-26 00:00:00,171.330846715538,185.700690818913,282.148180718361,79.9362290281421,109.007013777723,95.6917111285083,90.531994693147,39.5802642221031
2020-12-27 00:00:00,233.220538545795,334.163203786555,345.462702753458,128.2585394808,164.656791510702,190.044725190522,200.211715627084,69.1933348104994
2020-12-28 00:00:00,147.952298024554,201.338476614983,181.465022085417,69.6856483958738,101.04534358674,96.334403688275,101.870724008796,31.6844479245958
2020-12-29 00:00:00,113.836927641217,120.558222489318,135.588849386196,49.8970309497593,115.590572747751,111.35079757473,113.338523229943,44.0766723240319
2020-12-30 00:00:00,141.574841339547,134.106087520811,132.82405518627,56.2526236867291,83.6291758222691,65.62082439314,60.3165556553141,26.4537164486699
2020-12-31 00:00:00,120.298476743322,107.065304620371,119.821990776634,39.5962981347371,76.0532382123393,80.7960604583577,78.4049507713934,28.2863799339039
2021-01-01 00:00:00,110.255460238412,105.464667631136,109.988259564872,34.9781698717797,65.257119121676,68.8243678496058,63.3229237261391,21.7162389267516
2021-01-02 00:00:00,163.71614241707,204.270759900805,190.099633539906,80.680316266436,114.952850892871,82.0214666815785,74.3602078846016,31.128855220271
2021-01-03 00:00:00,202.245935770182,176.539051057048,180.081837477725,58.2406701290173,140.391580130178,145.700955979401,152.873140665459,45.5962110263156
2021-01-04 00:00:00,150.834485648409,162.847297262119,162.40711528195,62.7009026781759,214.216128403889,216.752408298619,233.689661653457,79.3058699548047
2021-01-05 00:00:00,148.794724318441,175.096465996391,182.28202278814,69.9117503671418,182.215694539857,179.2476253642,192.635296334699,68.4484793737907
2021-01-06 00:00:00,152.401152736101,170.919523310837,175.706416899446,68.0349392981072,219.526586533456,227.149007514716,221.376020702718,86.8964217807907
2021-01-07 00:00:00,132.414870084376,139.184896006483,136.024401923742,50.9298995711841,165.934337917831,164.116997806039,159.962642835883,56.8480576598022
2021-01-08 00:00:00,185.800868179547,214.031237251424,209.644508672121,79.6267749434044,148.641215777151,166.325555636547,152.092870613147,58.8698911775201
2021-01-09 00:00:00,199.885987834795,222.840828982696,213.707605947204,80.1297792194935,188.284841979703,184.548300033552,184.172348763206,63.7651610565358
2021-01-10 00:00:00,182.203545738902,201.758915493769,177.272668485348,76.3812067265801,133.458662592885,101.357186768279,90.8025839472206,36.3989710259968
2021-01-11 00:00:00,164.284694559732,192.455896764322,195.873057675088,68.2252112841826,152.780559503151,147.17756119042,140.215414387048,49.5796473122575
2021-01-12 00:00:00,161.343676971804,114.817354751732,117.120112911449,39.2024196405123,135.658380516457,135.79365557894,122.405829042282,44.3427286962092
2021-01-13 00:00:00,135.745289049095,134.106087520811,130.69865161865,50.6769231010401,134.404032571504,138.813282370104,154.158033368287,50.413110090887
2021-01-14 00:00:00,154.051286764829,144.538161237501,140.104064284001,57.1246822861442,113.69575005481,93.420444904976,94.9977500944598,34.9513986611789
2021-01-15 00:00:00,155.174351446655,183.012217359913,187.680570615646,74.5711066930295,152.266611283911,149.119463674146,152.403676430955,57.8065598097817
2021-01-16 00:00:00,148.486733820133,216.650805955399,277.444171298153,75.8828589241207,170.447330634257,150.372688916227,133.446762874607,50.6088621033966
2021-01-17 00:00:00,171.271332994568,176.539051057048,192.284221771836,61.0002031276491,162.923562126379,158.370604325435,182.373183210373,51.9093804376357
2021-01-18 00:00:00,150.834485648409,124.356117909254,131.981029800699,41.9583399053957,104.278794581516,99.0103593462826,99.8578363911444,31.7453369754642
2021-01-19 00:00:00,159.550969449895,143.521693439665,134.246072405129,54.2416552375685,130.842106651968,124.930163132624,113.802276788998,45.1565017128167
2021-01-20 00:00:00,119.08942536209,126.217494137233,115.636001476047,49.5513756099011,129.177209082612,148.908793815202,131.323302288763,56.18329797772
2021-01-21 00:00:00,168.764050107538,165.951222161575,181.471623393093,66.8106769343344,122.914324383579,111.094583130242,101.716255725532,42.3389084267087
2021-01-22 00:00:00,163.341422575426,142.687491500949,136.119868965057,54.3850281721841,134.139633750112,117.574961743077,120.164481363443,42.6344423472863
2021-01-23 00:00:00,211.308044282497,136.180506600536,119.421947942933,50.9417278189419,134.772307943366,129.867322245833,130.994449272202,46.6802144612964
2021-01-24 00:00:00,167.62726207979,163.929118838687,173.038742824443,56.0836082723871,124.792515671269,126.696483460348,120.615946764486,41.1173561589964
2021-01-25 00:00:00,221.928447036831,278.320835320712,292.729590307891,103.449249129997,109.937333822373,93.6584480302674,93.2749205549552,33.0808564262764
2021-01-26 00:00:00,212.435841346208,243.98687884743,255.187143849522,86.435606352476,134.855668205709,122.214290021046,152.899256675302,41.4081472772742
2021-01-27 00:00:00,188.211259663163,197.214834589427,230.797888855084,71.3803769169528,192.645780019156,222.101251792166,245.557971962552,77.2575594304226
2021-01-28 00:00:00,147.993090094302,120.448467697918,118.425968106249,46.3316372662305,289.616876828807,335.808626280049,356.646757621574,122.278350784709
2021-01-29 00:00:00,182.738216506258,155.095099457554,180.797930514331,55.6441474097864,236.557056816076,281.03283538589,284.42361547274,95.9247702697392
2021-01-30 00:00:00,175.138198864772,216.650805955399,216.090180299384,74.6504227002951,245.761267426139,314.415622279384,331.898356124117,104.099899437318
2021-01-31 00:00:00,163.983191165012,94.5744916377043,126.193909494948,32.4360167797745,251.318260726861,247.058142747679,228.302729255334,80.3773069964539
2021-02-01 00:00:00,159.481048519974,142.121277610576,131.250087304784,46.4904254004036,143.888569267518,107.038226320306,110.185563686836,33.2729636064522
2021-02-02 00:00:00,138.934832947942,94.7243176701786,86.2177803338942,33.1422105424764,99.5363265327851,105.919051351573,104.975136128493,35.4430973327267
2021-02-03 00:00:00,154.066739104801,152.512805415824,151.062628375206,60.0119058777023,88.8559993111609,75.7163358382385,75.4096039459423,28.6333010607957
2021-02-04 00:00:00,146.262176759866,128.478365544445,154.111568256843,41.3988161841542,106.013604780837,113.619460019565,107.259945678261,34.6570822242882
2021-02-05 00:00:00,175.592029268583,195.419825316518,176.553758411055,74.3183232805107,129.607889366662,126.178007724277,117.618823575009,45.6523600549045
2021-02-06 00:00:00,186.560255312475,154.750575682428,176.218302723934,47.7789310719145,124.862579418119,123.032200022368,109.812140878605,36.5003624620226
2021-02-07 00:00:00,176.737439366735,170.234084947868,152.544711924413,62.7326367081171,145.591268283147,120.361659287331,125.039756220699,42.0742095270581
2021-02-08 00:00:00,156.598860896119,162.847297262119,172.50675931941,63.0023493256672,58.2021179059622,58.8710244761681,57.2822461504513,21.6434229613124
2021-02-09 00:00:00,138.038479186988,132.039957964491,120.631873590777,48.6033469534377,100.339038843533,105.919051351573,105.921876220003,37.2882911201138
2021-02-10 00:00:00,123.253391283841,149.883274287965,139.951244557847,57.9145652715384,110.50998233657,113.574503757358,127.998992211166,42.1760785895504
2021-02-11 00:00:00,153.185830097611,160.597956930557,159.52192996186,62.0519168755779,126.755397020566,93.420444904976,96.9710804218134,34.1694881765888
2021-02-12 00:00:00,102.088389109641,77.5475497287768,79.5855362877756,29.889930534311,96.0729809291342,86.0304598120072,84.4964484006309,31.5472389814297
2021-02-13 00:00:00,125.642620924728,123.800460545942,167.767461517463,41.3153543291521,130.808416533267,82.0214666815785,89.3937212940073,26.302133849038
2021-02-14 00:00:00,122.076375645065,31.5248305459014,25.5032718023204,10.1112274529544,131.725433208562,82.3527142492264,89.4115351386367,25.0558889093884
2021-02-15 00:00:00,113.366046538295,103.630098257712,96.331008743457,42.3310662751137,90.536627853719,50.8431575021451,45.6282809228875,19.7357654691063
2021-02-16 00:00:00,121.904111489807,74.6312805886255,63.0076341979068,28.0184550107688,101.94446346503,70.6127009010485,75.3622800339405,25.3538380624962
2021-02-17 00:00:00,98.2695957533327,78.8859338357709,78.3778035460465,26.7994444820876,86.6159321016358,70.6685801156893,71.6724183433121,23.0729596930821
2021-02-18 00:00:00,104.720256733395,85.6522436962969,97.6480531959976,28.7246155012384,95.2586013972735,53.0224146757972,51.9065377524887,16.832799029842
2021-02-19 00:00:00,119.44341525828,99.2608636528343,98.8182040494489,37.3341655412299,103.323771942654,83.1627778182737,81.5577277150074,29.7584065292959
2021-02-20 00:00:00,199.885987834795,117.610437518645,167.673834041044,41.7848469919834,105.043122367624,88.8565889050434,94.0942309699828,30.3344984682386
2021-02-21 00:00:00,102.033985613785,100.879457746885,112.098508672939,34.0091504403021,117.859598133976,76.017890076209,69.64871543828,24.3102616706475
2021-02-22 00:00:00,97.9943792110682,82.9040786061695,87.6785086533926,30.2556736732785,109.128971073679,107.038226320306,114.578111111493,37.1208573568583
2021-02-23 00:00:00,147.002016796532,163.614730521218,160.247795967327,55.1970847910572,140.474654380947,116.782543797888,126.447581084989,37.679859044401
2021-02-24 00:00:00,129.082943574293,105.181245114361,116.122217094564,35.7325926427835,115.736805825462,106.002870173534,105.199823080021,34.6094395396232
2021-02-25 00:00:00,106.451170067831,115.095202466899,118.117346038378,41.5864677219485,145.9607602055,154.017490248744,154.849354419767,52.680053947249
2021-02-26 00:00:00,148.02816420898,111.668471609439,115.821893778793,39.8133874717022,132.326935996732,103.236551774409,109.365738357057,35.017435269387
2021-02-27 00:00:00,121.835268775494,123.800460545942,113.072348137424,46.4276077688704,164.501493519109,177.713177810087,181.169883766535,64.0394967662815
2021-02-28 00:00:00,143.940801133733,107.184423856065,126.266124880708,36.2228558119498,161.190332742056,133.031307633366,120.338474539125,42.646721235642
2021-03-01 00:00:00,109.523129706488,109.551818158153,112.605507115986,39.0942213594303,96.1951670945764,123.093960268351,150.49924053372,41.742445251731
2021-03-02 00:00:00,111.147866358354,120.558222489318,138.731340298057,44.1852757870439,121.209558922988,103.203178239994,109.701340043063,36.1752386244754
2021-03-03 00:00:00,119.92221854644,92.033589475066,93.0727273807415,30.5994949109108,145.604368619129,123.670015202456,125.031303798727,39.5169149782196
2021-03-04 00:00:00,128.087586748285,131.154998159955,160.095145065136,48.7140908718919,188.212559212355,143.91798269145,143.567432397475,50.6018244261148
2021-03-05 00:00:00,139.861093080208,151.993197468403,144.366377457658,56.9177530594721,200.303101748478,151.987145667879,149.645711979661,54.148039949745
2021-03-06 00:00:00,119.931592700877,92.8503454094566,90.0225587822207,32.0674407147779,154.591764993861,143.537566692762,146.027962681607,47.6343877556706
2021-03-07 00:00:00,147.584872048511,81.9645594193437,76.0348965174515,29.0458585042414,131.725433208562,101.357186768279,141.071131742151,34.0716710882732
2021-03-08 00:00:00,106.640942082633,94.7475184070509,88.8632065850752,32.3754979433809,134.996579031885,90.9824923722597,87.1339787414769,29.5430008072576
2021-03-09 00:00:00,122.800465250762,111.946920882938,116.805639348379,40.9407596924595,101.94446346503,70.6127009010485,67.3383926764592,24.6981353539834
2021-03-10 00:00:00,116.591045809039,131.476556392952,139.808116735654,50.1248869016824,93.336133730211,78.2402136995131,68.5876164348439,28.6672368250159
2021-03-11 00:00:00,127.222130081067,104.388672004862,115.834502887292,35.4905205673212,102.940746671247,103.519952462271,92.4211387588755,33.3168870936551
2021-03-12 00:00:00,96.9839696541591,68.2418437613236,79.6144247668995,25.0613597819012,89.7285387923045,80.2950958245401,81.0669585178913,28.0540253946448
2021-03-13 00:00:00,121.835268775494,111.420414491348,115.158848720882,38.3916459601518,97.1153395474257,109.361955575438,101.451171777199,36.2086606738497
2021-03-14 00:00:00,118.432304730287,132.404288292786,133.483742071625,45.6363459966181,112.659909981007,107.692010941296,115.853870774813,35.2105717854092
2021-03-15 00:00:00,113.366046538295,91.7866584568305,97.7900453118793,31.8369238598669,90.536627853719,42.8152905281222,44.9256883741143,14.1123259434263
2021-03-16 00:00:00,119.215050206944,143.521693439665,146.464809005968,55.987363681996,117.998709679995,97.7714320168364,100.482507521208,36.4772460612678
2021-03-17 00:00:00,137.410875417796,136.73561864867,144.109591766587,48.8717647291403,141.124234200079,131.24164878628,146.516744187506,45.081541781275
2021-03-18 00:00:00,148.85854676152,88.3288763118062,92.1923175841736,35.727081414194,117.536822691797,90.8955680156523,83.3588344441737,34.8031776528683
2021-03-19 00:00:00,99.0257374363519,93.0570596745321,92.0599153464556,34.7715174425347,112.387260709553,103.236551774409,109.817336050944,36.6994954788335
2021-03-20 00:00:00,127.546296999345,142.370529627833,172.226649742127,52.2052656245521,134.772307943366,116.197077798903,138.805266979341,40.9414902403235
2021-03-21 00:00:00,102.033985613785,88.269525528524,78.1518593479042,32.7896534238435,119.592827518299,82.3527142492264,78.8346008841664,29.0191528387555
2021-03-22 00:00:00,122.973338617811,115.473538058593,128.508755171553,39.6259009676148,89.7282651050251,82.9546253982368,88.781484326125,27.0511322455016
2021-03-23 00:00:00,92.3244373783099,77.5017144574188,70.4377797216368,28.652356707845,118.801421990744,103.203178239994,101.847553586495,36.4904912486539
2021-03-24 00:00:00,102.433561675084,76.2564027079119,74.1758893994117,32.5437698540774,103.043091638153,103.478992312259,100.114295979809,42.4418648227848
2021-03-25 00:00:00,110.778453403922,115.095202466899,112.88279759863,42.1151092607868,114.463964582208,73.2214297903866,65.3577152668623,25.3629795712964
2021-03-26 00:00:00,108.21369245622,83.7513537070789,81.348235834648,32.427193415866,96.0729809291342,86.0304598120072,81.6838632255627,31.6899866691285
2021-03-27 00:00:00,123.738944850111,117.610437518645,121.040363529431,48.6519945477689,132.790362238317,136.702444469298,142.261608875936,54.3382059555335
2021-03-28 00:00:00,131.18655293201,126.099322183606,162.037472966681,44.2334203511524,105.726992443714,133.031307633366,116.346276799173,44.2662169787676
2021-03-29 00:00:00,83.5834410917935,62.1780589546271,61.0140690802712,23.9403446589399,113.170784817149,115.066093294329,105.831131866901,42.1006470130444
2021-03-30 00:00:00,116.525988924081,100.465185407765,103.47003495954,42.8345533697683,92.3119157360507,111.35079757473,118.510381792995,45.4056172182238
2021-03-31 00:00:00,99.9351821220332,57.8496848128987,58.4119235747226,21.6225002320983,94.8295118698944,63.0969465318654,76.5354353522505,22.6654307598165
2021-04-01 00:00:00,90.8729500579048,61.5625501567134,64.7436196316998,22.4316370393044,101.404317616452,78.271183569034,75.3833648868255,26.9977533163981
2021-04-02 00:00:00,80.6498273966165,52.7323338155682,50.0789342108481,18.0127102333716,58.9126769848464,60.2213218684051,70.8459487159476,19.570622505845
2021-04-03 00:00:00,89.4727755070033,92.8503454094566,75.408869815984,34.386532437293,97.1153395474257,75.1863444581137,87.86386227251,26.7558073963094
2021-04-04 00:00:00,102.033985613785,94.5744916377043,100.762853078387,36.2995866455094,116.126368749653,126.696483460348,156.958954859664,46.1288898736663
2021-04-05 00:00:00,80.7012534679385,56.2563390541864,51.9497060029647,20.8617749924622,65.4773826442075,56.1950688181604,54.93214801703,19.8027799528724
2021-04-06 00:00:00,124.593172772671,83.2425821950054,85.6724799380568,30.7747535010187,103.549888086527,78.7603202357849,84.3910378547545,27.8480064792358
2021-04-07 00:00:00,114.092666255988,94.6631206029251,107.080050189673,30.9342159164668,87.3626211714775,60.5730686705908,67.7909268605745,19.023419828582
2021-04-08 00:00:00,104.720256733395,80.2989784652783,82.2368364942248,31.2355932920984,69.139307465763,50.4975377864735,48.5831570312969,18.5947908630815
2021-04-09 00:00:00,75.5454079411344,49.6304318264171,62.9489661031053,17.881100338168,96.9793298058241,86.0304598120072,95.491396861892,29.4883665426417
2021-04-10 00:00:00,102.798508029323,49.5201842183769,40.2180639018581,18.6653123619012,130.808416533267,116.197077798903,131.342431791884,42.0845267698757
2021-04-11 00:00:00,122.076375645065,63.0496610918029,68.3095822592155,21.7857868313032,154.257415204763,126.696483460348,115.05000741189,41.5275043501085
2021-04-12 00:00:00,111.444588122391,94.7475184070509,80.4277606878893,31.5059081225876,122.871137801476,107.038226320306,96.5663784730498,33.8229299470547
2021-04-13 00:00:00,111.147866358354,83.2425821950054,118.624832650348,31.6009213802407,103.549888086527,73.3285740126273,69.9664119413883,26.6234933500864
2021-04-14 00:00:00,91.6072502785304,78.8859338357709,72.1526408487932,27.5635834286237,71.6821507048021,65.62082439314,77.7916758469649,22.0357841700733
2021-04-15 00:00:00,100.392973397304,69.5924480032412,78.4052539867823,24.9366313253101,89.1128851780945,70.6965529010629,69.7347486412538,23.9803361006047
2021-04-16 00:00:00,127.610486387051,89.9551576853811,87.8688357413415,33.0354288034153,101.511074189274,86.0304598120072,88.7699468870077,30.0578843514051
2021-04-17 00:00:00,106.605860178557,92.8503454094566,81.2903846245325,47.5482741632914,83.2417196120792,82.0214666815785,90.531994693147,40.3601709062824
2021-04-18 00:00:00,125.720446559843,88.269525528524,102.672515193396,41.7424598194322,159.457103357733,133.031307633366,116.346276799173,59.6762993399768
2021-04-19 00:00:00,110.48385891444,88.8257985066102,80.7393561538089,35.4734635499358,122.062775052782,77.6027140822215,78.9391177697291,29.450288135041
2021-04-20 00:00:00,86.0499610516287,63.1495451134524,71.3611113128111,19.9181810571264,126.828545098226,70.6127009010485,67.2205343606758,21.3009940599411
2021-04-21 00:00:00,75.7841797758752,55.2201536850396,50.0852902594745,19.6547793037717,97.0695790794195,65.62082439314,77.5691657556916,22.4472407209668
2021-04-22 00:00:00,112.509366738358,115.095202466899,122.693530654617,43.497443262782,105.245390253439,103.519952462271,107.702480880311,37.0349642091396
2021-04-23 00:00:00,89.8377824164842,65.1399417721725,63.5547465762254,23.9736526711325,111.480911832863,74.559731837073,84.8424661379119,26.1061883011917
2021-04-24 00:00:00,104.70218410394,111.420414491348,131.506079503047,36.9348201089853,138.736199353465,116.197077798903,142.021469390746,37.0118382752925
2021-04-25 00:00:00,109.322127443341,81.9645594193437,80.360235636531,29.2704398844288,136.925121361531,133.031307633366,127.821853837867,45.0648342953949
2021-04-26 00:00:00,85.5048995076968,74.0214987555085,69.8268251254673,26.3565741346315,85.6864513615555,53.5191131601528,48.3847926299303,18.1087368300603
2021-04-27 00:00:00,110.251512597399,88.983449932592,98.7933835644898,32.7544294686211,81.8766556963233,86.9079395705212,110.75749560066,30.5955209190677
2021-04-28 00:00:00,95.7712162002818,73.6268715800528,69.1795068791989,26.9903237162905,91.8427555905277,63.0969465318654,66.3643811518272,22.2295570913585
2021-04-29 00:00:00,94.3347767267774,91.0055089273154,89.5628580187026,33.229916584744,83.735383486313,70.6965529010629,73.3410523748025,24.4366215655211
2021-04-30 00:00:00,102.088389109641,120.974177576892,108.807932229715,41.4889007721145,104.230120819344,63.0890038621387,60.5103385510709,20.5847314876824
2021-05-01 00:00:00,116.124240551643,92.8503454094566,90.1126568373554,30.7104666088074,103.061176662574,68.3512222346488,74.3602078846016,21.7231803318892
2021-05-02 00:00:00,94.7458437842292,81.9645594193437,89.5789284006304,26.7852138565056,116.126368749653,88.6875384222438,89.4115351386367,27.4923831864987
2021-05-03 00:00:00,79.7405242599869,65.1389189048475,68.4683896611356,23.9899105899108,103.470431832822,69.5748471081986,69.4711575890669,24.3494136415181
2021-05-04 00:00:00,101.287974987855,63.1495451134524,70.3872344951865,21.8693498137429,95.5227649790438,70.6127009010485,73.6280174486645,23.3876220494863
2021-05-05 00:00:00,119.92221854644,113.069838497938,107.649161904828,42.9166620153785,88.1093102413192,131.24164878628,132.813482326495,47.874203661531
2021-05-06 00:00:00,96.9311467284318,56.2092849256948,63.2855440000891,18.0782539947564,81.4307399041209,60.5970453437682,72.3525982015919,18.4493567445993
2021-05-07 00:00:00,117.401647476087,71.3437457504746,73.8849517116514,27.6858023234815,84.2904455321649,65.9566858558722,91.0825015930278,24.3507486378201
2021-05-08 00:00:00,129.449973073962,105.230391464051,121.690302609045,40.9097716623083,116.934796597921,88.8565889050434,90.6378890733876,33.1932470149836
2021-05-09 00:00:00,109.322127443341,69.3546272009831,62.0745810251275,24.084487647338,117.859598133976,107.692010941296,99.988469393107,35.4753129266529
2021-05-10 00:00:00,115.287504954198,74.0214987555085,71.8819215329649,26.4737144641187,103.470431832822,61.5469801341757,62.2212096531939,20.9176031205896
2021-05-11 00:00:00,112.044220119308,80.3721483262121,77.2428833136118,28.2956883670834,124.420408165981,78.7603202357849,85.5053761369387,26.5191596970317
2021-05-12 00:00:00,141.574841339547,118.328900753656,100.478120557451,42.8282261501717,133.657343501662,103.478992312259,101.479331167246,35.9949992800833
2021-05-13 00:00:00,87.4111233890322,74.9457132342598,64.6425610805847,27.136330943911,134.437542294539,75.7463066797103,85.212780677043,25.9625381861893
2021-05-14 00:00:00,109.234576347316,71.3437457504746,71.0044062522557,26.775085141788,115.106307339623,77.4274138308065,71.124411250204,27.6453436337265
2021-05-15 00:00:00,110.413212327791,80.4702993548624,80.8758260710218,30.7209929041317,162.519547814059,136.702444469298,118.173109980011,50.1475988124332
2021-05-16 00:00:00,147.584872048511,113.489389965245,125.872518296446,40.8441063242459,161.190332742056,152.035780152418,130.016766009373,51.9039872552526
2021-05-17 00:00:00,134.502089113231,94.7475184070509,101.412220907174,34.6564989348463,146.313657513599,82.9546253982368,102.997859363497,28.8340477798642
2021-05-18 00:00:00,98.5989137049912,91.8538838013853,102.874189337253,34.4842523209462,132.447531273464,81.4761933473637,80.3167152212456,29.2544285336495
2021-05-19 00:00:00,109.928700334237,110.440307370079,105.969713867092,44.6868095491414,179.205376762005,93.3834808671608,83.0619727990212,36.3138689239588
2021-05-20 00:00:00,83.0838400529415,74.9457132342598,79.3611198985908,28.0781558790576,136.742185876731,116.144336908889,117.548810934709,41.1908903023403
2021-05-21 00:00:00,91.879550198677,108.566569620288,104.425457518853,41.1052673011674,158.61105342074,94.633505793208,130.103575910561,34.0877688463059
2021-05-22 00:00:00,78.0507190593007,43.3301611910797,35.1908059141259,15.9278872197164,235.851538900891,136.702444469298,173.882042161018,48.2856830149419
2021-05-23 00:00:00,122.076375645065,81.9645594193437,86.3276186965537,29.4221001947108,246.118572573892,202.714373536557,220.112010133233,69.0260279560353
2021-05-24 00:00:00,110.48385891444,62.1780589546271,61.5180304934299,21.1565836520864,129.338039791027,96.334403688275,92.2014748816499,31.1485587419388
2021-05-25 00:00:00,109.355158836445,63.1495451134524,61.2919914744769,22.232326574137,136.461092827205,89.6238126821,89.8159711332181,30.1769748276567
2021-05-26 00:00:00,88.2760775411293,63.1087470686167,62.9123825889491,24.6067626608259,97.0695790794195,83.2879694220624,79.7729667381021,31.2102981562673
2021-05-27 00:00:00,128.087586748285,69.5924480032412,74.4393442580562,25.6825989290587,115.232179109605,75.7463066797103,89.8103622457768,26.461817766693
2021-05-28 00:00:00,91.879550198677,77.5475497287768,94.1146098416318,28.6015714595562,127.795191613282,97.5011877869415,110.287152926663,34.212436757447
2021-05-29 00:00:00,83.761747283152,86.6603223821595,76.2631266368003,31.4663395440853,200.17651621,150.372688916227,139.355418373607,52.464932840685
2021-05-30 00:00:00,92.9238083268402,81.9645594193437,69.2921982160443,30.285148467089,171.589709047995,158.370604325435,154.264189474042,55.5084308146451
2021-05-31 00:00:00,95.1121915872133,53.2954791039661,50.5835152093969,17.7220733189555,88.9199023563312,42.8152905281222,37.1016805268986,13.5291719788219
2021-06-01 00:00:00,98.5989137049912,77.5017144574188,71.739142508148,30.8719054669034,100.339038843533,100.487305128415,95.4500573985699,38.2825557743939
2021-06-02 00:00:00,94.1056298315813,65.7382781964758,70.2848093435728,27.8471593898235,96.3228900095778,75.7163358382385,67.3780513355413,30.8249858333504
2021-06-03 00:00:00,91.7384067251229,99.0354067738433,109.33324888229,38.523898393588,102.17253214385,88.3706911263287,86.8057046174576,32.5408840103927
2021-06-04 00:00:00,99.0257374363519,83.7513537070789,87.4588280760568,31.3628435225663,145.015820270391,83.1627778182737,81.92315425659,29.6281728026906
2021-06-05 00:00:00,91.3764515816204,99.0403684367537,86.3176426122648,34.0469123638383,158.55565640396,116.197077798903,107.359827276199,38.3826471003033
2021-06-06 00:00:00,91.1017728694512,81.9645594193437,91.3368595988437,29.8082169951664,128.258974439915,120.361659287331,138.001161489277,41.5220545463881
2021-06-07 00:00:00,74.9368782202286,62.1780589546271,57.2114058258291,21.2916256753976,95.3868043458825,66.898891450191,79.9629779712783,21.7690134233703
2021-06-08 00:00:00,97.7025599440367,77.5017144574188,75.6033600997226,26.7305522945139,116.393285058499,86.9079395705212,89.1596413318896,28.6677543570939
2021-06-09 00:00:00,84.1121116193779,57.8496848128987,53.9434038932274,21.5286932896597,109.016604196887,75.7163358382385,90.3941619318481,27.0805190076072
2021-06-10 00:00:00,93.4693200595592,80.2989784652783,83.823570197095,29.953787087887,110.622891945221,68.1716760117393,63.9359206843357,24.0728242836524
2021-06-11 00:00:00,84.7333629610021,77.5475497287768,71.2033770775473,29.0396699283021,102.417423065964,88.8981418057408,94.7174582025746,31.6714950649452
2021-06-12 00:00:00,93.2801276562375,92.8503454094566,78.3496272202583,34.7329962401877,168.465384929208,123.032200022368,159.030037817987,44.2233610685966
2021-06-13 00:00:00,91.1017728694512,81.9645594193437,92.5626199306417,30.1244845494917,123.059286286946,50.6785933841393,48.4948469293394,17.6684660417968
2021-06-14 00:00:00,76.8583366361319,68.0997788550678,59.6884909569847,23.0739321855687,105.895520078904,72.2508027662063,82.0457639623862,23.2630551867427
2021-06-15 00:00:00,85.1536072906742,80.3721483262121,84.1438545118661,30.4431290020853,99.5363265327851,65.1809546778909,56.539562552354,23.6125030307314
2021-06-16 00:00:00,89.9416639098299,86.774527219348,92.4289783307768,32.3632421952167,98.5629572191029,90.8596030058862,99.3998902056299,32.5672676413224
2021-06-17 00:00:00,77.8911000496327,82.9756110807876,91.1419016630276,29.3665782836367,100.636103089055,75.7463066797103,107.312658809693,25.3773170385498
2021-06-18 00:00:00,69.4201045945559,68.2418437613236,61.8404153676835,25.4991127911921,145.922169147081,91.7658237994744,100.157958245458,32.6217737589631
2021-06-19 00:00:00,85.6654233577691,61.900230272971,69.14936806561,23.7536597887244,172.429276339307,116.197077798903,135.454819462987,42.8457456003386
2021-06-20 00:00:00,87.4577019546731,44.134762764262,35.7045805232485,16.177963924727,138.658350745854,69.6830659031916,58.1731383995866,24.2298705936943
2021-06-21 00:00:00,90.308545547455,85.8649385563898,110.109078635387,33.2194205535336,125.296226047558,69.5748471081986,77.4674473762677,25.5785907724601
2021-06-22 00:00:00,87.8426685735376,71.7608467198322,64.1018570159586,28.3191897693817,131.644818962716,97.7714320168364,110.495021303855,36.901400085236
2021-06-23 00:00:00,68.2890411167227,65.7382781964758,62.5685820760671,25.4011251190958,137.390788850871,78.2402136995131,73.3888185344718,29.0546319172459
2021-06-24 00:00:00,65.7747067085787,69.5924480032412,71.362784672088,26.0725733162678,107.550033835631,65.6467991224156,59.0672559285253,23.2818075621923
2021-06-25 00:00:00,56.1486140103026,46.5285298372661,40.794201450585,16.4178917409081,77.0396545186453,51.6182758872044,53.7066314968054,17.3282153910369
2021-06-26 00:00:00,64.7249865369811,68.0902533002682,73.322369232526,26.1967175441968,128.826470828218,109.361955575438,153.789929894102,40.4298775917855
2021-06-27 00:00:00,92.9238083268402,100.879457746885,117.921727591899,35.2973758357681,112.659909981007,101.357186768279,87.7090289914915,33.641473220997
2021-06-28 00:00:00,78.7797950520352,62.1780589546271,57.6933829832964,23.7134219607509,84.8780886128616,40.1393348701146,42.3227979821263,14.5470658421574
2021-06-29 00:00:00,70.8119471154028,83.2425821950054,89.8923623937154,32.0308658888154,109.971586572513,86.9079395705212,85.3233425259327,31.9830728881864
2021-06-30 00:00:00,81.6137320663271,55.2201536850396,59.992808482623,21.7284486798577,70.9354616349604,60.5730686705908,69.2063083612949,22.9066408486366
2021-07-01 00:00:00,85.680210054596,66.9158153877319,58.4799689846711,24.8007929572455,96.7950304520682,113.619460019565,126.231277522461,39.8630817000396
2021-07-02 00:00:00,70.4409884856524,62.0380397830214,53.4932417962244,22.35137542271,67.9761657517459,40.1475479122701,41.8124017206934,13.7612377198994
2021-07-03 00:00:00,76.1470429846837,37.1401381637826,30.1635479263936,14.3262332543943,91.1695024322772,41.0107333407893,64.9952104890059,15.2005838478207
2021-07-04 00:00:00,67.4153119233939,44.134762764262,35.7045805232485,14.9517612800656,119.592827518299,88.6875384222438,93.8961389029497,28.500661298473
2021-07-05 00:00:00,62.4473985168572,8.88257985066102,8.12385043126631,3.55617059965774,72.7526473824528,34.7874235540993,36.1958811913147,13.2346937330142
2021-07-06 00:00:00,103.080682509764,71.7608467198322,63.1642289399158,27.0005578732464,138.066517448702,162.952386694727,165.948933879379,58.6385884576921
2021-07-07 00:00:00,90.7744570941802,65.7382781964758,64.509601790457,24.2539775330721,128.43052001277,128.717770925006,126.451350123842,45.6408661209931
2021-07-08 00:00:00,100.392973397304,96.358774158334,96.5435372406918,36.5765364967692,121.377895328784,136.343352023479,137.438041522404,48.9921654651915
2021-07-09 00:00:00,100.046621327448,105.464667631136,94.6974509120941,44.3457878472686,111.480911832863,88.8981418057408,91.1740199443411,35.5623421245207
2021-07-10 00:00:00,79.9543951339178,49.5201842183769,46.0995787104067,19.6634574079922,122.880633713069,102.526833351973,101.451171777199,39.119149608362
2021-07-11 00:00:00,71.0593828381719,75.6595933101634,86.0498993695624,26.8115616962228,88.3946986004822,57.0134175571567,52.8846712723515,19.1653149871537
2021-07-12 00:00:00,24.0182301987912,20.7260196515424,19.4543042778994,7.05219455069547,23.4425197121237,10.7038226320306,10.0064596429157,3.46095097132653
2021-07-13 00:00:00,87.8426685735376,51.6678096382792,64.2006203636976,20.6296968296484,109.168874261764,73.3285740126273,80.6682734860128,28.0016506529144
2021-07-14 00:00:00,90.7744570941802,47.3315603014625,46.3463331967399,18.0049482884092,102.296402568311,65.62082439314,81.3185027176582,23.9901774445809
2021-07-15 00:00:00,99.5275167300862,85.6522436962969,93.965695677055,36.7989477192482,102.940746671247,73.2214297903866,83.390182615869,29.7794188001291
2021-07-16 00:00:00,83.7124790699057,80.6494517179279,96.0039833999904,29.8098797484307,121.450749476453,94.633505793208,97.7538851881247,33.2779082473656
2021-07-17 00:00:00,110.413212327791,80.4702993548624,91.6409743687186,30.4083110425121,162.519547814059,123.032200022368,117.622958585744,44.6734716138241
2021-07-18 00:00:00,87.4577019546731,63.0496610918029,56.9739266646634,24.4708698021081,171.589709047995,114.026835114314,103.574430373197,41.9811661623366
2021-07-19 00:00:00,113.366046538295,88.8257985066102,89.5927248692863,29.7210100012975,158.439098744008,160.557339480458,175.465384510196,51.0508256581325
2021-07-20 00:00:00,86.0499610516287,71.7608467198322,75.8693926479621,27.426242344221,146.093640556185,114.066670686309,100.151838992744,41.6941494957059
2021-07-21 00:00:00,94.1056298315813,94.6631206029251,106.313514379974,34.9257276476239,134.404032571504,108.526748034809,103.040261270272,38.481514572602
2021-07-22 00:00:00,92.6038633923411,85.6522436962969,92.6568450339442,32.1590803981256,106.781819308234,78.271183569034,81.478590584382,27.8194240695059
2021-07-23 00:00:00,73.5036401589416,99.2608636528343,102.472678701347,34.5265148806089,111.480911832863,57.3536398746715,52.6657654508538,18.9796397124049
2021-07-24 00:00:00,104.70218410394,37.1401381637826,44.7772368926303,14.5530337808491,136.754253648416,68.3512222346488,64.9952104890059,25.7353772269611
2021-07-25 00:00:00,100.211950156396,94.5744916377043,88.3531680688324,37.2277010767866,119.592827518299,82.3527142492264,94.2075962415111,30.7504091160676
2021-07-26 00:00:00,96.0729207951649,82.9040786061695,75.1145751093896,31.7684573569425,127.721314293639,88.3065367142521,91.0217104470463,32.1559426853785
2021-07-27 00:00:00,85.1536072906742,57.4086773758658,54.8649190778389,22.3435809189617,134.855668205709,100.487305128415,113.305244356654,37.404515504339
2021-07-28 00:00:00,75.7841797758752,73.6268715800528,87.8749594532821,27.1644548370408,123.203696523879,95.9073587284354,93.5596353914393,34.0069198548576
2021-07-29 00:00:00,81.3529267185052,74.9457132342598,99.3089769999224,24.6552949718963,92.9539578150814,65.6467991224156,61.5203778120175,20.4436443546108
2021-07-30 00:00:00,86.7751307431949,68.2418437613236,63.1447389109407,25.3882470834043,114.199958462933,91.7658237994744,82.9209347263893,32.4799399600111
2021-07-31 00:00:00,114.220564477026,123.800460545942,120.539972019507,47.6303955349033,140.718145058515,82.0214666815785,83.7252052801973,30.3224081938391
2021-08-01 00:00:00,123.898411102454,107.184423856065,113.740552613883,38.3756353563293,117.859598133976,114.026835114314,113.487498684314,38.726812196264
2021-08-02 00:00:00,97.0336500031166,94.7475184070509,90.9917730038994,32.5135597682993,103.470431832822,74.9267584242139,90.6820099253082,24.4332807378724
2021-08-03 00:00:00,77.9827772030385,54.5382435070725,56.6303233491543,20.890995974343,118.801421990744,89.6238126821,86.7552104741807,32.8336385258026
2021-08-04 00:00:00,68.2890411167227,68.3678093243348,70.1536159280728,24.9028100530651,103.043091638153,83.2879694220624,76.0004771187939,29.1561171735831
2021-08-05 00:00:00,78.7565567168508,56.2092849256948,70.0057675915924,21.9638515728149,93.7221723424787,73.2214297903866,72.6115199104607,27.0844487729681
2021-08-06 00:00:00,84.7333629610021,83.7513537070789,89.8168816665392,30.8896971763207,96.9793298058241,68.8243678496058,83.1486906097944,24.1499553581979
2021-08-07 00:00:00,89.4727755070033,92.8503454094566,87.9360581987627,34.0469123638383,114.952850892871,82.0214666815785,80.2688633836021,28.8998754637578
2021-08-08 00:00:00,105.678056528563,113.489389965245,115.927266570848,43.9245277509349,150.790956436117,76.017890076209,63.4616055268218,27.909266890045
2021-08-09 00:00:00,80.7012534679385,68.0997788550678,66.2757689031356,24.5742551303703,91.3449906024129,80.2786697402292,96.9517748676997,27.5285281856073
2021-08-10 00:00:00,79.7754847249474,63.1495451134524,62.4623338020694,23.2450789777311,100.339038843533,92.3396857936788,117.738674500776,32.5077409765094
2021-08-11 00:00:00,74.1185934071746,49.9610914293216,54.6904556634729,17.6728982684282,82.8824867524274,63.0969465318654,81.7964927603234,21.4503767397026
2021-08-12 00:00:00,98.6620600628681,77.6223458497691,91.5074709223358,30.8901305091443,112.159321000016,95.9453217942997,98.7491771083866,36.1441603043677
2021-08-13 00:00:00,89.8377824164842,68.2418437613236,58.7289980188672,26.1851875748116,97.885678682514,68.8243678496058,68.131069840806,25.1246172336409
2021-08-14 00:00:00,95.1838037308546,68.0902533002682,61.1813526736035,25.7301093436641,164.501493519109,136.702444469298,141.673486871063,49.6371906820267
2021-08-15 00:00:00,118.432304730287,69.3546272009831,76.0348965174515,29.0323582214135,142.124809514501,95.0223625952612,100.083248814408,37.7323170190186
2021-08-16 00:00:00,95.1121915872133,88.8257985066102,97.1279372079454,34.1188682831124,121.254412304088,136.47373855839,131.953348354293,49.8141529124761
2021-08-17 00:00:00,96.8062061830823,74.6312805886255,68.4202253124108,30.1531944401607,134.855668205709,108.634924463152,102.229258547781,41.9777831657447
2021-08-18 00:00:00,111.594286702937,102.551713986502,106.320370356468,38.924414386041,141.124234200079,151.432671676477,155.094949233739,55.239465763305
2021-08-19 00:00:00,85.680210054596,74.9457132342598,81.6879311259876,29.4852616406505,145.9607602055,166.641874695363,175.52627649109,62.0617028988316
2021-08-20 00:00:00,99.0257374363519,77.5475497287768,83.5463804786287,32.6875102394928,117.825353969693,103.236551774409,129.142996138392,41.3999234711964
2021-08-21 00:00:00,97.0874798054717,123.800460545942,160.1987195307,52.0830954007725,140.718145058515,102.526833351973,95.5425162781984,41.4463511431371
2021-08-22 00:00:00,125.720446559843,94.5744916377043,91.3368595988437,36.2995866455094,145.591268283147,101.357186768279,87.7090289914915,36.903111898933
2021-08-23 00:00:00,103.758754458778,62.1780589546271,56.8263403485828,24.3480877553209,97.0035298432703,69.5748471081986,68.3090127437146,25.8897658426847
2021-08-24 00:00:00,94.1171449002189,80.3721483262121,91.6569033010589,31.2810132865464,83.4820803178198,57.0333353431546,53.3609435775332,21.2295898808411
2021-08-25 00:00:00,87.443284356779,78.8859338357709,77.0751224432781,28.9801273307371,71.6821507048021,63.0969465318654,54.1132600706667,22.2771578560081
2021-08-26 00:00:00,77.0256433824145,56.2092849256948,55.2827058327396,24.3308831959503,127.523611547963,100.995075572947,90.3243189794298,41.3838954546777
2021-08-27 00:00:00,89.8377824164842,65.1399417721725,61.5086366519995,26.1071393257064,124.169796106522,83.1627778182737,77.338849952405,31.7097774492497
2021-08-28 00:00:00,110.413212327791,86.6603223821595,79.9680428067562,35.1632045724887,134.772307943366,116.197077798903,110.816169172795,45.304108052817
2021-08-29 00:00:00,85.6356664972841,69.3546272009831,59.0908894951161,25.9721907332104,142.124809514501,95.0223625952612,89.4115351386367,33.7551268467436
2021-08-30 00:00:00,89.3478163395034,74.0214987555085,69.4823723185024,29.1275587013531,90.536627853719,58.8710244761681,59.2970516084298,22.0138482931686
2021-08-31 00:00:00,97.7025599440367,100.465185407765,101.255231361781,39.6468656771343,111.577011194009,84.1920664589425,92.0690299689646,31.7762056289532
2021-09-01 00:00:00,93.272836647231,84.144996091489,91.6185905452788,32.7346200174252,124.697074663562,80.7640915607877,90.633670100977,30.1959044898127
2021-09-02 00:00:00,91.7384067251229,69.5924480032412,71.2853500155417,24.9366313253101,96.7950304520682,68.1716760117393,72.0044767092459,23.1238955255831
2021-09-03 00:00:00,111.276344129509,108.566569620288,102.078176815625,43.0082889354808,75.2269567652654,77.4274138308065,83.5397139042919,29.1811960578225
2021-09-04 00:00:00,114.220564477026,129.990483573239,149.735043439018,52.4581502997182,120.89868800802,109.361955575438,156.042425852937,42.4074259522533
2021-09-05 00:00:00,196.779829398015,264.808576585572,288.617133151397,109.527230391883,135.191891977208,82.3527142492264,74.9371825655151,32.3108776383755
2021-09-06 00:00:00,113.366046538295,118.434398008814,111.982649766914,43.5184347355376,56.5853924085744,32.1114678960917,30.5543251397988,11.2125329413524
2021-09-07 00:00:00,121.007757728853,106.206053145352,104.186226582255,43.3229143491214,142.882791313192,138.509528690518,134.191657496181,54.0363050126353
2021-09-08 00:00:00,122.420598099491,107.81077624222,127.073464381114,43.9336894696456,115.736805825462,123.670015202456,136.972782998142,48.4340335600031
2021-09-09 00:00:00,106.451170067831,96.358774158334,97.6344295406774,38.7932962844522,124.450753438373,100.995075572947,108.05361633665,38.4899167515534
2021-09-10 00:00:00,114.338995802798,105.464667631136,106.048924403645,44.6750882520751,135.045982626802,80.2950958245401,83.6600153608597,32.3593461235259
2021-09-11 00:00:00,125.642620924728,99.0403684367537,91.3449005999971,39.4323489039629,144.682036468614,109.361955575438,123.531614084745,41.8389617973973
2021-09-12 00:00:00,122.076375645065,94.5744916377043,116.346792755476,36.809412300643,116.126368749653,76.017890076209,101.614295042561,28.0660605242588
2021-09-13 00:00:00,100.876566834923,94.7475184070509,89.9178019127233,41.6635506320557,113.170784817149,99.0103593462826,97.6753845954444,41.3730211401541
2021-09-14 00:00:00,115.629635163126,114.817354751732,111.262027774957,43.7833765423249,106.76073732952,81.4761933473637,97.8589059050908,29.7146105555271
2021-09-15 00:00:00,112.427079887287,105.181245114361,107.354623806089,46.3880701403745,99.3096462889445,75.7163358382385,77.2562936033624,32.0928515745679
2021-09-16 00:00:00,70.9674467118876,66.9158153877319,66.7625555878509,29.1112582319305,110.622891945221,70.6965529010629,75.9041889821052,29.1146649886435
2021-09-17 00:00:00,99.0257374363519,93.0570596745321,102.594833050888,36.6100114682319,125.076144983212,86.0304598120072,90.9501781338592,32.1999404775972
2021-09-18 00:00:00,112.316888402408,142.370529627833,157.085426264373,56.5324400479775,164.501493519109,116.197077798903,123.094370142268,44.3350362228103
2021-09-19 00:00:00,118.432304730287,81.9645594193437,77.3765441065197,33.0143333580186,166.390020895025,82.3527142492264,93.6812051039499,31.4655349094645
2021-09-20 00:00:00,137.384276737086,133.238697759915,126.294150157862,55.8429914477504,244.125550105564,192.66880737655,196.317896102896,76.7357723173804
2021-09-21 00:00:00,109.355158836445,111.946920882938,101.682264356972,49.0865956002616,216.732323902032,162.952386694727,175.736495017149,68.3359260837704
2021-09-22 00:00:00,88.2760775411293,73.6268715800528,86.0284341058022,34.8935676774143,138.884166990554,116.098381618632,121.49467793608,52.8793265262725
2021-09-23 00:00:00,78.7565567168508,88.3288763118062,84.4049974388758,34.3591526213082,119.841466273989,103.519952462271,99.9757380501327,38.1193212693172
2021-09-24 00:00:00,73.5036401589416,68.2418437613236,64.5561798829226,28.006219804235,183.988821968059,126.178007724277,126.645847452278,49.2651367498969
2021-09-25 00:00:00,123.738944850111,80.4702993548624,84.2311420288068,31.5315731918397,152.609819288812,102.526833351973,111.820197466984,38.6030658404416
2021-09-26 00:00:00,131.18655293201,100.879457746885,103.180212260715,38.2952351533265,190.65523227555,133.031307633366,166.024685927852,47.9045361825019
2021-09-27 00:00:00,113.366046538295,133.238697759915,161.658477744618,52.4296056624356,157.630735995314,125.769915926359,120.241608801508,47.0295849899512
2021-09-28 00:00:00,132.660356621261,103.335619276558,98.7087937564323,38.7091441615919,187.834680715095,160.236513583149,178.271693754219,57.4067034683859
2021-09-29 00:00:00,112.427079887287,81.5154649636299,82.7415542742854,32.447432588328,144.857679549288,108.526748034809,111.074268142097,41.5171792952667
2021-09-30 00:00:00,100.392973397304,99.0354067738433,88.9364931684877,42.8686989642934,142.88790209591,116.144336908889,119.683209725329,47.5914797728794
2021-10-01 00:00:00,93.9213179808698,68.2418437613236,64.2882752851318,24.7953156228577,127.795191613282,88.8981418057408,77.338849952405,30.7300918146071
2021-10-02 00:00:00,119.931592700877,117.610437518645,106.426674563194,42.0869061268652,97.1153395474257,75.1863444581137,85.0392454834629,25.8532018455906
2021-10-03 00:00:00,103.856021071174,94.5744916377043,104.014162782464,34.2144928956368,129.992203824239,120.361659287331,137.311563159648,41.3052291962764
2021-10-04 00:00:00,102.798025250827,71.0606388052881,69.9274262295579,26.6588453344972,139.846755524048,107.038226320306,104.319628008057,38.15920301719
2021-10-05 00:00:00,87.8426685735376,86.1130160637987,105.199190489274,33.5153713784425,126.828545098226,124.930163132624,147.060812067316,46.5029111675566
2021-10-06 00:00:00,75.7841797758752,65.7382781964758,59.0180084808165,24.4644241927951,136.644099781029,136.289404508829,147.366347289838,48.744934213693
2021-10-07 00:00:00,90.8729500579048,80.2989784652783,81.9414434945533,31.6634781317161,108.318248363029,80.7960604583577,94.5899642829598,30.1592224409432
2021-10-08 00:00:00,109.234576347316,102.362765641985,87.6834893630161,42.1103136719927,100.604725312584,91.7658237994744,105.799148690025,35.9153182250123
2021-10-09 00:00:00,93.2801276562375,111.420414491348,102.253673396278,47.2765697395012,140.718145058515,82.0214666815785,80.2688633836021,33.4412844652055
2021-10-10 00:00:00,134.830623846788,94.5744916377043,101.063249430262,38.7696768610323,119.592827518299,114.026835114314,114.386141468537,44.3410542010479
2021-10-11 00:00:00,99.9158376269715,85.8649385563898,83.0789169344621,32.1378580238837,114.787510314537,72.2508027662063,75.0419553283737,25.6975609620995
2021-10-12 00:00:00,108.45880507549,86.1130160637987,101.748443104572,36.3500047786093,124.420408165981,81.4761933473637,76.2057915752466,32.893039047785
2021-10-13 00:00:00,115.758252624688,76.2564027079119,82.4844869166901,30.424640654277,123.95038559372,103.478992312259,98.1550210896494,39.678208508743
2021-10-14 00:00:00,96.9311467284318,58.8859175412041,59.5982173402283,23.2730187091699,104.477175726042,83.3209373476813,83.8082230157822,31.1728690761866
2021-10-15 00:00:00,99.0257374363519,89.9551576853811,81.7249318413621,37.6393883188056,95.1666320524442,77.4274138308065,77.7473620701398,30.8221924131523
2021-10-16 00:00:00,91.3764515816204,49.5201842183769,58.5366690380508,20.9519460700543,114.952850892871,68.3512222346488,88.0796810907416,27.7883417920748
2021-10-17 00:00:00,131.18655293201,126.099322183606,124.41678022432,50.9393616288781,109.19345121236,38.0089450381045,31.7308027634109,14.5648943828515
2021-10-18 00:00:00,110.48385891444,85.8649385563898,75.3401319804421,35.3434244252429,99.4286180893521,85.6305810562445,96.203714201983,33.4942160498711
2021-10-19 00:00:00,77.086423442084,66.0199789822457,64.1863238788291,26.1143857174065,98.7336142220369,84.1920664589425,80.6581619442492,31.8502760383447
2021-10-20 00:00:00,104.931941228135,86.774527219348,88.2926608918919,35.4454557376183,91.096066520686,78.2402136995131,76.8586772143738,30.7148965982313
2021-10-21 00:00:00,98.6620600628681,88.3288763118062,90.7548088698033,39.7277702183876,77.5896672671341,58.0721684544446,52.7767965901883,24.7252609757537
2021-10-22 00:00:00,92.9004340897734,62.0380397830214,62.6799105574594,24.4066743121546,91.5412365456844,57.3536398746715,63.021138314658,21.4666269850648
2021-10-23 00:00:00,102.798508029323,61.900230272971,86.3928018358189,23.3316404523765,128.826470828218,82.0214666815785,83.7252052801973,29.7067247787358
2021-10-24 00:00:00,105.678056528563,107.184423856065,111.458219031865,42.3115979569784,103.993763059391,82.3527142492264,68.7500726540569,30.8380171192473
2021-10-25 00:00:00,83.5834410917935,74.0214987555085,70.5823935707364,31.1863128504016,93.7700788484947,85.6305810562445,81.6209553273914,34.2833467945016
2021-10-26 00:00:00,99.4952674659457,68.890412851039,71.2384382072223,28.1690639440982,162.950599081898,135.79365557894,123.826102178498,53.1044244867854
2021-10-27 00:00:00,66.6234547480221,36.8134357900264,29.5090042404082,14.585994802799,88.8559993111609,63.0969465318654,61.5261207546167,24.0264035075191
2021-10-28 00:00:00,114.240280072795,91.0055089273154,83.7605059924939,38.7136712920786,122.914324383579,78.271183569034,70.7779157674997,31.5195445122481
2021-10-29 00:00:00,76.5662918322308,46.5285298372661,40.4274370961318,18.8242966769278,76.1333056419554,68.8243678496058,69.945874546075,26.4907311730587
2021-10-30 00:00:00,78.0507190593007,74.2802763275653,60.3270958527872,33.942152633488,103.061176662574,88.8565889050434,93.090202675793,39.014831876073
2021-10-31 00:00:00,72.8814182955609,37.8297966550817,30.6039261627844,13.1041507790289,105.726992443714,76.017890076209,78.8346008841664,24.9787938665903
2021-11-01 00:00:00,88.3870871315517,109.551818158153,111.771655405085,41.1950790493062,84.0697258641676,64.2229357921834,76.9731289854604,22.9490160201512
2021-11-02 00:00:00,74.3973621592206,83.2425821950054,78.7513860685823,33.7933298013579,116.393285058499,130.361909355782,141.531445255347,50.6143605634816
2021-11-03 00:00:00,108.263113965536,131.476556392952,131.466764967421,58.4357489786453,124.697074663562,88.3357251446116,85.5728996124933,37.732657529166
2021-11-04 00:00:00,83.0838400529415,80.2989784652783,87.9279578784476,33.4990420813809,111.391106472618,111.094583130242,115.817143883263,43.8729268479663
2021-11-05 00:00:00,81.6707112877129,102.362765641985,90.8731356614331,40.9296506718434,101.511074189274,86.0304598120072,77.7473620701398,32.7265750181186
2021-11-06 00:00:00,108.509536253174,129.990483573239,144.036228471409,50.5356002887338,124.862579418119,123.032200022368,144.819816858582,45.959880482285
2021-11-07 00:00:00,105.678056528563,113.489389965245,102.013087209282,46.5236122332387,109.19345121236,69.6830659031916,61.2666933553157,27.0973109006404
2021-11-08 00:00:00,86.4656287156484,82.9040786061695,90.9183029925728,36.2574785052061,99.4286180893521,85.6305810562445,93.2217818319976,35.587604552988
2021-11-09 00:00:00,95.0134986611733,66.0199789822457,70.0996192942589,28.5065431877033,134.052955894961,95.0555589052576,94.5177527273918,39.2540338763643
2021-11-10 00:00:00,76.6169729602255,68.3678093243348,59.3618089936985,28.4000569854569,116.483494895303,103.478992312259,117.238051167737,41.3114519582554
2021-11-11 00:00:00,81.3529267185052,50.8560196946763,49.9999909556066,18.4139388547968,134.437542294539,98.4701986836234,116.469843727948,33.7512996420461
2021-11-12 00:00:00,93.9213179808698,71.3437457504746,80.8656016021588,27.9392192783875,106.949167449414,88.8981418057408,81.1492155972726,33.1209914065903
2021-11-13 00:00:00,123.738944850111,148.560552655131,149.808676560479,61.9730314937281,114.952850892871,82.0214666815785,95.5425162781984,32.8776673112975
2021-11-14 00:00:00,100.211950156396,100.879457746885,115.58989727027,36.2118156242595,136.925121361531,101.357186768279,90.8025839472206,34.5130139780177
2021-11-15 00:00:00,78.7797950520352,65.1389189048475,60.9219706543546,24.4943713266145,105.895520078904,58.8710244761681,61.0590648078416,21.0365980184719
2021-11-16 00:00:00,86.9463148125831,68.890412851039,71.8558664821982,26.5083028045369,122.814983544485,62.4650815663121,60.0998864884613,22.987833638384
2021-11-17 00:00:00,74.9513865915249,57.8496848128987,72.2950559544285,20.9382438956395,109.763293266728,90.8596030058862,92.7014352958594,31.6053652215365
2021-11-18 00:00:00,83.0838400529415,69.5924480032412,76.9921159636057,29.1734376184453,124.450753438373,106.044829351594,118.562819705736,42.0819975746049
2021-11-19 00:00:00,130.673138060341,145.7893934901,164.984957604683,55.3208931609757,104.230120819344,80.2950958245401,77.1580937180753,28.9870861062183
2021-11-20 00:00:00,91.3764515816204,68.0902533002682,55.2998378650549,26.1967175441968,140.718145058515,109.361955575438,109.261989484338,40.4298775917855
2021-11-21 00:00:00,63.7712410086158,69.3546272009831,78.5108909801436,27.8542335399648,131.725433208562,76.017890076209,71.843627609786,28.9609204250322
2021-11-22 00:00:00,99.9158376269715,109.551818158153,126.775750833832,43.6423114680769,141.463481021436,123.093960268351,114.714560364756,46.5986208131947
2021-11-23 00:00:00,78.879130963993,80.3721483262121,67.1188625258996,30.3753269330383,122.012271233737,81.4761933473637,84.2687310187034,29.4498924214022
2021-11-24 00:00:00,89.1088707254796,78.8859338357709,69.4780517467906,32.3773192905604,89.6026883810026,58.0491908093162,59.2658271740173,22.8975074192711
2021-11-25 00:00:00,234.538756816116,339.932342169678,316.506740454521,127.354492737154,101.404317616452,47.9726608971499,43.1629565306595,17.0136286031406
2021-11-26 00:00:00,403.249136983082,604.870887884459,533.536617066685,245.878402438066,316.315757964791,255.223697442288,275.721393359799,98.7031429604256
2021-11-27 00:00:00,331.239636983374,519.961934292957,544.6794241487,209.263949163104,330.984932743267,273.404888938595,275.12024974567,105.731251696675
2021-11-28 00:00:00,182.203545738902,170.234084947868,175.547515464945,72.5768350838524,403.842446547301,253.392966920697,283.95947952317,102.477103042422
2021-11-29 00:00:00,226.732093076589,168.769017162559,190.031242206607,64.5178884564984,260.292805079442,163.233295138466,164.790972959561,59.2985857337793
2021-11-30 00:00:00,207.057718780482,180.837333733977,219.831596639885,68.8042018701838,293.792705733866,214.553975814724,208.478146070456,78.0730294528816
2021-12-01 00:00:00,119.08942536209,92.033589475066,94.3624065437472,32.6226020124586,234.46036793029,186.766961734322,201.141530372483,63.6242992717295
2021-12-02 00:00:00,124.625760079412,107.065304620371,113.800669163925,44.1323895678335,260.424724787707,156.542367138068,170.832702805261,61.0832223005857
2021-12-03 00:00:00,141.902860862401,145.7893934901,158.109244453356,58.705230154353,270.091965253604,189.267011586416,178.928697538312,72.5066894989659
2021-12-04 00:00:00,205.597016058646,160.940598709725,180.484815831747,73.7683101216496,449.901675046238,328.085866726314,379.450067524903,144.499377318789
2021-12-05 00:00:00,163.983191165012,157.624152729507,156.395132153983,55.0132274518426,395.176299625685,297.736736131819,311.440985218014,98.5729061066115
2021-12-06 00:00:00,125.855526241666,97.7083783572712,96.6239757947867,36.3172895881906,237.658648116012,181.96498474452,204.816811531224,64.2713781996227
2021-12-07 00:00:00,103.977036270718,91.8538838013853,106.428425396647,36.935739452767,170.175009878633,141.225401802097,149.442857989288,54.3124872239256
2021-12-08 00:00:00,103.266354859434,92.033589475066,105.455716429362,35.481661514674,139.630856060396,83.2879694220624,79.1223373248447,30.8596206488935
2021-12-09 00:00:00,102.989343398959,82.9756110807876,83.2028744969042,35.4725005010266,160.55683622605,118.669213798213,109.551999098487,48.0242692736121
2021-12-10 00:00:00,105.15104078293,77.5475497287768,68.9719207749961,31.3738277948796,178.550728707919,146.251781680412,149.032273883251,56.2928037427497
2021-12-11 00:00:00,158.005114193219,160.940598709725,159.171926847831,62.4045234449464,229.905701785743,198.218544480481,210.713161261537,73.8531412797727
2021-12-12 00:00:00,111.14416290073,88.269525528524,95.6621987179233,32.5280338486533,188.922002891227,107.692010941296,98.2859632459618,37.6453453663152
2021-12-13 00:00:00,95.1121915872133,106.590958207932,104.032870451065,39.0773735142345,172.989628220499,125.769915926359,127.629301449367,43.8157181341458
2021-12-14 00:00:00,136.245771665079,86.1130160637987,80.6379200188897,32.7639056524685,210.310625416046,149.373021136833,148.851259214386,54.3546407583353
2021-12-15 00:00:00,112.427079887287,65.7382781964758,71.746537680455,25.1743293591039,251.634216536649,164.05206098285,182.573719839245,60.3770648856362
2021-12-16 00:00:00,122.894846744976,74.9457132342598,86.6571015818507,30.1725637767962,208.954351452084,156.542367138068,160.540598587051,59.6593709649077
2021-12-17 00:00:00,117.401647476087,71.3437457504746,86.4723036112965,27.3141808157838,204.834846131928,120.44264373681,141.254956103532,43.8697175634378
2021-12-18 00:00:00,144.679381670899,142.370529627833,139.116421340351,50.2212175248066,206.122353325149,184.548300033552,177.713541869939,62.5534715352715
2021-12-19 00:00:00,142.118765676344,107.184423856065,127.908168821651,39.9230400077941,216.653673040398,95.0223625952612,79.3270069085272,33.5736476701482
2021-12-20 00:00:00,258.436156938994,201.338476614983,234.793437765304,77.3361014417215,244.933912854258,181.96498474452,212.024431444456,66.4188705499681
2021-12-21 00:00:00,119.215050206944,94.7243176701786,91.7215211393579,40.2856443937369,146.896352866933,122.214290021046,139.407437787756,49.7105326962766
2021-12-22 00:00:00,102.433561675084,89.404058347207,95.5918994373462,35.505128222025,108.269915127045,93.3834808671608,96.0705622049114,35.6413898698115
2021-12-23 00:00:00,75.2947300479783,69.5924480032412,61.8400807804228,29.4594517127438,103.708961198645,75.7463066797103,74.420019581564,30.3532615559125
2021-12-24 00:00:00,45.9397750993385,40.3247258589639,37.3798938652087,14.2877580988855,65.257119121676,25.8091379436022,21.636657516001,8.69998391786011
2021-12-25 00:00:00,59.0139583131298,37.1401381637826,33.1043053306679,11.710402978645,154.591764993861,68.3512222346488,80.6168459032849,20.7085094883615
2021-12-26 00:00:00,96.5678792416182,56.7446949826226,57.7492419060479,27.5876858505872,129.992203824239,107.692010941296,106.667985328926,49.665438097314
2021-12-27 00:00:00,100.876566834923,88.8257985066102,80.5872692940831,36.4688923740411,118.020961309312,82.9546253982368,84.5059996718645,32.3647475080108
2021-12-28 00:00:00,93.2207911392644,71.7608467198322,77.9846492194171,30.5194275710128,93.114628046799,57.0333353431546,54.2932482487113,23.1982485915957
2021-12-29 00:00:00,73.2858002228243,63.1087470686167,64.2480301138035,28.1220144695153,109.016604196887,58.0491908093162,53.569366681227,24.8601509123515
2021-12-30 00:00:00,89.1420367234685,82.9756110807876,89.3597974427937,37.2230914348435,87.5764561232998,55.5472915651209,54.1268469840264,23.5888204091663
2021-12-31 00:00:00,74.524524050038,58.9361377938703,51.4471318719985,22.3637653203944,56.1936303547766,40.1475479122701,37.4673884475358,14.4935430531092
2022-01-01 00:00:00,95.1838037308546,68.0902533002682,101.663689728766,20.8493463341443,101.079230957525,54.680977787719,68.4515523856011,16.08859046436
2022-01-02 00:00:00,134.830623846788,88.269525528524,121.667487395269,37.7485824910298,129.992203824239,82.3527142492264,77.1320947370212,33.4078518791845
2022-01-03 00:00:00,99.9158376269715,47.3737592035254,38.9086085557989,20.0642888570163,113.170784817149,72.2508027662063,76.4557511037818,29.0788189834284
2022-01-04 00:00:00,124.593172772671,83.2425821950054,100.820476775341,34.8780539678212,112.379723504757,65.1809546778909,74.6585340753371,26.1195095253522
2022-01-05 00:00:00,89.9416639098299,94.6631206029251,94.752175418478,36.2510342771096,136.644099781029,113.574503757358,134.780113951807,41.7995064592866
2022-01-06 00:00:00,83.0838400529415,64.2391827722227,67.7745424423403,28.7432195268221,142.119687568513,103.519952462271,98.7491771083866,43.8470949315462
2022-01-07 00:00:00,99.0257374363519,65.1399417721725,65.6997162571137,27.2561087825834,165.86184443426,140.516417692945,148.058663157797,55.9365714164616
2022-01-08 00:00:00,104.70218410394,99.0403684367537,95.049816769953,41.5487744101078,206.122353325149,150.372688916227,147.166236080747,60.6162642142378
2022-01-09 00:00:00,136.652659304177,75.6595933101634,82.7775948188587,30.742875727927,275.583472107386,228.053670228627,307.292785053373,87.9019139000245
2022-01-10 00:00:00,108.562400498536,82.9040786061695,92.028921589305,31.6178959476679,158.439098744008,104.362270662298,109.240650650961,37.8223711896093
2022-01-11 00:00:00,135.349417904124,126.299090226905,144.287290855211,49.7261318270721,160.542462149653,116.782543797888,128.141931441083,43.9744062629553
2022-01-12 00:00:00,123.253391283841,110.440307370079,113.222984050697,42.9641887728706,138.137477920712,121.146137341182,114.237287340264,45.293856734719
2022-01-13 00:00:00,118.567563408885,104.388672004862,93.120361240339,46.8290505148031,145.9607602055,103.519952462271,110.736250658279,43.9609834898099
2022-01-14 00:00:00,109.234576347316,55.8342358047193,58.8711010863611,20.6822792060791,128.701540489972,94.633505793208,89.767727356807,33.3499383517971
2022-01-15 00:00:00,114.220564477026,55.710207245674,68.7348095120993,20.8397977441126,146.663982173663,109.361955575438,100.447143483009,39.309654283197
2022-01-16 00:00:00,120.254340187676,113.489389965245,123.582829702571,41.4907148676377,185.45554412258,158.370604325435,176.331587884707,54.9225898561792
2022-01-17 00:00:00,91.2692747554067,74.0214987555085,64.7246339087967,29.4152382934653,137.421667277966,72.2508027662063,62.3853027397137,27.2838301572908
2022-01-18 00:00:00,105.769743792627,66.0199789822457,86.5489789180544,25.0068559659986,154.923475974416,105.919051351573,92.4805914106373,38.3703174249385
2022-01-19 00:00:00,109.095907149886,94.6631206029251,89.2146137469887,38.7600557425897,167.258351644538,121.146137341182,116.656417538869,47.6720544630336
2022-01-20 00:00:00,95.2002333939955,77.6223458497691,77.2031310448107,29.3354849911786,155.179334534268,103.519952462271,98.3552959931659,37.0349642091396
2022-01-21 00:00:00,103.109273000738,83.7513537070789,83.6562016292415,31.8507099773618,255.590383226564,186.399329592682,180.751050329863,67.4409864447452
2022-01-22 00:00:00,116.124240551643,148.560552655131,130.708707681039,58.2121351233963,443.955837931089,280.24001116206,288.529711042734,105.515046630541
2022-01-23 00:00:00,123.898411102454,113.489389965245,123.282433350696,41.9332824928925,331.046812405727,259.727791093714,292.134723495028,91.0338265360179
2022-01-24 00:00:00,164.284694559732,121.395257959034,122.877897485772,47.3065406162703,338.703991702752,275.623432774787,290.446329904209,102.066628554514
2022-01-25 00:00:00,159.550969449895,146.392127308458,136.204734234575,56.3301434596408,315.465938124069,222.701595149461,244.414919447397,81.9566242759777
2022-01-26 00:00:00,126.584564021242,123.587963009374,116.664108962399,45.8935652801118,365.130955152586,285.198198324032,281.932886306355,101.782501923758
2022-01-27 00:00:00,107.31662673505,99.0354067738433,101.600339269404,40.1516687482466,251.974364986336,184.316012920628,215.09340732803,70.7387748185679
2022-01-28 00:00:00,114.338995802798,89.9551576853811,92.5199653302695,35.9684808934381,265.560220870154,157.722509655347,151.052004567195,59.9987208665509
2022-01-29 00:00:00,106.605860178557,129.990483573239,146.895339983454,53.034613489825,289.364072937228,225.559033374341,261.304502045187,88.4264733454952
2022-01-30 00:00:00,118.432304730287,56.7446949826226,53.9902351346521,22.5933634121188,249.585031342538,202.714373536557,222.365283302247,76.5633528477863
2022-01-31 00:00:00,129.698443073473,71.0606388052881,57.9778473564521,25.3023111692462,181.881618456132,104.362270662298,100.812452400438,35.3120368186175
2022-02-01 00:00:00,102.184328748809,80.3721483262121,82.8626143965751,32.3955387005563,161.345174460402,100.487305128415,105.198724535714,38.7372179569877
2022-02-02 00:00:00,104.931941228135,92.033589475066,94.7974310637683,36.7193938930929,140.377545130237,95.9073587284354,95.6274005863218,36.7749249593227
2022-02-03 00:00:00,97.7966033956499,74.9457132342598,65.8826783690702,28.511078987325,176.689341301394,116.144336908889,114.297174402206,41.8259921351957
2022-02-04 00:00:00,100.046621327448,93.0570596745321,87.6286686748195,32.9036260096712,155.892006790671,86.0304598120072,83.3294468441241,28.9400291482537
2022-02-05 00:00:00,98.9911558800887,61.900230272971,53.2133372815969,22.9816658455909,221.977918965545,143.537566692762,143.49407536592,51.2069668373458
2022-02-06 00:00:00,111.14416290073,75.6595933101634,69.2921982160443,26.6751160896263,213.187214271751,145.700955979401,138.398788092337,48.7287751426274
2022-02-07 00:00:00,91.2692747554067,91.7866584568305,87.711699577206,35.5959823397066,133.379853534497,133.797782900382,136.874370997198,49.3081267902846
2022-02-08 00:00:00,85.1536072906742,60.2791112446591,60.3942341663931,20.6227648078642,149.304489799178,116.782543797888,128.965099010066,38.2116312486567
2022-02-09 00:00:00,83.2793184350277,47.3315603014625,44.8552686264874,19.4729776452579,114.99011675562,113.574503757358,118.978221640779,44.9069038219674
2022-02-10 00:00:00,93.4693200595592,50.8560196946763,46.4424877339702,19.6059125753082,150.570047369884,93.420444904976,93.286667225795,34.0932169976232
2022-02-11 00:00:00,115.359879693895,93.0570596745321,83.8591741123552,37.6485933538555,266.466569746844,217.943831523752,267.101755134648,83.8873153813525
2022-02-12 00:00:00,135.161001297814,80.4702993548624,125.941880303386,32.1249092465248,392.425249599802,341.756111173244,317.619111637813,131.09822539003
2022-02-13 00:00:00,154.873013878067,132.404288292786,147.670496622433,45.9794764176453,331.046812405727,253.392966920697,278.242453148328,83.4713245333009
2022-02-14 00:00:00,81.6619826758902,91.7866584568305,80.4277606878893,34.1952145161534,264.334618822912,173.937117770497,183.910190655623,61.5780888966633
2022-02-15 00:00:00,79.7754847249474,48.7973757694859,64.8933844696494,17.4694748703949,200.678077687067,130.361909355782,144.615106068822,44.6346048850956
2022-02-16 00:00:00,93.272836647231,84.144996091489,83.3218271619261,33.0342504066008,200.859359787414,148.908793815202,157.409172496933,56.18329797772
2022-02-17 00:00:00,124.625760079412,88.3288763118062,95.475348168378,30.6950981164202,311.126883595934,262.587196489662,289.645827392841,86.3815958645526
2022-02-18 00:00:00,107.192808565123,111.668471609439,125.17635606919,44.0332396000393,349.850666402319,235.149923486153,255.584486911649,88.2159659628181
2022-02-19 00:00:00,140.872029521665,129.990483573239,126.067621517163,44.276603922698,473.685023506832,341.756111173244,370.56519217917,111.854449185989
2022-02-20 00:00:00,134.830623846788,113.489389965245,138.271213476213,43.680502596763,405.575675931624,259.727791093714,249.862834524137,94.8269026416853
2022-02-21 00:00:00,110.48385891444,112.512678108373,113.287984618618,39.7978476779279,358.9130604201,230.132186588657,233.440749470247,77.3541558305608
2022-02-22 00:00:00,204.368657497618,175.096465996391,171.060584858038,65.3021844088687,467.98127716624,366.642870063137,370.811689159219,130.776939862512
2022-02-23 00:00:00,147.404393629999,118.328900753656,110.938163823425,44.2278413838374,405.452164924037,323.056366243151,333.400411159126,116.047005490261
2022-02-24 00:00:00,271.753393506496,248.926833242363,273.440915255995,95.1165278921331,732.108444609691,552.948038761885,615.335843834664,200.009190748075
2022-02-25 00:00:00,171.508493704197,151.993197468403,170.159998602027,58.7165082351665,469.488718125392,255.223697442288,279.037068404983,93.801406741172
2022-02-26 00:00:00,152.294085969367,136.180506600536,144.670686648309,51.0703685457574,441.97389222604,273.404888938595,297.841925681534,98.5223027173561
2022-02-27 00:00:00,220.466290344072,226.97877993049,308.752211403296,81.2660513428149,618.762890203375,443.437692111219,425.160738129421,150.604269652138
2022-02-28 00:00:00,184.460007926717,145.082137560797,172.660768718395,60.0252343376677,397.714472357408,289.003211064825,324.08769095559,113.624177004656
2022-03-01 00:00:00,155.965554406077,166.485164390011,162.315895603004,62.502707331715,311.452376570328,219.985722037882,195.169154997205,78.9869570408536
2022-03-02 00:00:00,283.982475863444,268.212175041621,352.947734229921,100.249773803365,323.316367241451,234.720641098539,246.492859863472,84.3154024265174
2022-03-03 00:00:00,180.880443448592,133.831630775464,163.408265792336,54.0054650377402,298.067236630178,217.139412481836,227.512564591831,82.9466698967179
2022-03-04 00:00:00,161.299654793233,201.62362929482,234.287497415032,77.3653269255797,342.599875388799,272.42978940469,300.321547712674,99.4516098831618
2022-03-05 00:00:00,272.225678670244,154.750575682428,221.905328105896,58.034509711088,380.533575369505,280.24001116206,314.482401536192,100.98536028529
2022-03-06 00:00:00,266.017176778797,220.67381382131,219.336441878669,74.9420387689561,506.102980222369,411.763571246132,389.065485979396,132.648823637939
2022-03-07 00:00:00,216.164071789121,165.808157212339,154.482927215326,60.6488731359811,484.209286467658,388.013570411108,362.123381931735,134.868933163881
2022-03-08 00:00:00,184.64887475662,180.837333733977,188.018305887358,68.6502774812125,434.267360114813,429.107951629449,422.865695470514,155.796738863469
2022-03-09 00:00:00,167.391430054406,136.73561864867,124.261179658886,55.8534454047318,347.210417476385,353.342900578446,361.140785947158,138.712436250077
2022-03-10 00:00:00,164.436766771447,195.394180932177,199.804513214819,72.5740537479206,321.113672452099,295.41059605087,292.709266397227,103.866902769394
2022-03-11 00:00:00,274.617766704935,145.7893934901,146.373172473249,54.8345556386814,393.355412483436,321.18038329816,322.138168607982,114.929018320039
2022-03-12 00:00:00,224.633776804817,148.560552655131,153.380510094417,54.7454074733678,459.811403571485,382.766844514033,446.683909267684,135.535396095539
2022-03-13 00:00:00,225.932396716239,195.453949384589,197.559398669935,75.437079693574,447.17318115538,386.424274554062,423.908299406045,141.476919764346
2022-03-14 00:00:00,171.009799015394,130.277837809695,110.272006166382,48.6477537252483,324.961824974956,259.567698826741,275.455045125355,92.1066656121999
2022-03-15 00:00:00,189.130643561392,157.873862783631,181.319382167761,61.164277447112,315.465938124069,217.269848926303,252.426762604371,80.5053375781405
2022-03-16 00:00:00,181.54891418836,149.883274287965,150.705113206003,58.0452979245216,347.210417476385,292.769831907856,278.040671558594,108.96597700909
2022-03-17 00:00:00,160.109483435356,91.0055089273154,86.7603777185406,34.4687511942629,258.888295732913,179.266259141981,161.709277948144,64.2743626280463
2022-03-18 00:00:00,230.719759387789,155.095099457554,158.799529851431,59.5117899427536,206.647543885307,166.325555636547,195.747400096235,60.7178249812988
2022-03-19 00:00:00,159.908790267836,99.0403684367537,106.426674563194,37.0485293228669,251.707104541287,136.702444469298,138.805266979341,49.1370678539963
2022-03-20 00:00:00,127.542482017232,50.4397288734423,51.8732723041993,19.5220123337488,227.053049346337,171.04025267147,182.409031257363,62.7958505026013
2022-03-21 00:00:00,124.894797033714,85.8649385563898,90.2707573978623,36.1761229064659,201.282324424786,128.445871584367,126.749850488317,51.4250201917523
2022-03-22 00:00:00,112.044220119308,74.6312805886255,81.223091182686,26.1120446698299,191.848242268836,179.2476253642,179.866918071275,59.9806262553836
2022-03-23 00:00:00,168.224223238756,86.774527219348,86.6681763869148,30.0142971971767,180.698754901689,136.289404508829,147.321788390083,45.3052715171623
2022-03-24 00:00:00,146.262176759866,85.6522436962969,93.2982764444908,33.3931760341711,200.503991650713,143.91798269145,127.392049812533,53.1147818468248
2022-03-25 00:00:00,138.840209189112,96.1589616636832,79.033425554997,35.7743481629788,171.2999376944,131.913371711744,116.212530987475,46.6899136925159
2022-03-26 00:00:00,137.064677372431,117.610437518645,98.4586591711873,45.9633316911817,267.562670181683,170.878055586622,167.450410560395,64.1691313751201
2022-03-27 00:00:00,118.432304730287,94.5744916377043,82.4771984669838,35.4166237271051,291.182536566294,152.035780152418,165.247360488375,54.0082029547898
2022-03-28 00:00:00,139.305735152989,118.434398008814,131.852614157014,46.0412425462934,225.533206885604,163.233295138466,156.348790820775,60.3012188258964
2022-03-29 00:00:00,133.556710382215,117.687788620525,115.309698470682,46.9898650008658,162.950599081898,116.782543797888,119.990619990034,44.595221410197
2022-03-30 00:00:00,132.414116311694,97.2926517307841,99.4040447092503,38.0218390393172,129.923898152454,108.526748034809,97.8876941669211,40.7606019960363
2022-03-31 00:00:00,131.549413417157,91.0055089273154,107.847764384679,36.5529082432184,185.139701102765,154.017490248744,148.55889508143,58.5606181088024
2022-04-01 00:00:00,158.237003119944,155.095099457554,166.596897850611,60.1865267901771,150.453913530531,129.045689718011,158.40681089369,47.6427690739959
2022-04-02 00:00:00,131.353649148579,117.610437518645,127.389963334939,45.3664053055819,218.014027555446,95.6917111285083,94.5384879840085,35.4680289782482
2022-04-03 00:00:00,207.712042142349,94.5744916377043,79.4935069369724,34.9444020774104,322.380665484112,278.732263612766,252.861610058565,97.6948382337753
2022-04-04 00:00:00,180.61709109491,115.473538058593,93.6798524968841,44.9989044886473,191.581971440459,168.585206454481,153.68097828578,62.4291029022756
2022-04-05 00:00:00,150.58743184035,111.946920882938,126.307071632386,50.9289879284215,168.569585257136,97.7714320168364,114.295957259931,42.5404880339182
2022-04-06 00:00:00,174.886568713558,84.144996091489,79.9982812821715,36.0899185692113,182.192133041372,148.908793815202,152.360077775183,61.3802530406591
2022-04-07 00:00:00,188.669553453555,61.5625501567134,62.9208009895374,25.1361606539723,173.616483191805,136.343352023479,152.219846753958,52.6984285736694
2022-04-08 00:00:00,154.153467555558,74.4456477396257,65.9676208549045,29.7670186704315,172.20628657109,117.574961743077,139.817599942446,44.7263191914288
2022-04-09 00:00:00,161.812466342453,86.6603223821595,96.9526923514048,31.9348210261312,202.15846191505,95.6917111285083,86.1775188826027,33.8838490238848
2022-04-10 00:00:00,153.050978420678,50.4397288734423,48.889580774188,18.4403177189501,169.856479663672,120.361659287331,135.767777497415,41.7411682906962
2022-04-11 00:00:00,169.08834059949,106.590958207932,101.871113108428,40.5554774769478,274.843334555933,157.881383822451,144.783524765259,57.0831907546155
2022-04-12 00:00:00,147.898370557487,129.169524095698,137.31213799742,45.9518928333363,223.956734698767,135.79365557894,130.499039823958,46.201962603807
2022-04-13 00:00:00,149.90277318305,102.551713986502,101.734833298371,39.271953800202,167.258351644538,133.765526647555,137.57762612854,49.2305298298264
2022-04-14 00:00:00,150.589460095957,115.095202466899,115.419153118282,41.4131907731071,182.066842993176,148.967736470097,162.846166255988,50.7405355676337
2022-04-15 00:00:00,130.673138060341,86.85325569623,83.7611101133271,34.0129625997761,140.484075886941,111.839597755609,103.194385231008,41.6683440276458
2022-04-16 00:00:00,140.872029521665,68.0902533002682,66.2086106613357,24.7235524989241,182.339004864554,116.197077798903,130.994449272202,40.541084467802
2022-04-17 00:00:00,187.669652111069,138.709254401966,167.730787748535,47.8095053297904,206.254296734458,88.6875384222438,119.631134715765,28.996941470337
2022-04-18 00:00:00,128.737713865521,88.8257985066102,105.982343624722,35.7395145265603,134.996579031885,96.334403688275,110.734534920555,36.8331707123426
2022-04-19 00:00:00,144.312955513669,106.206053145352,108.090314941789,41.7183619658206,163.753311392647,105.919051351573,97.9055246891009,39.7914402925288
2022-04-20 00:00:00,134.912495864745,102.551713986502,101.473261621718,37.755011378735,150.831192108021,133.765526647555,125.278843322122,47.328921381464
2022-04-21 00:00:00,131.549413417157,91.0055089273154,110.487977008933,40.198850497657,164.397908863037,133.818475134155,133.402056593119,55.9555778248126
2022-04-22 00:00:00,121.485183040473,93.0570596745321,77.9887489374684,38.7478223568878,166.76819331095,126.178007724277,135.335000030017,49.9843358265377
2022-04-23 00:00:00,118.02791662626,74.2802763275653,72.8542842355659,30.4729270880763,241.79737601604,184.548300033552,212.128082973399,72.74865059765
2022-04-24 00:00:00,158.517084792845,100.879457746885,81.6104697674252,38.9352669386188,279.049930876032,183.709901017505,159.552656601278,67.2595192322301
2022-04-25 00:00:00,142.187922776844,100.669238307492,100.367731547126,40.403773695862,206.13250091695,157.881383822451,166.585247598926,60.2149368808039
2022-04-26 00:00:00,133.556710382215,77.5017144574188,80.0926196230523,28.4048201488139,211.113337726794,168.384132917885,165.889468972349,59.0227577557231
2022-04-27 00:00:00,134.079702680395,84.144996091489,98.4904197646542,32.8837526826527,245.660703977916,181.719206011772,179.575392234522,68.2503103189445
2022-04-28 00:00:00,163.571310104229,123.125100313427,127.433193252691,51.6145434787878,213.563638616468,164.116997806039,175.660589108565,65.1269010083171
2022-04-29 00:00:00,127.610486387051,117.872275587741,104.940373668223,42.8282724394815,212.085637145447,134.781053705478,122.018457571941,46.5907843640817
2022-04-30 00:00:00,161.812466342453,129.990483573239,116.481190538658,44.9990659913667,336.930769858416,300.745377832455,349.192615793476,100.038030451469
2022-05-01 00:00:00,184.025581196291,138.709254401966,152.21551440563,57.2006581624277,244.385343189568,145.700955979401,133.110320965102,56.9952637828945
2022-05-02 00:00:00,110.48385891444,103.630098257712,98.1016407777989,43.5468410245295,190.773608691765,147.17756119042,140.957120636112,58.7706524275846
2022-05-03 00:00:00,123.696819011716,120.558222489318,143.576018237863,45.4617393097807,209.507913105298,143.941274913676,143.236379617781,51.9125251816376
2022-05-04 00:00:00,164.893050501355,120.958431881515,127.729524417908,42.264161257223,263.581241654116,196.86247317942,196.394080260293,66.10735251022
2022-05-05 00:00:00,149.724003428738,131.154998159955,125.391749561022,53.9334577510232,237.378288965786,224.714043149807,227.920015131441,87.475209017325
2022-05-06 00:00:00,171.508493704197,130.279883544345,143.614445932117,50.9029611510348,282.780849527263,200.73773956135,223.07084837425,74.618583526852
2022-05-07 00:00:00,186.560255312475,154.750575682428,170.905047968243,59.6926385599762,340.894661268515,218.723911150876,245.097563071419,81.0697805217102
2022-05-08 00:00:00,194.957793940626,151.319186620327,139.451125131647,61.6665919013125,318.914206715465,152.035780152418,179.621447860949,58.7736326272713
2022-05-09 00:00:00,268.04344901851,139.160417660356,141.700563230092,52.574559710433,425.198805813002,291.679166722833,331.490510447642,104.716108702278
2022-05-10 00:00:00,183.752520995665,129.169524095698,108.086692915412,51.0933633601432,344.363581311007,206.406356479988,200.83081554529,78.0845477069097
2022-05-11 00:00:00,192.375225584914,118.328900753656,155.725274302095,48.1056379032734,320.329610962084,217.053496069617,226.729781399058,84.8052335367769
2022-05-12 00:00:00,188.669553453555,104.388672004862,103.72033377667,47.0735886375958,339.550821109636,217.139412481836,230.902137325822,92.6923621822331
2022-05-13 00:00:00,207.239429892571,167.502707414158,163.678425116787,69.2406738638299,301.814175937752,203.605421555084,209.47050288731,80.0720742069718
2022-05-14 00:00:00,190.367607461709,123.800460545942,120.539972019507,49.1586435199804,392.425249599802,266.56976671513,265.621007245124,101.709788981741
2022-05-15 00:00:00,276.949389523132,138.709254401966,172.480582258555,50.181256246934,348.379106248959,177.375076844488,208.367433546671,60.8708640787231
2022-05-16 00:00:00,196.949487630088,118.434398008814,130.404342972857,49.0001912960552,280.50187379679,192.66880737655,211.560472411842,75.7494513364372
2022-05-17 00:00:00,226.77750152148,169.355598258804,166.103259988487,78.7351062410097,285.765582626383,255.292072488406,240.483890563449,113.512525985178
2022-05-18 00:00:00,207.365502903219,149.883274287965,145.796346267839,60.6463843881204,241.927258628707,166.575938844125,176.192025897038,64.7760905130077
2022-05-19 00:00:00,192.996836789645,141.861528621992,158.03700160673,62.1857852241674,247.365077821952,181.791136031305,179.302001398681,75.4363292272831
2022-05-20 00:00:00,176.612913159679,130.279883544345,125.588410804076,56.5875557973432,268.279267500224,172.060919624015,173.266395287639,71.1013914099228
2022-05-21 00:00:00,190.367607461709,136.180506600536,154.367849551252,53.9303091843199,305.219638577624,191.383422257017,242.158600964679,72.8276861686696
2022-05-22 00:00:00,255.084964034463,145.014220511147,128.38308771116,52.4622224399764,303.315142256557,234.388494401644,257.476234162715,80.4364989611698
2022-05-23 00:00:00,210.399696541411,159.886437311898,153.91099499805,61.5608862658455,222.299755890828,141.825649874405,132.673560492317,51.8914951556129
2022-05-24 00:00:00,194.508766127119,166.485164390011,169.724458474046,66.0075320419046,248.840816331963,168.384132917885,176.154800990925,63.8493851422892
2022-05-25 00:00:00,165.725843685705,86.774527219348,86.9703676393035,29.4211292683788,203.099426996939,128.717770925006,137.638454708005,41.9426931744304
2022-05-26 00:00:00,177.418616779719,149.89142646852,155.01960258021,61.9331572260553,200.503991650713,138.868228912802,140.465024502958,54.3163627842645
2022-05-27 00:00:00,126.589602495955,58.9361377938703,54.4398544147249,21.5054544978633,176.738030954539,80.2950958245401,118.522538240766,27.8745753388155
2022-05-28 00:00:00,163.71614241707,117.610437518645,110.485456044043,41.9857356794448,229.905701785743,123.032200022368,159.437423978671,42.2035440967136
2022-05-29 00:00:00,133.008588389399,81.9645594193437,96.1083164405254,31.7232700423418,246.118572573892,152.035780152418,161.349942169724,55.81853378009
2022-05-30 00:00:00,102.798025250827,56.2563390541864,67.0052871873467,20.9099546113825,141.463481021436,80.2786697402292,81.2501022028594,28.3550197939512
2022-05-31 00:00:00,182.856167234711,175.096465996391,197.681794546169,77.7813976597782,191.848242268836,138.509528690518,137.751981432288,58.8458190713515
2022-06-01 00:00:00,140.742048155197,105.181245114361,106.027516362866,40.5504703024846,194.885847228681,151.432671676477,168.938001831094,56.1084011798064
2022-06-02 00:00:00,174.822246778065,136.508263390973,156.597275306785,58.3579846952372,176.689341301394,126.243844466184,121.708633675411,51.0896481634171
2022-06-03 00:00:00,204.176778219282,161.298903435856,158.761064910267,69.0098716176171,196.677706241718,160.59019164908,163.92771872544,65.3658791695223
2022-06-04 00:00:00,236.055833252519,148.560552655131,140.385236714678,64.1348814295559,344.858552678614,150.372688916227,157.722618498927,62.37836491814
2022-06-05 00:00:00,209.534077599738,157.624152729507,180.370450498417,60.165981538241,239.185655036599,126.696483460348,151.140772854759,45.8747362104505
2022-06-06 00:00:00,197.91021683804,174.690737063,183.441231892629,69.0788323363491,209.365951911725,144.501605532413,147.658097338267,54.29951456365
2022-06-07 00:00:00,190.923351083301,132.039957964491,134.579507505554,59.4327399085803,209.507913105298,135.79365557894,143.900066395041,58.4571250981856
2022-06-08 00:00:00,170.722602791807,131.476556392952,122.989687038517,52.4562769901327,170.245107923905,143.861038092653,176.547165740913,55.1623874389841
2022-06-09 00:00:00,159.244026768138,139.184896006483,127.674592712108,52.6015592945271,175.1529122466,121.194090687537,112.519077715633,43.3580068789927
2022-06-10 00:00:00,174.571145377486,155.095099457554,180.049299648305,59.378653947356,275.530058513743,160.59019164908,178.268186804409,58.4929567512504
2022-06-11 00:00:00,192.271283536326,136.180506600536,123.594949109849,56.6494844373108,293.327964347327,218.723911150876,201.898315260208,87.4281946802757
2022-06-12 00:00:00,216.822219429294,138.709254401966,155.342097585607,56.1971378437887,388.243382088392,183.709901017505,279.751793400821,70.6028286677503
2022-06-13 00:00:00,247.868135651526,192.455896764322,190.232099264453,80.0368111705915,340.32071720014,243.511964878695,242.910021299494,96.2336645082738
2022-06-14 00:00:00,229.466562804343,163.614730521218,151.719763484103,72.3024313799526,341.955444378762,244.428580042091,269.422699784783,103.30470075945
2022-06-15 00:00:00,263.162646254687,215.62155248444,212.561432052198,76.9067911298162,341.236904917652,244.816152543638,260.447266564354,83.9195820140798
2022-06-16 00:00:00,231.942386814462,198.070813547687,196.969000878764,83.0320916832673,266.570441006886,169.166751584686,183.287932777476,67.1308056547269
2022-06-17 00:00:00,225.615339932307,120.974177576892,100.749294063109,49.647389652962,273.717360760363,186.399329592682,229.506384714796,72.7780429259841
2022-06-18 00:00:00,260.803622222542,198.080736873507,183.807825276569,80.8146491273524,410.262760945248,307.58050005592,290.528147745216,120.581554562039
2022-06-19 00:00:00,200.423900312793,145.014220511147,134.350470771183,53.7246823382647,299.84868348791,272.397439439749,263.810795959698,95.7297804156312
2022-06-20 00:00:00,193.106570798282,88.8257985066102,90.3869834455781,37.228660965167,209.365951911725,131.121827242374,131.153867780007,52.2229561604395
2022-06-21 00:00:00,191.819704844256,169.355598258804,175.424664789477,70.7840240836663,186.229256093598,141.225401802097,126.938715887851,56.4528808091049
2022-06-22 00:00:00,200.703157428417,157.771867671542,150.506018054386,65.8575156372469,236.700435139815,181.719206011772,174.453111224728,72.8999664963908
2022-06-23 00:00:00,175.687703445283,125.801732928936,125.357206778957,57.0275031338153,246.596863294555,131.293598244831,140.247465509943,56.3407521583762
2022-06-24 00:00:00,234.803294952175,158.197001446705,151.676776893429,62.0942740384346,261.028476486704,146.251781680412,146.652370570263,54.6143485852824
2022-06-25 00:00:00,169.427170640921,142.370529627833,144.558237881594,57.4541646139771,245.761267426139,123.032200022368,142.261608875936,47.7083541962849
2022-06-26 00:00:00,235.042574003184,151.319186620327,160.005473490299,57.4428527299897,242.652113805245,152.035780152418,143.687255219572,54.7480413514308
2022-06-27 00:00:00,158.520319312022,82.9040786061695,90.0512603578592,29.7165970822179,174.606353717887,99.0103593462826,104.560623042652,33.7250016420855
2022-06-28 00:00:00,190.923351083301,94.7243176701786,84.3711171515457,39.1094211997592,187.031968404346,108.634924463152,135.928371154942,42.8970046949216
2022-06-29 00:00:00,189.876846031863,131.476556392952,134.334541232491,57.1043015335622,171.738486063588,133.765526647555,148.190453818987,55.8361452247145
2022-06-30 00:00:00,204.247773463481,149.89142646852,148.677146358885,59.5127809666463,197.431133541123,159.067244027392,165.77566586196,59.7854586232318
2022-07-01 00:00:00,184.77998428845,133.381785533496,167.438866249554,56.0843787480162,174.925333201159,91.7658237994744,99.3017625067595,36.7095144511182
2022-07-02 00:00:00,205.597016058646,173.320644764319,162.580769249065,68.638575325498,245.761267426139,205.053666703946,202.902343554398,78.0296637521461
2022-07-03 00:00:00,196.779829398015,182.844017166228,181.390706888984,68.2875781836187,242.652113805245,183.709901017505,192.594615869472,65.0840091762011
2022-07-04 00:00:00,110.48385891444,35.5303194026441,34.3764270171456,14.1542631788358,146.313657513599,50.8431575021451,47.4789932943463,19.2472564228413
2022-07-05 00:00:00,250.97905306725,189.448635340357,169.166405019937,76.9089574789523,174.991283743122,143.941274913676,133.428247573608,55.8866897888443
2022-07-06 00:00:00,193.208018769264,123.587963009374,126.536291998689,51.9677136260089,183.685511181055,106.002870173534,100.194239132786,42.8376641360532
2022-07-07 00:00:00,230.211473480026,203.424078778705,213.149517344094,91.2566112596162,198.199348068521,146.442859580773,139.642405571054,62.1887083514384
2022-07-08 00:00:00,210.302081565861,173.70651139246,163.564463203005,70.6112335206753,210.272939392067,177.796283611482,176.499027728064,68.7594928488358
2022-07-09 00:00:00,178.945551014007,148.560552655131,126.535706514123,63.0354263193349,225.941810375644,164.042933363157,173.707048579078,66.8825689304109
2022-07-10 00:00:00,267.839212236186,245.893678258031,270.884671935543,97.0677835483622,211.453984887428,171.04025267147,163.058725277567,64.0481894015136
2022-07-11 00:00:00,230.575009908396,174.690737063,157.689530630693,65.5363281139723,189.156883194377,123.093960268351,111.843541042949,43.8830834697684
2022-07-12 00:00:00,218.71031767289,166.485164390011,164.373320780189,60.8862580041706,187.031968404346,138.509528690518,141.811868645465,48.4463424251213
2022-07-13 00:00:00,277.320130388642,220.880614740159,216.607929153434,87.7185520779442,189.659023739789,156.480427399026,164.604122264317,59.7234100521165
2022-07-14 00:00:00,250.116976826043,192.717548316668,240.917894827194,77.7678696543458,226.623285582223,123.71896757686,152.332600338524,47.2603119178974
2022-07-15 00:00:00,241.949482189849,189.216021338215,227.558359987887,84.1079354380548,176.738030954539,106.104233768142,113.06971598463,44.8708261460543
2022-07-16 00:00:00,243.670537550988,198.080736873507,238.662207804733,81.7125896732119,229.905701785743,109.361955575438,142.102269881841,43.3498131956367
2022-07-17 00:00:00,227.754432173628,182.844017166228,179.671607911497,74.0780453395396,188.922002891227,95.0223625952612,98.2859632459618,36.5187044833191
2022-07-18 00:00:00,257.475427731042,195.416756714542,214.52586080578,73.3118246698673,206.13250091695,141.825649874405,160.257695366798,50.5609439977767
2022-07-19 00:00:00,310.138401290245,203.800804684324,203.263485042453,82.9337998713883,240.81369322448,160.236513583149,162.461438772358,62.3626778685344
2022-07-20 00:00:00,220.690193852823,131.476556392952,124.178950822658,51.1478437772269,161.284839085805,116.098381618632,110.294285336216,43.4066127041057
2022-07-21 00:00:00,279.54250351146,203.424078778705,201.736541590447,81.3282299420191,182.066842993176,146.442859580773,152.286909336412,55.4228072113514
2022-07-22 00:00:00,321.57842569537,238.846453164633,231.145647545535,98.0217693148223,204.834846131928,151.987145667879,161.325120351618,59.3420965396486
2022-07-23 00:00:00,232.248481103285,129.990483573239,152.948153249353,50.9356182329718,303.237692872574,205.053666703946,229.011449225085,77.2061316808833
2022-07-24 00:00:00,213.178148514516,132.404288292786,124.924477291639,52.4166031161156,270.383783954416,126.696483460348,138.691147435198,47.5786549839815
2022-07-25 00:00:00,240.182301987912,180.612456963441,172.386096498887,77.9306661705157,206.940863665643,147.17756119042,153.759925451454,60.346273136099
2022-07-26 00:00:00,340.614429162697,292.784254616916,338.210191807322,125.462592251018,197.467228444074,138.509528690518,145.608287120726,56.7654113264047
2022-07-27 00:00:00,287.313648600846,247.175926018749,269.151200575888,100.249773803365,224.006720952507,153.956549537752,170.821851176143,60.0103447606716
2022-07-28 00:00:00,308.102573529658,275.693159397456,285.555673210397,114.185943439987,215.86828219866,161.592120916715,180.423692857497,63.3560644083123
2022-07-29 00:00:00,300.139863982345,254.355963110388,245.477758483773,103.395020512417,165.86184443426,131.913371711744,120.022896632343,51.0151075975234
2022-07-30 00:00:00,222.7301007302,167.130621737022,169.042817821289,63.9695853433972,178.375113454455,102.526833351973,92.0861743816032,37.7076339008438
2022-07-31 00:00:00,240.508680375351,214.36884771213,255.927911905185,85.3527062235599,169.856479663672,139.366131806383,135.616690475169,52.6373050828531
2022-08-01 00:00:00,227.692822284541,177.65159701322,165.721282636043,75.8398186240006,200.473961676092,157.881383822451,172.853020379035,64.0482485124731
2022-08-02 00:00:00,238.430100413888,206.671238553117,202.102709206432,95.3002299195714,198.269940754822,143.941274913676,145.459830026884,63.4799900318938
2022-08-03 00:00:00,219.857400668473,212.992021356581,246.514984722926,85.7770951909072,153.071259317546,128.717770925006,140.456611635591,49.819255272915
2022-08-04 00:00:00,192.131380122427,157.921324315047,154.340044988172,66.6868461189738,176.689341301394,131.293598244831,138.113066719323,52.4836835509568
2022-08-05 00:00:00,235.824178843271,201.62362929482,203.451244542722,80.6190088990854,164.04914668088,123.310325730544,121.963836848167,46.9080908593034
2022-08-06 00:00:00,232.248481103285,191.89071384621,218.358534965496,81.4207589958076,186.302896274653,136.702444469298,157.951168059849,55.7354741086758
2022-08-07 00:00:00,182.203545738902,138.709254401966,182.174326509082,51.1154817621695,136.925121361531,114.026835114314,139.014069306794,39.8597774466866
2022-08-08 00:00:00,203.67459208575,219.103636316305,203.764991923236,85.5897758888499,156.82237324662,131.121827242374,124.606512392908,48.673823217497
2022-08-09 00:00:00,187.337936039483,206.671238553117,198.158016382389,77.2477634590358,170.175009878633,138.509528690518,143.834594541887,49.5134424785381
2022-08-10 00:00:00,175.719361897908,152.512805415824,156.534593338945,66.2409897789322,158.298082806438,118.622259479907,114.329083955131,49.5150721804072
2022-08-11 00:00:00,187.804096786337,176.657752623612,162.748461332953,72.6450655421945,145.9607602055,106.044829351594,104.13179859785,41.280435716041
2022-08-12 00:00:00,226.636223823403,167.502707414158,194.115150637713,69.746080242398,175.831682077849,123.310325730544,135.209738488038,48.8483281941164
2022-08-13 00:00:00,182.752903163241,148.560552655131,170.34446689987,57.0087834929385,214.050136145347,102.526833351973,115.170644983339,37.8050696473576
2022-08-14 00:00:00,207.712042142349,176.539051057048,164.087668234409,69.0991001530714,230.519508114983,95.0223625952612,115.948650196113,35.2807822974439
2022-08-15 00:00:00,217.124800997073,171.72987711278,164.025201544734,63.536914713885,132.571490785803,82.9546253982368,88.9792200214069,29.1654736164143
2022-08-16 00:00:00,223.192086477662,206.671238553117,248.890015679837,85.957070123535,170.175009878633,141.225401802097,146.186638936967,56.1761510012171
2022-08-17 00:00:00,192.375225584914,178.808116694414,175.456093524383,76.309529313009,150.084503038179,80.7640915607877,80.2948441265647,33.1253579104662
2022-08-18 00:00:00,175.687703445283,176.657752623612,164.323748833056,75.1500678022701,132.132898712347,90.8955680156523,102.19604728167,36.6033420142236
2022-08-19 00:00:00,170.487609813101,130.279883544345,128.587411863806,53.4664196262667,192.145961858268,106.104233768142,113.915184636395,41.4275013578679
2022-08-20 00:00:00,228.441128954051,160.940598709725,167.403709495596,64.4229985968045,210.086244735248,157.207811139692,164.304080572875,60.467731344318
2022-08-21 00:00:00,202.245935770182,107.184423856065,94.7954700183647,43.0474518344911,216.653673040398,158.370604325435,151.170634518313,60.3352508854838
2022-08-22 00:00:00,207.517508917556,162.847297262119,172.466713658271,71.8054173136371,180.264892958744,117.742048952336,121.518261261624,49.3351449419505
2022-08-23 00:00:00,198.094181170937,183.707767602771,185.864202166369,78.5233352597868,175.793996053871,162.952386694727,179.184304829069,66.6146181219626
2022-08-24 00:00:00,180.71612100401,157.771867671542,136.093130924095,64.6000929043162,138.137477920712,88.3357251446116,101.361601318541,34.760873045962
2022-08-25 00:00:00,212.036883468445,200.747446163196,192.397645426568,79.8882685581317,163.629694335639,108.569706240918,118.609046988761,40.8999708707319
2022-08-26 00:00:00,221.531804367921,195.419825316518,196.991575513868,79.0620460430965,177.644379831229,140.516417692945,133.591139237645,54.0852428116615
2022-08-27 00:00:00,129.449973073962,142.370529627833,127.389963334939,62.9259898153083,507.378100492673,287.075133385525,297.078036872535,121.921349612728
2022-08-28 00:00:00,233.220538545795,151.319186620327,142.343403203484,58.7300875250595,303.315142256557,183.709901017505,214.053664756276,67.6363232615423
2022-08-29 00:00:00,189.263653966475,174.690737063,162.221712169346,71.7221550022808,156.014010497927,117.742048952336,122.155391735572,45.9370609791121
2022-08-30 00:00:00,198.094181170937,195.189503077944,200.058846817565,77.3881410146468,160.542462149653,119.498416909467,117.95345867328,45.312466875173
2022-08-31 00:00:00,185.712880110112,186.696710077991,180.558630675851,82.3388244991646,159.04477187628,116.098381618632,113.633126151711,49.2090390810042
2022-09-01 00:00:00,199.920490127391,171.304487392594,166.516979635794,75.4753927711111,169.775410554818,121.194090687537,132.833592592044,50.5474723053563
2022-09-02 00:00:00,148.02816420898,114.77037359859,116.690277447693,51.0162887083283,126.888842736592,88.8981418057408,95.6642862136455,37.5944759602076
2022-09-03 00:00:00,154.197762043984,92.8503454094566,84.2311420288068,36.478834675541,170.447330634257,116.197077798903,133.312517769657,43.8658824003467
2022-09-04 00:00:00,189.491687568458,151.319186620327,153.225134755154,56.3619388345329,166.390020895025,76.017890076209,66.5551604825509,26.8589181361186
2022-09-05 00:00:00,168.127611391539,76.9823587057288,71.3633976105828,30.3669077676656,139.846755524048,69.5748471081986,56.7437466881978,26.0801317679986
2022-09-06 00:00:00,225.881147760525,143.521693439665,144.012910953642,69.1889295501939,160.542462149653,76.0444471242061,84.6360005596579,35.0609893486617
2022-09-07 00:00:00,234.847677986778,189.32624120585,168.616518010535,100.87244320587,160.538150015963,118.622259479907,142.625864948205,60.7405388548474
2022-09-08 00:00:00,223.28782014228,216.807241856252,237.117397625195,116.651804481519,145.9607602055,108.569706240918,120.932096019309,55.2977799311453
2022-09-09 00:00:00,161.299654793233,102.362765641985,93.6177886557962,53.0845166289362,127.795191613282,63.0890038621387,76.5193109756403,31.126609128344
2022-09-10 00:00:00,161.812466342453,99.0403684367537,133.271478143488,45.11738080116,168.465384929208,109.361955575438,115.720796377605,47.8709593571448
2022-09-11 00:00:00,205.89000668496,107.184423856065,97.779161548376,50.687272637882,211.453984887428,120.361659287331,161.380786864975,53.992842259979
2022-09-12 00:00:00,220.967717828879,186.534176863881,163.262825919477,93.5239632470736,168.139451728335,149.853516848428,143.510425556344,71.3969387293591
2022-09-13 00:00:00,196.301473649028,192.31906920915,201.656172158334,90.4017570366633,178.202132986115,135.79365557894,138.093428155291,61.0480226094625
2022-09-14 00:00:00,154.066739104801,149.883274287965,147.004094429487,81.3736296853261,128.43052001277,111.050625896083,100.90545607225,57.943169572817
2022-09-15 00:00:00,180.014986781373,125.801732928936,134.800389549209,65.8408445272231,148.265403787692,113.619460019565,120.982206379711,56.2915032491468
2022-09-16 00:00:00,251.137437209717,238.846453164633,270.234571217274,115.141064237411,143.203122517011,108.971915761876,120.848941274139,49.9779357835382
2022-09-17 00:00:00,163.71614241707,117.610437518645,113.072348137424,64.6891334912928,186.302896274653,102.526833351973,88.629832485008,54.1872664945459
2022-09-18 00:00:00,193.135758483237,56.7446949826226,48.889580774188,27.3954371687015,282.516389644678,177.375076844488,191.967168349912,81.2318499726514
2022-09-19 00:00:00,198.870946045991,171.72987711278,161.148488427108,82.9986723739938,157.630735995314,128.445871584367,121.479147561333,58.9920652049531
2022-09-20 00:00:00,207.057718780482,198.059936946737,183.001170283105,89.1491098628705,162.14788677115,114.066670686309,131.033230153695,49.1039850824759
2022-09-21 00:00:00,219.857400668473,176.178585566555,177.672399571748,76.1342740597342,197.872603508047,153.956549537752,163.829960249732,63.9404932840405
2022-09-22 00:00:00,225.018733476717,222.16050708727,236.196153947583,85.4561309577141,183.603272047971,133.818475134155,139.216138208977,48.7274630946587
2022-09-23 00:00:00,249.095669427524,217.133139240575,233.871261248104,86.0165778709615,233.838010186006,129.045689718011,136.938372041003,48.6353267630374
2022-09-24 00:00:00,255.09259399869,216.650805955399,220.353279521434,80.2352423536838,275.490453001881,164.042933363157,162.99004036961,58.3763070464933
2022-09-25 00:00:00,247.796822204907,157.624152729507,204.16336960044,65.38997394725,324.113894868435,215.384021882592,227.076779677339,84.7583823816437
2022-09-26 00:00:00,420.799393082822,242.790515918068,222.150860615063,101.23109468663,275.651697304627,147.17756119042,146.17823809134,58.3138856988728
2022-09-27 00:00:00,282.351434700657,241.116444978636,215.181548386887,95.1524776251224,251.248953264208,105.919051351573,96.0409153467446,39.9765167590057
2022-09-28 00:00:00,268.159405360789,210.362490228722,191.491338913195,79.8449525867507,268.061376073166,153.956549537752,169.616439442764,56.1601235260267
2022-09-29 00:00:00,328.008076875675,251.603465857872,237.086047873001,103.959228200879,297.299022102781,196.940397367247,186.819021678764,77.0304781304115
2022-09-30 00:00:00,237.865946625464,148.891295479251,152.195575967637,59.5340373408631,248.339592213045,154.854827661613,186.520006298374,58.9078350326136
2022-10-01 00:00:00,300.7808197895,129.990483573239,126.535706514123,49.372376752676,483.594752032079,273.404888938595,256.080243045403,99.7821787111842
2022-10-02 00:00:00,258.729034949241,126.099322183606,119.316125863856,53.4318074578141,325.847124252758,183.709901017505,178.511612938712,73.8414905332435
2022-10-03 00:00:00,286.297303969591,198.377616664763,215.696882919353,76.1988058322845,264.334618822912,171.261162112489,187.578054635857,62.5118781646759
2022-10-04 00:00:00,269.802482047294,235.37557724105,231.898079343765,87.0182685201218,219.943173145025,162.952386694727,149.62099881123,57.6165651294535
2022-10-05 00:00:00,255.667507595535,239.287332635172,232.804512599599,100.61833914823,235.207057000132,184.243083873047,179.106304865579,74.4559400459972
2022-10-06 00:00:00,270.887936839278,235.543670164817,237.373750814127,98.740865785507,271.179728171271,133.818475134155,136.937559517033,53.1034731298586
2022-10-07 00:00:00,282.784837833706,226.438845208028,230.997495750618,93.1531181228929,192.145961858268,97.5011877869415,116.305682943414,38.1600256140755
2022-10-08 00:00:00,236.055833252519,185.700690818913,208.212262962512,71.2609793661732,235.851538900891,184.548300033552,172.355037765205,68.0491253652436
2022-10-09 00:00:00,215.000183971905,163.929118838687,143.685050792553,65.4578136896737,294.648995334941,164.705428498453,182.409031257363,62.3869971691976
2022-10-10 00:00:00,242.103760403816,177.65159701322,179.629422717922,68.0752657648767,205.324138168256,136.47373855839,153.300694425462,49.695547786494
2022-10-11 00:00:00,296.693094875928,218.15297402829,238.625860103942,102.545276638603,234.391994738494,143.941274913676,170.064255577899,64.7109039660302
2022-10-12 00:00:00,318.126996421806,202.473896845145,212.541803706296,80.4086727381155,268.061376073166,133.765526647555,141.422620094047,51.0538827864867
2022-10-13 00:00:00,288.197070183641,259.6333637044,245.20923739681,110.176456339402,275.789015335655,189.365766699276,194.158736763281,76.0695989853335
2022-10-14 00:00:00,309.327819002213,226.438845208028,214.710424296001,91.3955121205742,345.318922018869,189.267011586416,193.681430523358,72.6776958421239
2022-10-15 00:00:00,329.335960908757,117.610437518645,120.668343515271,45.0156341305388,392.425249599802,157.207811139692,171.804886370939,57.8183719812938
2022-10-16 00:00:00,378.983375136917,290.028441022293,338.303051696104,114.817321111491,351.845565017606,145.700955979401,137.007739283753,54.7154532315787
2022-10-17 00:00:00,384.29168318066,227.986216166966,218.18582313752,98.1084712493812,281.310236545484,157.881383822451,158.990794913054,64.5620045165839
2022-10-18 00:00:00,368.401395752285,264.079915928983,299.297743630027,112.311493461327,249.643528642711,187.395244698936,192.691104015936,76.2228168009574
2022-10-19 00:00:00,283.982475863444,247.175926018749,248.015011411095,95.5082304478002,224.006720952507,153.956549537752,151.759691787554,57.1720176436128
2022-10-20 00:00:00,371.280910236583,208.777344009724,189.596635915355,89.4748607851076,343.391893746623,126.243844466184,111.611239866759,51.2164214839219
2022-10-21 00:00:00,416.520627567336,272.967375045294,307.994024965752,104.273157663982,273.717360760363,197.870057567617,210.619170141533,71.9108045710625
2022-10-22 00:00:00,314.10655231182,198.080736873507,187.717059187726,84.2880581156341,307.201584282673,164.042933363157,145.264073872608,67.0742095290654
2022-10-23 00:00:00,238.686644917962,157.624152729507,186.524139427257,57.0241548260614,324.113894868435,196.37954936354,170.129590855748,67.392742372872
2022-10-24 00:00:00,341.058868822835,245.751375868288,230.15294949351,91.7673536180821,313.644746493241,168.585206454481,170.866627552359,59.8218549852432
2022-10-25 00:00:00,269.802482047294,203.800804684324,179.815160965068,79.1382026232698,195.861803822577,152.088894248412,168.544051881957,56.4826922230157
2022-10-26 00:00:00,262.329853070337,218.2510836123,209.699863152202,78.827980032751,216.53983025409,128.717770925006,129.301788479147,44.6800057816038
2022-10-27 00:00:00,266.560653503187,246.250200626854,246.857236712308,102.979137594482,199.735777123315,143.91798269145,142.561844282403,56.9729984458677
2022-10-28 00:00:00,227.6571077145,189.216021338215,172.221371496081,74.9573035732664,189.426915228199,151.987145667879,150.054224097396,57.2816070764663
2022-10-29 00:00:00,167.523494566304,111.420414491348,144.472742194133,43.0906234604828,206.122353325149,102.526833351973,95.5425162781984,38.1004217539776
2022-10-30 00:00:00,233.220538545795,226.97877993049,208.268404458182,88.5914418863926,230.519508114983,190.044725190522,201.367987594798,70.362799624198
2022-10-31 00:00:00,244.985948027671,186.534176863881,175.272884440865,66.7137604495792,178.648167461356,128.445871584367,135.276450884306,43.6541282516653
2022-11-01 00:00:00,250.082699306296,272.691217535363,280.428486865204,103.289187685647,187.031968404346,157.52064047157,183.230923676898,57.0635489909342
2022-11-02 00:00:00,302.30392591915,252.434988274467,258.740157176278,97.3211287259631,226.246788162032,138.813282370104,135.327814814122,51.4327010814892
2022-11-03 00:00:00,347.048123554475,294.429587706021,310.499741488226,113.003435287858,219.709354835647,146.442859580773,153.974943115392,53.2058949228973
2022-11-04 00:00:00,327.703729041948,269.865473056143,235.377687784387,120.583627851631,264.653871993464,206.473103548817,196.713298222649,87.7721615107349
2022-11-05 00:00:00,264.610974371776,222.840828982696,206.503749320879,81.3110536060217,223.959864670594,225.559033374341,244.128686942452,79.0841186677156
2022-11-06 00:00:00,264.195141321408,189.148983275409,197.901724985689,79.4190956304782,251.318260726861,114.026835114314,103.574430373197,45.415988848346
2022-11-07 00:00:00,276.690011890075,251.673095768729,248.014707845788,97.6018870604859,295.052403273281,254.215787510726,253.335607890113,93.6854409015407
2022-11-08 00:00:00,231.259270326252,175.096465996391,183.696315564528,65.3021844088687,288.976431869376,200.97461025683,198.811066908154,71.6851374061178
2022-11-09 00:00:00,275.654544019942,236.657801507313,239.065048617484,95.3078835454524,383.798181898628,285.198198324032,321.528580120733,110.383840114498
2022-11-10 00:00:00,244.924236822734,219.483874471761,209.277109850822,90.2559905221204,285.007589664423,159.067244027392,198.467065979886,61.9206535740615
2022-11-11 00:00:00,248.074785536428,176.808413381611,173.025881047088,71.3636190530511,239.276103446145,154.854827661613,157.295226374651,59.4635693253741
2022-11-12 00:00:00,241.766861476371,179.510667791616,199.68606451841,82.2800382126092,327.021041333168,170.878055586622,217.263050388856,75.2600923535359
2022-11-13 00:00:00,224.11036125885,138.709254401966,178.798825169021,52.0851521479017,298.115454103587,145.700955979401,151.716868697744,51.8981263714161
2022-11-14 00:00:00,384.29168318066,310.890294773136,285.109137635366,106.458128376988,257.059354084666,149.853516848428,158.213528214901,48.7625900683495
2022-11-15 00:00:00,335.23630659697,258.339048191396,226.493872128503,105.633989790368,215.126899280536,122.214290021046,119.267468305744,47.7939820381069
2022-11-16 00:00:00,253.169128042484,255.064519402326,253.281574396989,98.3348904835252,222.513342812823,118.622259479907,130.053224133282,43.9515809241817
2022-11-17 00:00:00,307.23711686244,238.220302780326,237.591314570131,100.105896555601,225.855071054826,143.91798269145,145.715305916376,57.2502393142175
2022-11-18 00:00:00,307.28605122002,241.948355153784,232.448297108593,91.8091418416192,218.430079282277,151.987145667879,192.016426515231,54.8684129867704
2022-11-19 00:00:00,224.633776804817,148.560552655131,141.913554246041,60.6109868455143,233.869593195842,129.867322245833,115.720796377605,50.9122119261942
2022-11-20 00:00:00,267.839212236186,182.844017166228,173.814058065828,67.5591773496601,313.714518562496,202.714373536557,223.855288960985,71.0507914427457
2022-11-21 00:00:00,210.399696541411,174.690737063,176.162709592271,73.2163665648284,223.108118639522,144.501605532413,149.170642232791,57.5518292380353
2022-11-22 00:00:00,245.600930501524,215.282540159497,202.210062208727,88.4546121125965,207.902488483801,135.79365557894,128.803325230207,53.3615887700144
2022-11-23 00:00:00,203.201536981468,147.253743160106,140.72174168025,63.3156466126514,164.271595365171,93.3834808671608,104.371604689998,38.5891739943823
2022-11-24 00:00:00,166.167680105883,64.2391827722227,68.8051154385707,26.2911913207425,143.656116623308,75.7463066797103,76.9107204762303,29.3462813147211
2022-11-25 00:00:00,210.302081565861,136.483687522647,135.965534145857,56.2823790764625,150.453913530531,57.3536398746715,65.7109023495912,22.5011632253089
2022-11-26 00:00:00,234.152157177902,167.130621737022,164.03619370286,67.0816192249679,243.779321721089,116.197077798903,123.947520374061,44.8143339117055
2022-11-27 00:00:00,202.245935770182,119.794356074425,109.114817142928,44.9826314004605,247.851801958215,101.357186768279,90.8025839472206,36.1030444322895
2022-11-28 00:00:00,291.10095000935,260.55567561939,254.12663968545,111.527563061607,226.341569634298,131.121827242374,154.130778575986,53.3340828872573
2022-11-29 00:00:00,246.497284262478,261.209482060189,275.901449211387,103.322134794956,220.745885455774,157.52064047157,162.593732508473,59.5908390394837
2022-11-30 00:00:00,294.808787259998,318.173266470943,303.01948921276,126.944190316121,166.511662574697,106.002870173534,107.568606965343,40.645969691883
2022-12-01 00:00:00,289.927983518077,254.280098473381,274.856387173021,102.133125973698,156.715763589063,78.271183569034,81.5831001720099,29.7603141208668
2022-12-02 00:00:00,334.849916279623,251.254061121237,243.0941208058,114.357602312336,184.895170844749,140.516417692945,148.367429372914,60.8458981631192
2022-12-03 00:00:00,217.019072506348,167.130621737022,174.253700811028,67.0816192249679,194.230679094852,75.1863444581137,115.036399878389,28.9975101781624
2022-12-04 00:00:00,324.322311415246,327.858237677375,313.265183197475,136.830490062149,277.316701491709,183.709901017505,204.341388172828,72.7294198926826
2022-12-05 00:00:00,329.530118327416,180.612456963441,157.345077823728,70.2128948830975,277.268422802014,173.937117770497,195.597362694285,64.2553971095617
2022-12-06 00:00:00,302.071217441655,221.023407897083,230.830158936201,93.5310098019179,205.494351551556,133.077782467361,162.127056285905,53.859275408418
2022-12-07 00:00:00,268.159405360789,223.510145868018,204.801352808893,82.1103607704219,199.365981647731,176.671450289223,171.580897921704,62.3760419968226
2022-12-08 00:00:00,260.50245683266,224.837139702779,203.325532836113,99.0614530120834,182.835057520573,133.818475134155,116.037692077605,55.812834003831
2022-12-09 00:00:00,214.385617130246,164.400805425007,151.506936294667,62.3831348411002,169.48723994102,117.574961743077,150.253748864963,42.4453760841054
2022-12-10 00:00:00,180.849227088624,154.750575682428,193.585971386383,62.2809372509237,261.616833066535,157.207811139692,139.355418373607,60.7954697255881
2022-12-11 00:00:00,184.025581196291,176.539051057048,178.914712426292,66.290193642784,223.58659057769,171.04025267147,188.830918009691,60.9238874794885
2022-12-12 00:00:00,245.946677235622,198.377616664763,196.506040760575,68.2207257344598,196.432147932622,131.121827242374,131.317192068481,42.8496050547196
2022-12-13 00:00:00,242.015515457706,212.412106290703,193.515784143427,85.8206303296881,175.793996053871,122.214290021046,119.990619990034,47.2250060614628
2022-12-14 00:00:00,246.506782567682,184.067178950132,168.51036337928,71.1231503334683,169.498418854063,133.765526647555,136.982704483971,49.6740481165816
2022-12-15 00:00:00,244.924236822734,192.717548316668,191.209146139916,83.4201709575439,175.1529122466,128.768721355508,125.744618604696,52.7644667047141
2022-12-16 00:00:00,214.385617130246,173.70651139246,164.042928320296,69.2944739212221,186.707868598129,111.839597755609,117.281826244055,42.4453760841054
2022-12-17 00:00:00,213.211720357114,136.180506600536,147.498995285868,51.4602186873281,208.104299030198,129.867322245833,146.268102166798,47.1553311479254
2022-12-18 00:00:00,182.203545738902,157.624152729507,170.206782211227,53.5300276921115,261.7176370328,139.366131806383,128.72049662209,44.89652492361
2022-12-19 00:00:00,193.106570798282,159.886437311898,132.932913859648,59.1550585267205,194.815422435235,125.769915926359,117.816836518706,44.2186212894024
2022-12-20 00:00:00,242.015515457706,146.392127308458,142.360199221804,61.33726732272,237.602843981487,176.531752252621,199.078062284284,70.740338297829
2022-12-21 00:00:00,189.876846031863,147.253743160106,141.065542193132,63.1573574961198,208.326250485831,113.574503757358,113.763415617972,46.815447234401
2022-12-22 00:00:00,192.131380122427,147.21479385301,141.78390203269,62.1657040092129,190.517202794547,88.3706911263287,90.8441782934871,35.3255562362209
2022-12-23 00:00:00,207.239429892571,151.993197468403,152.518301253625,68.271425585771,168.58089106433,65.9566858558722,89.8215012134602,28.1855122028311
2022-12-24 00:00:00,177.04187493939,86.6603223821595,81.2903846245325,30.7153529201214,122.880633713069,47.8458555642541,53.1778994910048,16.294977513873
2022-12-25 00:00:00,114.788233815509,50.4397288734423,50.5316247151311,23.5315838905121,155.990644589086,82.3527142492264,78.3082097466052,36.4449293227468
2022-12-26 00:00:00,96.0729207951649,76.9823587057288,74.9277083693599,52.9474289282375,97.0035298432703,56.1950688181604,53.1205493458622,36.7282329040453
2022-12-27 00:00:00,150.58743184035,117.687788620525,109.198420170169,72.0963632684764,146.896352866933,100.487305128415,100.242342369373,58.8749774725336
2022-12-28 00:00:00,148.237186814349,126.217494137233,123.540612211036,83.6059889634239,137.390788850871,95.9073587284354,120.880034481346,61.0548947201111
2022-12-29 00:00:00,163.571310104229,96.358774158334,84.9626289344654,66.3040801037052,149.033618315089,100.995075572947,109.356765457707,65.7855549259618
2022-12-30 00:00:00,163.341422575426,158.197001446705,147.189259401621,88.7642737074016,160.42375117412,80.2950958245401,73.9369964252722,42.862871586572
2022-12-31 00:00:00,264.610974371776,173.320644764319,193.833954522379,99.3801766295821,212.068190440297,75.1863444581137,72.8060281961454,41.425014540232
2023-01-01 00:00:00,266.017176778797,195.453949384589,186.132329617208,77.3768903142659,218.386902424721,88.6875384222438,102.555633211275,33.3050584887871
2023-01-02 00:00:00,166.206152975635,106.590958207932,92.7393398508439,65.2280113032279,124.487863298864,72.2508027662063,72.3421769108733,42.0150236262463
2023-01-03 00:00:00,257.253529393932,226.76427563467,191.534478475783,132.69005192633,208.70520079455,122.214290021046,111.765115472244,68.3948363648771
2023-01-04 00:00:00,313.963030500054,255.064519402326,246.8466857752,137.607000833864,212.05969583504,128.717770925006,134.50491873522,66.7390023467352
2023-01-05 00:00:00,452.633836955088,278.369792012965,277.492071920259,161.87819931043,231.232572746607,116.144336908889,114.101940761425,63.936028381747
2023-01-06 00:00:00,320.557541804273,198.521727305669,191.901061732228,107.173787515833,279.155454020503,120.44264373681,117.984250116592,61.8604534727341
2023-01-07 00:00:00,260.803622222542,111.420414491348,101.399416575462,61.5122654603175,424.136380880594,88.8565889050434,86.1775188826027,47.136878660683
2023-01-08 00:00:00,373.51726876475,340.468169895735,319.975103321072,188.699771218016,426.374428543502,145.700955979401,124.728298882138,76.6016345242102
2023-01-09 00:00:00,296.86532525706,254.633955718949,244.244657527807,136.150531529753,276.46006005332,176.613073428504,172.492639025968,89.7375144708236
2023-01-10 00:00:00,268.90612828634,261.209482060189,257.668499803692,150.254901108597,211.113337726794,176.531752252621,209.200506460271,97.1180915614262
2023-01-11 00:00:00,258.998680332936,247.175926018749,222.072302615754,157.057978958605,197.125914438206,123.670015202456,137.455847808117,75.5212152917086
2023-01-12 00:00:00,220.691450140626,198.070813547687,196.147218807888,128.124426118001,173.616483191805,108.569706240918,101.164719980705,66.4816005913769
2023-01-13 00:00:00,271.555115031645,254.355963110388,246.210597809222,145.097678785759,208.460241638687,126.178007724277,132.817200578327,68.4785400823567
2023-01-14 00:00:00,220.826424655583,198.080736873507,179.28095879876,115.358950126887,218.014027555446,123.032200022368,135.559414492872,68.8497033107171
2023-01-15 00:00:00,209.534077599738,201.758915493769,194.991990749068,126.495573130897,220.120131809044,152.035780152418,147.193323895862,90.420973272725
2023-01-16 00:00:00,243.064489611767,168.769017162559,157.345077823728,89.3487863164007,173.797990969193,93.6584480302674,91.8306217571179,47.1184566861108
2023-01-17 00:00:00,271.595189569203,238.246011109843,218.572593461763,151.986749303644,233.589282427746,195.542864033673,188.484905744892,119.305278471064
2023-01-18 00:00:00,312.297444131354,286.618892936634,264.199422276971,180.781301656435,182.938822111214,141.337160231379,161.53260837155,85.6753282721064
2023-01-19 00:00:00,315.891683534621,264.986628935419,287.073074207159,175.350158205297,189.74898826715,176.741382252657,179.854228667456,110.713812265244
2023-01-20 00:00:00,286.868373398092,282.273081012748,323.51675097543,179.579591570007,170.39358881771,83.1627778182737,72.5307038377381,50.3348511926752
2023-01-21 00:00:00,245.574213625605,154.750575682428,156.068178310853,88.0523595616508,255.670995951386,170.878055586622,158.085413164799,93.4263215423205
2023-01-22 00:00:00,244.152751290129,245.893678258031,247.017744818362,140.788396799484,239.185655036599,145.700955979401,130.016766009373,79.1339199630271
2023-01-23 00:00:00,270.925636642365,225.025356216746,209.658612397186,123.604236815408,160.055824241396,109.714181978313,103.802301386256,57.2681076680336
2023-01-24 00:00:00,269.802482047294,261.209482060189,262.248390181997,146.772171612703,195.059091511829,160.236513583149,166.260319948331,86.1100552025789
2023-01-25 00:00:00,300.63833955045,318.173266470943,295.742834733672,196.352524589684,175.471931412797,164.05206098285,155.904333193376,97.2982916142626
2023-01-26 00:00:00,285.600700181987,291.752955090511,291.08046997987,154.568279444212,184.371486575368,126.243844466184,124.586039658654,63.3135517117193
2023-01-27 00:00:00,303.202515655634,282.273081012748,265.556835349486,150.021460038298,164.95549555757,103.236551774409,102.363786245225,52.1999035071607
2023-01-28 00:00:00,224.633776804817,136.180506600536,146.266751523227,83.5696939839667,253.689050246337,150.372688916227,151.689517169521,88.6700724456205
2023-01-29 00:00:00,247.796822204907,208.063881602949,202.392434856333,142.01542716189,254.784719495507,190.044725190522,217.348011439674,123.048245648228
2023-01-30 00:00:00,321.844284663803,307.929434822915,314.781704833755,175.740402400107,189.156883194377,107.038226320306,119.667548890165,58.0507024623209
2023-01-31 00:00:00,302.071217441655,278.432085272949,248.542833020274,169.346724771457,203.086214619312,162.952386694727,184.38197407953,94.7885426323267
2023-02-01 00:00:00,258.165887148586,257.694050530185,263.304061352633,145.428125813434,210.566317695356,164.05206098285,158.799171466804,88.9767271998849
2023-02-02 00:00:00,284.735243514768,259.6333637044,252.598283168667,105.75900408051,207.417922397289,136.343352023479,134.955971365397,52.5741398270334
2023-02-03 00:00:00,282.784837833706,214.031237251424,206.65526543179,100.627243060346,197.584055118408,143.384099686679,146.778506080819,64.134496830379
2023-02-04 00:00:00,245.574213625605,216.650805955399,254.659071301585,97.2034204949462,257.652941656436,116.197077798903,150.899226290064,50.0945726505469
2023-02-05 00:00:00,253.262928577074,170.234084947868,177.745790600645,66.8200323009972,285.982848413325,133.031307633366,124.728298882138,49.5330189989043
2023-02-06 00:00:00,284.375845553688,281.281695270932,280.800406733986,129.713615282645,216.64121664997,152.529472506435,169.722060980875,66.8414750271738
2023-02-07 00:00:00,285.936849744475,321.488593304848,318.208340835747,124.837728081778,166.96416063564,127.646036244203,138.366756437402,47.4051166871739
2023-02-08 00:00:00,263.995439439038,228.769208123736,206.837603299274,97.1479862475676,200.112670717572,133.765526647555,144.106821521819,54.5922707023818
2023-02-09 00:00:00,252.713346827697,206.100711394214,213.523066682979,81.6423901735672,165.934337917831,95.9453217942997,96.6771531357814,35.978361403889
2023-02-10 00:00:00,211.322965456957,173.70651139246,162.257930715108,76.6168281242379,164.95549555757,117.574961743077,128.150639194761,49.3372799328132
2023-02-11 00:00:00,184.656579237858,198.080736873507,213.257407026308,85.7624847882107,233.869593195842,143.537566692762,191.144025096244,59.7165794021526
2023-02-12 00:00:00,174.915403909346,132.404288292786,131.366779241172,56.2754941430689,218.386902424721,95.0223625952612,90.8025839472206,38.3110335377152
2023-02-13 00:00:00,229.614280700444,201.338476614983,180.34437849291,88.2938051882325,195.623785183929,136.47373855839,156.805722738907,56.8722890199659
2023-02-14 00:00:00,205.265011258573,175.096465996391,175.874823863953,78.1907734369349,204.691639240808,160.236513583149,182.384143256972,68.4348333452074
2023-02-15 00:00:00,204.034330165818,194.585303461568,210.558013112917,94.8385644219331,157.551393736596,128.717770925006,164.070573302566,60.2926214382437
2023-02-16 00:00:00,210.305970134008,192.717548316668,175.280509874643,83.8404237079597,132.901113239745,98.4701986836234,102.144993542215,40.5525690913249
2023-02-17 00:00:00,227.6571077145,183.012217359913,169.935449695554,76.3899141733473,175.831682077849,111.839597755609,104.55759224239,44.4123569270274
2023-02-18 00:00:00,186.560255312475,129.990483573239,141.541534231881,54.2264025570121,186.302896274653,136.702444469298,166.773027132727,54.7961121854958
2023-02-19 00:00:00,198.601864855404,94.5744916377043,97.779161548376,39.4703336717738,169.856479663672,126.696483460348,145.762013013379,50.1582206156432
2023-02-20 00:00:00,195.988758422136,130.277837809695,123.221005187631,53.0814730521064,143.080206518824,88.3065367142521,84.7092064586753,34.1911289312885
2023-02-21 00:00:00,233.948331609116,155.003428914838,139.352760203435,65.106097667826,182.215694539857,138.509528690518,136.713946669673,55.6413437753868
2023-02-22 00:00:00,261.497059885987,205.103427973004,209.153297255105,86.2442906984829,218.033208393773,131.24164878628,149.594383656537,53.0371079779706
2023-02-23 00:00:00,251.847890160479,200.747446163196,206.904614218366,92.4573561446111,160.55683622605,98.4701986836234,108.596521343818,42.9316531446827
2023-02-24 00:00:00,277.680418378224,214.031237251424,223.432264703755,102.313733167503,196.677706241718,143.384099686679,138.257700621211,65.2093766655251
2023-02-25 00:00:00,188.463931387092,105.230391464051,128.039902414554,44.5228853988655,243.779321721089,136.702444469298,136.903104771202,55.5766835841496
2023-02-26 00:00:00,229.576467631017,189.148983275409,194.030369638867,84.8165098966272,272.117013338739,247.058142747679,230.903878186703,105.088776785008
2023-02-27 00:00:00,223.849905452734,192.455896764322,188.718459707933,87.9950168267583,219.874667644746,117.742048952336,112.17528046719,51.1571815449203
2023-02-28 00:00:00,253.668114350114,186.578201471564,175.002037499229,79.7502623732209,228.773008563256,133.077782467361,131.340049824031,54.4019381329361
2023-03-01 00:00:00,208.198296087569,186.696710077991,192.563298375346,74.8359876873249,194.885847228681,133.765526647555,136.087446090809,51.5310218779492
2023-03-02 00:00:00,233.673300148898,192.717548316668,205.276657340031,84.0521419496465,206.649707869892,138.868228912802,143.690921849567,57.3339384945014
2023-03-03 00:00:00,235.824178843271,173.70651139246,159.888299747261,76.2239213133443,241.088801199525,123.310325730544,107.59401922794,51.4786227891842
2023-03-04 00:00:00,270.322002595627,198.080736873507,223.975346812439,79.2898444268364,247.743213131188,136.702444469298,173.118926574205,52.5806359515809
2023-03-05 00:00:00,193.135758483237,138.709254401966,118.181778990232,56.1971378437887,291.182536566294,152.035780152418,151.405411359183,58.4299271733106
2023-03-06 00:00:00,233.457197532251,180.612456963441,171.296150071005,78.7754430395728,198.857236178704,115.066093294329,128.294851500361,47.6912478359148
2023-03-07 00:00:00,231.259270326252,232.505143372256,217.311101443211,99.6320585522792,268.90862410067,200.97461025683,190.413690382471,82.3654987873324
2023-03-08 00:00:00,199.870364244066,165.660461055119,149.759947272437,73.0612104710897,174.725242342955,103.478992312259,96.4856006819016,43.8602304852429
2023-03-09 00:00:00,224.153276809499,190.040915701159,192.189506964809,83.7305138554514,235.073645383594,161.592120916715,162.57577459286,67.3966297404751
2023-03-10 00:00:00,263.388043902874,170.604609403309,176.455694412027,68.2160844530723,290.937989417472,206.473103548817,217.368269702732,78.5437800434847
2023-03-11 00:00:00,279.840382968712,185.700690818913,190.099633539906,76.3933490712161,537.107286068416,239.229277821271,328.296067833176,94.5650357107033
2023-03-12 00:00:00,335.25452415958,277.418508803933,314.708681556369,118.273360877389,575.432155595296,335.745681169923,317.22185836961,135.782161531209
2023-03-13 00:00:00,318.962097039948,304.968574872695,355.244039609996,122.095190588249,375.888678142673,305.058945012871,349.738286986176,116.058083504894
2023-03-14 00:00:00,288.625911027338,246.857312716223,278.060511249459,99.7374893020699,263.289637925432,157.52064047157,153.894487531563,60.8677855903298
2023-03-15 00:00:00,277.320130388642,223.510145868018,213.783333444377,103.636590485911,335.263392358918,234.720641098539,265.867715544316,104.596674902085
2023-03-16 00:00:00,261.367913499879,214.130609240742,222.268658421358,90.4228421952187,281.934731554834,156.542367138068,172.462495062262,62.5766996184485
2023-03-17 00:00:00,280.743070051513,226.438845208028,212.17607775689,97.6113278063563,314.503060211411,220.811513517485,225.461154240304,90.5572633330914
2023-03-18 00:00:00,268.41832652101,222.840828982696,220.51268813978,95.0965483265828,344.858552678614,280.24001116206,323.162076466842,114.914375497054
2023-03-19 00:00:00,296.991779554411,163.929118838687,154.753088213039,70.7596926801145,313.714518562496,183.709901017505,235.611118201495,75.2217053095658
2023-03-20 00:00:00,451.542727737275,352.34233407622,340.298957227344,143.561256663651,341.129079948834,238.16005356268,241.024307449934,92.212438632869
2023-03-21 00:00:00,356.748796859877,278.432085272949,261.290360355081,115.520137435786,285.765582626383,200.97461025683,210.035935742476,79.7475244982484
2023-03-22 00:00:00,338.114032846212,328.691390982379,331.388352759875,143.487271665121,272.541510492216,219.577373930892,214.85841841193,92.1219996469977
2023-03-23 00:00:00,327.142620208457,267.663261550928,278.015484047594,113.028552744023,225.855071054826,176.741382252657,170.197965606131,70.6511124724418
2023-03-24 00:00:00,290.951908962477,217.133139240575,211.154013643131,91.5250286705797,283.687198403953,172.060919624015,216.660510708595,68.999872451994
2023-03-25 00:00:00,304.588171938735,247.600921091884,252.231308017126,106.273599285969,346.840498383663,211.888788927411,221.632338345589,87.3887130172156
2023-03-26 00:00:00,324.322311415246,195.453949384589,234.740652382562,82.3158407598573,389.976611472715,234.388494401644,233.997433142432,93.6388422557083
2023-03-27 00:00:00,275.729282682123,236.868796017627,237.887441501091,88.8628177816573,291.818952278505,179.289029086512,207.249476341446,63.9166650537932
2023-03-28 00:00:00,291.314972310201,221.023407897083,220.177697519564,104.765181370305,273.724897965159,141.225401802097,159.639220418836,64.0219821466385
2023-03-29 00:00:00,277.320130388642,215.62155248444,202.373404759427,89.3530592595208,249.394149327124,181.719206011772,190.917966906819,72.3717058696054
2023-03-30 00:00:00,283.004330180332,190.040915701159,172.752108860287,85.6980716222897,198.199348068521,88.3706911263287,90.3618979906039,37.723635771839
2023-03-31 00:00:00,270.534231140549,189.216021338215,189.580248202513,70.2419851272258,232.931661309316,117.574961743077,129.922358323878,41.5246520909578
2023-04-01 00:00:00,306.491848013352,191.89071384621,197.02976710909,75.5895640544633,354.768281203861,239.229277821271,264.441212146809,90.5516654948644
2023-04-02 00:00:00,311.568063213523,220.67381382131,217.602984479551,89.1438828505367,311.981289178172,145.700955979401,148.483316322446,55.832095134264
2023-04-03 00:00:00,294.943866841156,236.868796017627,219.592626601369,94.8312159908731,269.993158063769,152.529472506435,159.751161787049,58.0290417524469
2023-04-04 00:00:00,256.357175632977,140.651259570871,157.270661225345,65.3901729798216,238.405556292235,133.077782467361,125.033848307212,59.1714231199332
2023-04-05 00:00:00,268.992198545139,207.732959100863,198.71527286343,90.4537933682644,193.392469088997,106.002870173534,102.483079865131,44.3598146383495
2023-04-06 00:00:00,259.637000165442,238.220302780326,226.424285243965,95.9056491476736,205.881493342494,113.619460019565,117.641489957796,43.3011563454976
2023-04-07 00:00:00,199.0723587638,158.197001446705,151.211948539948,64.3066590991864,155.892006790671,94.633505793208,100.435573912593,36.597794580832
2023-04-08 00:00:00,285.551411192564,191.89071384621,189.803559771184,83.5696939839667,247.743213131188,129.867322245833,128.542135669796,54.3461734344126
2023-04-09 00:00:00,251.440893119685,145.014220511147,170.644060666999,56.920768256405,258.251178264154,171.04025267147,185.586892543801,63.6853101414483
2023-04-10 00:00:00,213.281884165266,162.847297262119,160.048467174874,69.5198337386672,224.72484413691,147.17756119042,154.586777621364,59.7059943760343
2023-04-11 00:00:00,264.424359481567,172.226032127597,193.944484388271,76.3065374464801,220.745885455774,138.509528690518,151.229867254144,58.6921746351339
2023-04-12 00:00:00,312.297444131354,255.064519402326,256.074128912821,107.252515355806,195.632536298522,148.908793815202,144.771382395372,60.1767186673128
2023-04-13 00:00:00,255.309716829352,144.538161237501,128.232224207698,62.0982242762314,189.74898826715,113.619460019565,111.838796094285,46.2094429657175
2023-04-14 00:00:00,298.098096200152,158.197001446705,148.727297661534,65.552308670115,230.212614679246,97.5011877869415,99.2364081910081,38.4372170834272
2023-04-15 00:00:00,283.647735117947,179.510667791616,199.935571191891,75.0950207912265,269.544615886733,129.867322245833,136.903104771202,52.2029440595343
2023-04-16 00:00:00,236.864609460573,163.929118838687,180.34945565179,69.8888041548208,258.251178264154,145.700955979401,131.719272156518,58.9243342493925
2023-04-17 00:00:00,253.632510899235,204.299336565203,187.739089708655,66.5594197660637,212.599402906501,104.362270662298,107.12522820755,32.309798870476
2023-04-18 00:00:00,274.284250852066,212.412106290703,199.640944854269,62.9051740636457,276.133034897404,173.815879141043,178.567343859143,49.230489157732
2023-04-19 00:00:00,255.667507595535,207.732959100863,196.258403462281,87.3499867330789,228.486855371557,133.765526647555,149.241584099004,54.0570523621624
2023-04-20 00:00:00,270.887936839278,230.190404933798,235.194482467331,103.532976932768,197.431133541123,106.044829351594,97.5226161666404,45.1504765644199
2023-04-21 00:00:00,217.448268803536,99.2608636528343,86.6388127454875,,175.831682077849,65.9566858558722,70.7226666356461,
